PAIR  0 ->  1 :      0 differing bytes  units=[]
PAIR  1 ->  2 :      0 differing bytes  units=[]
PAIR  2 ->  3 :      0 differing bytes  units=[]
PAIR  3 ->  4 :     63 differing bytes  units=[0, 1, 2, 3, 4, 5, 6, 7, 8]
      u0 [102608..102612) cell 102608  cold=0.00523598 warm=0.0113981
      u0 [102656..102659) cell 102656  cold=0.795497 warm=1
      u1 [102608..102612) cell 102608  cold=0.00523598 warm=0.0113981
      u1 [102656..102659) cell 102656  cold=0.795497 warm=1
      u2 [102608..102612) cell 102608  cold=0.00523598 warm=0.0113981
      u2 [102656..102659) cell 102656  cold=0.795497 warm=1
      u3 [102608..102612) cell 102608  cold=0.00523598 warm=0.0113981
      u3 [102656..102659) cell 102656  cold=0.795497 warm=1
      u4 [102608..102612) cell 102608  cold=0.00523598 warm=0.0113981
      u4 [102656..102659) cell 102656  cold=0.795497 warm=1
      u5 [102608..102612) cell 102608  cold=0.00523598 warm=0.0113981
      u5 [102656..102659) cell 102656  cold=0.795497 warm=1
      u6 [102608..102612) cell 102608  cold=0.00523598 warm=0.0113981
      u6 [102656..102659) cell 102656  cold=0.795497 warm=1
      u7 [102608..102612) cell 102608  cold=0.00523598 warm=0.0113981
      u7 [102656..102659) cell 102656  cold=0.795497 warm=1
      u8 [102608..102612) cell 102608  cold=0.00523598 warm=0.0113981
      u8 [102656..102659) cell 102656  cold=0.795497 warm=1
PAIR  4 ->  5 :    612 differing bytes  units=[0, 1, 2, 3, 4, 5, 6, 7, 8]
      u0 [102528..102531) cell 102528  cold=0.337255 warm=0.239216
      u0 [4297584..4297588) cell 4297584  cold=0 warm=0.946161
      u0 [4297600..4297604) cell 4297600  cold=0 warm=0.151557
      u0 [4297648..4297652) cell 4297648  cold=0 warm=1.37884
      u0 [4297664..4297668) cell 4297664  cold=0 warm=-0.530399
      u0 [4297682..4297684) cell 4297680  cold=0 warm=1
      u0 [4297696..4297700) cell 4297696  cold=0 warm=0.205802
      u0 [4297712..4297716) cell 4297712  cold=0 warm=1.41443
      u0 ... 15 more runs
      u1 [102528..102531) cell 102528  cold=0.337255 warm=0.239216
      u1 [4297584..4297588) cell 4297584  cold=0 warm=0.946161
      u1 [4297600..4297604) cell 4297600  cold=0 warm=0.151557
      u1 [4297648..4297652) cell 4297648  cold=0 warm=1.37884
      u1 [4297664..4297668) cell 4297664  cold=0 warm=-0.530399
      u1 [4297682..4297684) cell 4297680  cold=0 warm=1
      u1 [4297696..4297700) cell 4297696  cold=0 warm=0.205802
      u1 [4297712..4297716) cell 4297712  cold=0 warm=1.41443
      u1 ... 15 more runs
      u2 [102528..102531) cell 102528  cold=0.337255 warm=0.239216
      u2 [4297584..4297588) cell 4297584  cold=0 warm=0.946161
      u2 [4297600..4297604) cell 4297600  cold=0 warm=0.151557
      u2 [4297648..4297652) cell 4297648  cold=0 warm=1.37884
      u2 [4297664..4297668) cell 4297664  cold=0 warm=-0.530399
      u2 [4297682..4297684) cell 4297680  cold=0 warm=1
      u2 [4297696..4297700) cell 4297696  cold=0 warm=0.205802
      u2 [4297712..4297716) cell 4297712  cold=0 warm=1.41443
      u2 ... 15 more runs
      u3 [102528..102531) cell 102528  cold=0.337255 warm=0.239216
      u3 [4297584..4297588) cell 4297584  cold=0 warm=0.946161
      u3 [4297600..4297604) cell 4297600  cold=0 warm=0.151557
      u3 [4297648..4297652) cell 4297648  cold=0 warm=1.37884
      u3 [4297664..4297668) cell 4297664  cold=0 warm=-0.530399
      u3 [4297682..4297684) cell 4297680  cold=0 warm=1
      u3 [4297696..4297700) cell 4297696  cold=0 warm=0.205802
      u3 [4297712..4297716) cell 4297712  cold=0 warm=1.41443
      u3 ... 15 more runs
      u4 [102528..102531) cell 102528  cold=0.337255 warm=0.239216
      u4 [4297584..4297588) cell 4297584  cold=0 warm=0.946161
      u4 [4297600..4297604) cell 4297600  cold=0 warm=0.151557
      u4 [4297648..4297652) cell 4297648  cold=0 warm=1.37884
      u4 [4297664..4297668) cell 4297664  cold=0 warm=-0.530399
      u4 [4297682..4297684) cell 4297680  cold=0 warm=1
      u4 [4297696..4297700) cell 4297696  cold=0 warm=0.205802
      u4 [4297712..4297716) cell 4297712  cold=0 warm=1.41443
      u4 ... 15 more runs
      u5 [102528..102531) cell 102528  cold=0.337255 warm=0.239216
      u5 [4297584..4297588) cell 4297584  cold=0 warm=0.946161
      u5 [4297600..4297604) cell 4297600  cold=0 warm=0.151557
      u5 [4297648..4297652) cell 4297648  cold=0 warm=1.37884
      u5 [4297664..4297668) cell 4297664  cold=0 warm=-0.530399
      u5 [4297682..4297684) cell 4297680  cold=0 warm=1
      u5 [4297696..4297700) cell 4297696  cold=0 warm=0.205802
      u5 [4297712..4297716) cell 4297712  cold=0 warm=1.41443
      u5 ... 15 more runs
      u6 [102528..102531) cell 102528  cold=0.337255 warm=0.239216
      u6 [4297584..4297588) cell 4297584  cold=0 warm=0.946161
      u6 [4297600..4297604) cell 4297600  cold=0 warm=0.151557
      u6 [4297648..4297652) cell 4297648  cold=0 warm=1.37884
      u6 [4297664..4297668) cell 4297664  cold=0 warm=-0.530399
      u6 [4297682..4297684) cell 4297680  cold=0 warm=1
      u6 [4297696..4297700) cell 4297696  cold=0 warm=0.205802
      u6 [4297712..4297716) cell 4297712  cold=0 warm=1.41443
      u6 ... 15 more runs
      u7 [102528..102531) cell 102528  cold=0.337255 warm=0.239216
      u7 [4297584..4297588) cell 4297584  cold=0 warm=0.946161
      u7 [4297600..4297604) cell 4297600  cold=0 warm=0.151557
      u7 [4297648..4297652) cell 4297648  cold=0 warm=1.37884
      u7 [4297664..4297668) cell 4297664  cold=0 warm=-0.530399
      u7 [4297682..4297684) cell 4297680  cold=0 warm=1
      u7 [4297696..4297700) cell 4297696  cold=0 warm=0.205802
      u7 [4297712..4297716) cell 4297712  cold=0 warm=1.41443
      u7 ... 15 more runs
      u8 [102528..102531) cell 102528  cold=0.337255 warm=0.239216
      u8 [4297584..4297588) cell 4297584  cold=0 warm=0.946161
      u8 [4297600..4297604) cell 4297600  cold=0 warm=0.151557
      u8 [4297648..4297652) cell 4297648  cold=0 warm=1.37884
      u8 [4297664..4297668) cell 4297664  cold=0 warm=-0.530399
      u8 [4297682..4297684) cell 4297680  cold=0 warm=1
      u8 [4297696..4297700) cell 4297696  cold=0 warm=0.205802
      u8 [4297712..4297716) cell 4297712  cold=0 warm=1.41443
      u8 ... 15 more runs
PAIR  5 ->  6 :   1116 differing bytes  units=[0, 1, 2, 3, 4, 5, 6, 7, 8]
      u0 [6497168..6497172) cell 6497168  cold=0 warm=0.336334
      u0 [6497184..6497188) cell 6497184  cold=0 warm=0.151557
      u0 [6497232..6497236) cell 6497232  cold=0 warm=1.37884
      u0 [6497248..6497252) cell 6497248  cold=0 warm=-0.530399
      u0 [6497266..6497268) cell 6497264  cold=0 warm=1
      u0 [6497280..6497284) cell 6497280  cold=0 warm=0.205802
      u0 [6497296..6497300) cell 6497296  cold=0 warm=1.41443
      u0 [6497314..6497316) cell 6497312  cold=0 warm=1
      u0 ... 34 more runs
      u1 [6497168..6497172) cell 6497168  cold=0 warm=0.336334
      u1 [6497184..6497188) cell 6497184  cold=0 warm=0.151557
      u1 [6497232..6497236) cell 6497232  cold=0 warm=1.37884
      u1 [6497248..6497252) cell 6497248  cold=0 warm=-0.530399
      u1 [6497266..6497268) cell 6497264  cold=0 warm=1
      u1 [6497280..6497284) cell 6497280  cold=0 warm=0.205802
      u1 [6497296..6497300) cell 6497296  cold=0 warm=1.41443
      u1 [6497314..6497316) cell 6497312  cold=0 warm=1
      u1 ... 34 more runs
      u2 [6497168..6497172) cell 6497168  cold=0 warm=0.336334
      u2 [6497184..6497188) cell 6497184  cold=0 warm=0.151557
      u2 [6497232..6497236) cell 6497232  cold=0 warm=1.37884
      u2 [6497248..6497252) cell 6497248  cold=0 warm=-0.530399
      u2 [6497266..6497268) cell 6497264  cold=0 warm=1
      u2 [6497280..6497284) cell 6497280  cold=0 warm=0.205802
      u2 [6497296..6497300) cell 6497296  cold=0 warm=1.41443
      u2 [6497314..6497316) cell 6497312  cold=0 warm=1
      u2 ... 34 more runs
      u3 [6497168..6497172) cell 6497168  cold=0 warm=0.336334
      u3 [6497184..6497188) cell 6497184  cold=0 warm=0.151557
      u3 [6497232..6497236) cell 6497232  cold=0 warm=1.37884
      u3 [6497248..6497252) cell 6497248  cold=0 warm=-0.530399
      u3 [6497266..6497268) cell 6497264  cold=0 warm=1
      u3 [6497280..6497284) cell 6497280  cold=0 warm=0.205802
      u3 [6497296..6497300) cell 6497296  cold=0 warm=1.41443
      u3 [6497314..6497316) cell 6497312  cold=0 warm=1
      u3 ... 34 more runs
      u4 [6497168..6497172) cell 6497168  cold=0 warm=0.336334
      u4 [6497184..6497188) cell 6497184  cold=0 warm=0.151557
      u4 [6497232..6497236) cell 6497232  cold=0 warm=1.37884
      u4 [6497248..6497252) cell 6497248  cold=0 warm=-0.530399
      u4 [6497266..6497268) cell 6497264  cold=0 warm=1
      u4 [6497280..6497284) cell 6497280  cold=0 warm=0.205802
      u4 [6497296..6497300) cell 6497296  cold=0 warm=1.41443
      u4 [6497314..6497316) cell 6497312  cold=0 warm=1
      u4 ... 34 more runs
      u5 [6497168..6497172) cell 6497168  cold=0 warm=0.336334
      u5 [6497184..6497188) cell 6497184  cold=0 warm=0.151557
      u5 [6497232..6497236) cell 6497232  cold=0 warm=1.37884
      u5 [6497248..6497252) cell 6497248  cold=0 warm=-0.530399
      u5 [6497266..6497268) cell 6497264  cold=0 warm=1
      u5 [6497280..6497284) cell 6497280  cold=0 warm=0.205802
      u5 [6497296..6497300) cell 6497296  cold=0 warm=1.41443
      u5 [6497314..6497316) cell 6497312  cold=0 warm=1
      u5 ... 34 more runs
      u6 [6497168..6497172) cell 6497168  cold=0 warm=0.336334
      u6 [6497184..6497188) cell 6497184  cold=0 warm=0.151557
      u6 [6497232..6497236) cell 6497232  cold=0 warm=1.37884
      u6 [6497248..6497252) cell 6497248  cold=0 warm=-0.530399
      u6 [6497266..6497268) cell 6497264  cold=0 warm=1
      u6 [6497280..6497284) cell 6497280  cold=0 warm=0.205802
      u6 [6497296..6497300) cell 6497296  cold=0 warm=1.41443
      u6 [6497314..6497316) cell 6497312  cold=0 warm=1
      u6 ... 34 more runs
      u7 [6497168..6497172) cell 6497168  cold=0 warm=0.336334
      u7 [6497184..6497188) cell 6497184  cold=0 warm=0.151557
      u7 [6497232..6497236) cell 6497232  cold=0 warm=1.37884
      u7 [6497248..6497252) cell 6497248  cold=0 warm=-0.530399
      u7 [6497266..6497268) cell 6497264  cold=0 warm=1
      u7 [6497280..6497284) cell 6497280  cold=0 warm=0.205802
      u7 [6497296..6497300) cell 6497296  cold=0 warm=1.41443
      u7 [6497314..6497316) cell 6497312  cold=0 warm=1
      u7 ... 34 more runs
      u8 [6497168..6497172) cell 6497168  cold=0 warm=0.336334
      u8 [6497184..6497188) cell 6497184  cold=0 warm=0.151557
      u8 [6497232..6497236) cell 6497232  cold=0 warm=1.37884
      u8 [6497248..6497252) cell 6497248  cold=0 warm=-0.530399
      u8 [6497266..6497268) cell 6497264  cold=0 warm=1
      u8 [6497280..6497284) cell 6497280  cold=0 warm=0.205802
      u8 [6497296..6497300) cell 6497296  cold=0 warm=1.41443
      u8 [6497314..6497316) cell 6497312  cold=0 warm=1
      u8 ... 34 more runs
PAIR  6 ->  7 :    126 differing bytes  units=[0, 1, 2, 3, 4, 5, 6, 7, 8]
      u0 [91200..91204) cell 91200  cold=0.0025098 warm=0.00192157
      u0 [102560..102563) cell 102560  cold=0.423529 warm=0.402353
      u0 [102608..102612) cell 102608  cold=0.00523598 warm=0.0113981
      u0 [102656..102659) cell 102656  cold=0.795497 warm=1
      u1 [91200..91204) cell 91200  cold=0.0025098 warm=0.00192157
      u1 [102560..102563) cell 102560  cold=0.423529 warm=0.402353
      u1 [102608..102612) cell 102608  cold=0.00523598 warm=0.0113981
      u1 [102656..102659) cell 102656  cold=0.795497 warm=1
      u2 [91200..91204) cell 91200  cold=0.0025098 warm=0.00192157
      u2 [102560..102563) cell 102560  cold=0.423529 warm=0.402353
      u2 [102608..102612) cell 102608  cold=0.00523598 warm=0.0113981
      u2 [102656..102659) cell 102656  cold=0.795497 warm=1
      u3 [91200..91204) cell 91200  cold=0.0025098 warm=0.00192157
      u3 [102560..102563) cell 102560  cold=0.423529 warm=0.402353
      u3 [102608..102612) cell 102608  cold=0.00523598 warm=0.0113981
      u3 [102656..102659) cell 102656  cold=0.795497 warm=1
      u4 [91200..91204) cell 91200  cold=0.0025098 warm=0.00192157
      u4 [102560..102563) cell 102560  cold=0.423529 warm=0.402353
      u4 [102608..102612) cell 102608  cold=0.00523598 warm=0.0113981
      u4 [102656..102659) cell 102656  cold=0.795497 warm=1
      u5 [91200..91204) cell 91200  cold=0.0025098 warm=0.00192157
      u5 [102560..102563) cell 102560  cold=0.423529 warm=0.402353
      u5 [102608..102612) cell 102608  cold=0.00523598 warm=0.0113981
      u5 [102656..102659) cell 102656  cold=0.795497 warm=1
      u6 [91200..91204) cell 91200  cold=0.0025098 warm=0.00192157
      u6 [102560..102563) cell 102560  cold=0.423529 warm=0.402353
      u6 [102608..102612) cell 102608  cold=0.00523598 warm=0.0113981
      u6 [102656..102659) cell 102656  cold=0.795497 warm=1
      u7 [91200..91204) cell 91200  cold=0.0025098 warm=0.00192157
      u7 [102560..102563) cell 102560  cold=0.423529 warm=0.402353
      u7 [102608..102612) cell 102608  cold=0.00523598 warm=0.0113981
      u7 [102656..102659) cell 102656  cold=0.795497 warm=1
      u8 [91200..91204) cell 91200  cold=0.0025098 warm=0.00192157
      u8 [102560..102563) cell 102560  cold=0.423529 warm=0.402353
      u8 [102608..102612) cell 102608  cold=0.00523598 warm=0.0113981
      u8 [102656..102659) cell 102656  cold=0.795497 warm=1
PAIR  7 ->  8 :    180 differing bytes  units=[0, 1, 2, 3, 4, 5, 6, 7, 8]
      u0 [96352..96356) cell 96352  cold=0 warm=5.98869e-05
      u0 [96384..96388) cell 96384  cold=0 warm=6.63937e-05
      u0 [96402..96404) cell 96400  cold=0 warm=1
      u0 [96418..96420) cell 96416  cold=0 warm=1
      u0 [102352..102356) cell 102352  cold=0.315306 warm=1.89244
      u0 [102528..102532) cell 102528  cold=0.054902 warm=0.45098
      u1 [96352..96356) cell 96352  cold=0 warm=5.98869e-05
      u1 [96384..96388) cell 96384  cold=0 warm=6.63937e-05
      u1 [96402..96404) cell 96400  cold=0 warm=1
      u1 [96418..96420) cell 96416  cold=0 warm=1
      u1 [102352..102356) cell 102352  cold=0.315306 warm=1.89244
      u1 [102528..102532) cell 102528  cold=0.054902 warm=0.45098
      u2 [96352..96356) cell 96352  cold=0 warm=5.98869e-05
      u2 [96384..96388) cell 96384  cold=0 warm=6.63937e-05
      u2 [96402..96404) cell 96400  cold=0 warm=1
      u2 [96418..96420) cell 96416  cold=0 warm=1
      u2 [102352..102356) cell 102352  cold=0.315306 warm=1.89244
      u2 [102528..102532) cell 102528  cold=0.054902 warm=0.45098
      u3 [96352..96356) cell 96352  cold=0 warm=5.98869e-05
      u3 [96384..96388) cell 96384  cold=0 warm=6.63937e-05
      u3 [96402..96404) cell 96400  cold=0 warm=1
      u3 [96418..96420) cell 96416  cold=0 warm=1
      u3 [102352..102356) cell 102352  cold=0.315306 warm=1.89244
      u3 [102528..102532) cell 102528  cold=0.054902 warm=0.45098
      u4 [96352..96356) cell 96352  cold=0 warm=5.98869e-05
      u4 [96384..96388) cell 96384  cold=0 warm=6.63937e-05
      u4 [96402..96404) cell 96400  cold=0 warm=1
      u4 [96418..96420) cell 96416  cold=0 warm=1
      u4 [102352..102356) cell 102352  cold=0.315306 warm=1.89244
      u4 [102528..102532) cell 102528  cold=0.054902 warm=0.45098
      u5 [96352..96356) cell 96352  cold=0 warm=5.98869e-05
      u5 [96384..96388) cell 96384  cold=0 warm=6.63937e-05
      u5 [96402..96404) cell 96400  cold=0 warm=1
      u5 [96418..96420) cell 96416  cold=0 warm=1
      u5 [102352..102356) cell 102352  cold=0.315306 warm=1.89244
      u5 [102528..102532) cell 102528  cold=0.054902 warm=0.45098
      u6 [96352..96356) cell 96352  cold=0 warm=5.98869e-05
      u6 [96384..96388) cell 96384  cold=0 warm=6.63937e-05
      u6 [96402..96404) cell 96400  cold=0 warm=1
      u6 [96418..96420) cell 96416  cold=0 warm=1
      u6 [102352..102356) cell 102352  cold=0.315306 warm=1.89244
      u6 [102528..102532) cell 102528  cold=0.054902 warm=0.45098
      u7 [96352..96356) cell 96352  cold=0 warm=5.98869e-05
      u7 [96384..96388) cell 96384  cold=0 warm=6.63937e-05
      u7 [96402..96404) cell 96400  cold=0 warm=1
      u7 [96418..96420) cell 96416  cold=0 warm=1
      u7 [102352..102356) cell 102352  cold=0.315306 warm=1.89244
      u7 [102528..102532) cell 102528  cold=0.054902 warm=0.45098
      u8 [96352..96356) cell 96352  cold=0 warm=5.98869e-05
      u8 [96384..96388) cell 96384  cold=0 warm=6.63937e-05
      u8 [96402..96404) cell 96400  cold=0 warm=1
      u8 [96418..96420) cell 96416  cold=0 warm=1
      u8 [102352..102356) cell 102352  cold=0.315306 warm=1.89244
      u8 [102528..102532) cell 102528  cold=0.054902 warm=0.45098
PAIR  8 ->  9 :     72 differing bytes  units=[0, 1, 2, 3, 4, 5, 6, 7, 8]
      u0 [102352..102356) cell 102352  cold=1.89244 warm=0.315306
      u0 [102528..102532) cell 102528  cold=0.188235 warm=0.054902
      u1 [102352..102356) cell 102352  cold=1.89244 warm=0.315306
      u1 [102528..102532) cell 102528  cold=0.188235 warm=0.054902
      u2 [102352..102356) cell 102352  cold=1.89244 warm=0.315306
      u2 [102528..102532) cell 102528  cold=0.188235 warm=0.054902
      u3 [102352..102356) cell 102352  cold=1.89244 warm=0.315306
      u3 [102528..102532) cell 102528  cold=0.188235 warm=0.054902
      u4 [102352..102356) cell 102352  cold=1.89244 warm=0.315306
      u4 [102528..102532) cell 102528  cold=0.188235 warm=0.054902
      u5 [102352..102356) cell 102352  cold=1.89244 warm=0.315306
      u5 [102528..102532) cell 102528  cold=0.188235 warm=0.054902
      u6 [102352..102356) cell 102352  cold=1.89244 warm=0.315306
      u6 [102528..102532) cell 102528  cold=0.188235 warm=0.054902
      u7 [102352..102356) cell 102352  cold=1.89244 warm=0.315306
      u7 [102528..102532) cell 102528  cold=0.188235 warm=0.054902
      u8 [102352..102356) cell 102352  cold=1.89244 warm=0.315306
      u8 [102528..102532) cell 102528  cold=0.188235 warm=0.054902
PAIR  9 -> 10 :    153 differing bytes  units=[0, 1, 2, 3, 4, 5, 6, 7, 8]
      u0 [86290..86292) cell 86288  cold=0 warm=1
      u0 [86304..86306) cell 86304  cold=0 warm=8.03137
      u0 [86307..86308) cell 86304  cold=0 warm=8.03137
      u0 [86322..86324) cell 86320  cold=0 warm=1
      u0 [87056..87060) cell 87056  cold=0 warm=0.92126
      u0 [102353..102355) cell 102352  cold=0.946161 warm=1.89244
      u0 [102528..102532) cell 102528  cold=0.0392157 warm=0.188235
      u1 [86290..86292) cell 86288  cold=0 warm=1
      u1 [86304..86306) cell 86304  cold=0 warm=8.03137
      u1 [86307..86308) cell 86304  cold=0 warm=8.03137
      u1 [86322..86324) cell 86320  cold=0 warm=1
      u1 [87056..87060) cell 87056  cold=0 warm=0.92126
      u1 [102353..102355) cell 102352  cold=0.946161 warm=1.89244
      u1 [102528..102532) cell 102528  cold=0.0392157 warm=0.188235
      u2 [86290..86292) cell 86288  cold=0 warm=1
      u2 [86304..86306) cell 86304  cold=0 warm=8.03137
      u2 [86307..86308) cell 86304  cold=0 warm=8.03137
      u2 [86322..86324) cell 86320  cold=0 warm=1
      u2 [87056..87060) cell 87056  cold=0 warm=0.92126
      u2 [102353..102355) cell 102352  cold=0.946161 warm=1.89244
      u2 [102528..102532) cell 102528  cold=0.0392157 warm=0.188235
      u3 [86290..86292) cell 86288  cold=0 warm=1
      u3 [86304..86306) cell 86304  cold=0 warm=8.03137
      u3 [86307..86308) cell 86304  cold=0 warm=8.03137
      u3 [86322..86324) cell 86320  cold=0 warm=1
      u3 [87056..87060) cell 87056  cold=0 warm=0.92126
      u3 [102353..102355) cell 102352  cold=0.946161 warm=1.89244
      u3 [102528..102532) cell 102528  cold=0.0392157 warm=0.188235
      u4 [86290..86292) cell 86288  cold=0 warm=1
      u4 [86304..86306) cell 86304  cold=0 warm=8.03137
      u4 [86307..86308) cell 86304  cold=0 warm=8.03137
      u4 [86322..86324) cell 86320  cold=0 warm=1
      u4 [87056..87060) cell 87056  cold=0 warm=0.92126
      u4 [102353..102355) cell 102352  cold=0.946161 warm=1.89244
      u4 [102528..102532) cell 102528  cold=0.0392157 warm=0.188235
      u5 [86290..86292) cell 86288  cold=0 warm=1
      u5 [86304..86306) cell 86304  cold=0 warm=8.03137
      u5 [86307..86308) cell 86304  cold=0 warm=8.03137
      u5 [86322..86324) cell 86320  cold=0 warm=1
      u5 [87056..87060) cell 87056  cold=0 warm=0.92126
      u5 [102353..102355) cell 102352  cold=0.946161 warm=1.89244
      u5 [102528..102532) cell 102528  cold=0.0392157 warm=0.188235
      u6 [86290..86292) cell 86288  cold=0 warm=1
      u6 [86304..86306) cell 86304  cold=0 warm=8.03137
      u6 [86307..86308) cell 86304  cold=0 warm=8.03137
      u6 [86322..86324) cell 86320  cold=0 warm=1
      u6 [87056..87060) cell 87056  cold=0 warm=0.92126
      u6 [102353..102355) cell 102352  cold=0.946161 warm=1.89244
      u6 [102528..102532) cell 102528  cold=0.0392157 warm=0.188235
      u7 [86290..86292) cell 86288  cold=0 warm=1
      u7 [86304..86306) cell 86304  cold=0 warm=8.03137
      u7 [86307..86308) cell 86304  cold=0 warm=8.03137
      u7 [86322..86324) cell 86320  cold=0 warm=1
      u7 [87056..87060) cell 87056  cold=0 warm=0.92126
      u7 [102353..102355) cell 102352  cold=0.946161 warm=1.89244
      u7 [102528..102532) cell 102528  cold=0.0392157 warm=0.188235
      u8 [86290..86292) cell 86288  cold=0 warm=1
      u8 [86304..86306) cell 86304  cold=0 warm=8.03137
      u8 [86307..86308) cell 86304  cold=0 warm=8.03137
      u8 [86322..86324) cell 86320  cold=0 warm=1
      u8 [87056..87060) cell 87056  cold=0 warm=0.92126
      u8 [102353..102355) cell 102352  cold=0.946161 warm=1.89244
      u8 [102528..102532) cell 102528  cold=0.0392157 warm=0.188235
PAIR 10 -> 11 :    657 differing bytes  units=[0, 1, 2, 3, 4, 5, 6, 7, 8]
      u0 [102352..102356) cell 102352  cold=0.420448 warm=0.946161
      u0 [102528..102532) cell 102528  cold=0.231373 warm=0.0392157
      u0 [4297584..4297588) cell 4297584  cold=0 warm=0.420448
      u0 [4297600..4297604) cell 4297600  cold=0 warm=0.151557
      u0 [4297648..4297652) cell 4297648  cold=0 warm=1.37884
      u0 [4297664..4297668) cell 4297664  cold=0 warm=-0.530399
      u0 [4297682..4297684) cell 4297680  cold=0 warm=1
      u0 [4297696..4297700) cell 4297696  cold=0 warm=0.205802
      u0 ... 16 more runs
      u1 [102352..102356) cell 102352  cold=0.420448 warm=0.946161
      u1 [102528..102532) cell 102528  cold=0.231373 warm=0.0392157
      u1 [4297584..4297588) cell 4297584  cold=0 warm=0.420448
      u1 [4297600..4297604) cell 4297600  cold=0 warm=0.151557
      u1 [4297648..4297652) cell 4297648  cold=0 warm=1.37884
      u1 [4297664..4297668) cell 4297664  cold=0 warm=-0.530399
      u1 [4297682..4297684) cell 4297680  cold=0 warm=1
      u1 [4297696..4297700) cell 4297696  cold=0 warm=0.205802
      u1 ... 16 more runs
      u2 [102352..102356) cell 102352  cold=0.420448 warm=0.946161
      u2 [102528..102532) cell 102528  cold=0.231373 warm=0.0392157
      u2 [4297584..4297588) cell 4297584  cold=0 warm=0.420448
      u2 [4297600..4297604) cell 4297600  cold=0 warm=0.151557
      u2 [4297648..4297652) cell 4297648  cold=0 warm=1.37884
      u2 [4297664..4297668) cell 4297664  cold=0 warm=-0.530399
      u2 [4297682..4297684) cell 4297680  cold=0 warm=1
      u2 [4297696..4297700) cell 4297696  cold=0 warm=0.205802
      u2 ... 16 more runs
      u3 [102352..102356) cell 102352  cold=0.420448 warm=0.946161
      u3 [102528..102532) cell 102528  cold=0.231373 warm=0.0392157
      u3 [4297584..4297588) cell 4297584  cold=0 warm=0.420448
      u3 [4297600..4297604) cell 4297600  cold=0 warm=0.151557
      u3 [4297648..4297652) cell 4297648  cold=0 warm=1.37884
      u3 [4297664..4297668) cell 4297664  cold=0 warm=-0.530399
      u3 [4297682..4297684) cell 4297680  cold=0 warm=1
      u3 [4297696..4297700) cell 4297696  cold=0 warm=0.205802
      u3 ... 16 more runs
      u4 [102352..102356) cell 102352  cold=0.420448 warm=0.946161
      u4 [102528..102532) cell 102528  cold=0.231373 warm=0.0392157
      u4 [4297584..4297588) cell 4297584  cold=0 warm=0.420448
      u4 [4297600..4297604) cell 4297600  cold=0 warm=0.151557
      u4 [4297648..4297652) cell 4297648  cold=0 warm=1.37884
      u4 [4297664..4297668) cell 4297664  cold=0 warm=-0.530399
      u4 [4297682..4297684) cell 4297680  cold=0 warm=1
      u4 [4297696..4297700) cell 4297696  cold=0 warm=0.205802
      u4 ... 16 more runs
      u5 [102352..102356) cell 102352  cold=0.420448 warm=0.946161
      u5 [102528..102532) cell 102528  cold=0.231373 warm=0.0392157
      u5 [4297584..4297588) cell 4297584  cold=0 warm=0.420448
      u5 [4297600..4297604) cell 4297600  cold=0 warm=0.151557
      u5 [4297648..4297652) cell 4297648  cold=0 warm=1.37884
      u5 [4297664..4297668) cell 4297664  cold=0 warm=-0.530399
      u5 [4297682..4297684) cell 4297680  cold=0 warm=1
      u5 [4297696..4297700) cell 4297696  cold=0 warm=0.205802
      u5 ... 16 more runs
      u6 [102352..102356) cell 102352  cold=0.420448 warm=0.946161
      u6 [102528..102532) cell 102528  cold=0.231373 warm=0.0392157
      u6 [4297584..4297588) cell 4297584  cold=0 warm=0.420448
      u6 [4297600..4297604) cell 4297600  cold=0 warm=0.151557
      u6 [4297648..4297652) cell 4297648  cold=0 warm=1.37884
      u6 [4297664..4297668) cell 4297664  cold=0 warm=-0.530399
      u6 [4297682..4297684) cell 4297680  cold=0 warm=1
      u6 [4297696..4297700) cell 4297696  cold=0 warm=0.205802
      u6 ... 16 more runs
      u7 [102352..102356) cell 102352  cold=0.420448 warm=0.946161
      u7 [102528..102532) cell 102528  cold=0.231373 warm=0.0392157
      u7 [4297584..4297588) cell 4297584  cold=0 warm=0.420448
      u7 [4297600..4297604) cell 4297600  cold=0 warm=0.151557
      u7 [4297648..4297652) cell 4297648  cold=0 warm=1.37884
      u7 [4297664..4297668) cell 4297664  cold=0 warm=-0.530399
      u7 [4297682..4297684) cell 4297680  cold=0 warm=1
      u7 [4297696..4297700) cell 4297696  cold=0 warm=0.205802
      u7 ... 16 more runs
      u8 [102352..102356) cell 102352  cold=0.420448 warm=0.946161
      u8 [102528..102532) cell 102528  cold=0.231373 warm=0.0392157
      u8 [4297584..4297588) cell 4297584  cold=0 warm=0.420448
      u8 [4297600..4297604) cell 4297600  cold=0 warm=0.151557
      u8 [4297648..4297652) cell 4297648  cold=0 warm=1.37884
      u8 [4297664..4297668) cell 4297664  cold=0 warm=-0.530399
      u8 [4297682..4297684) cell 4297680  cold=0 warm=1
      u8 [4297696..4297700) cell 4297696  cold=0 warm=0.205802
      u8 ... 16 more runs
PAIR 11 -> 12 :    621 differing bytes  units=[0, 1, 2, 3, 4, 5, 6, 7, 8]
      u0 [6395312..6395316) cell 6395312  cold=0 warm=-0.494117
      u0 [6395330..6395332) cell 6395328  cold=0 warm=1
      u0 [6396128..6396132) cell 6396128  cold=0 warm=0.0267944
      u0 [6396163..6396164) cell 6396160  cold=0 warm=0.5
      u0 [6396176..6396180) cell 6396176  cold=0 warm=0.270588
      u0 [6396192..6396196) cell 6396192  cold=0 warm=0.515128
      u0 [6396208..6396212) cell 6396208  cold=0 warm=1.03026
      u0 [6396224..6396228) cell 6396224  cold=0 warm=0.515128
      u0 ... 15 more runs
      u1 [6395312..6395316) cell 6395312  cold=0 warm=-0.494117
      u1 [6395330..6395332) cell 6395328  cold=0 warm=1
      u1 [6396128..6396132) cell 6396128  cold=0 warm=0.0267944
      u1 [6396163..6396164) cell 6396160  cold=0 warm=0.5
      u1 [6396176..6396180) cell 6396176  cold=0 warm=0.270588
      u1 [6396192..6396196) cell 6396192  cold=0 warm=0.515128
      u1 [6396208..6396212) cell 6396208  cold=0 warm=1.03026
      u1 [6396224..6396228) cell 6396224  cold=0 warm=0.515128
      u1 ... 15 more runs
      u2 [6395312..6395316) cell 6395312  cold=0 warm=-0.494117
      u2 [6395330..6395332) cell 6395328  cold=0 warm=1
      u2 [6396128..6396132) cell 6396128  cold=0 warm=0.0267944
      u2 [6396163..6396164) cell 6396160  cold=0 warm=0.5
      u2 [6396176..6396180) cell 6396176  cold=0 warm=0.270588
      u2 [6396192..6396196) cell 6396192  cold=0 warm=0.515128
      u2 [6396208..6396212) cell 6396208  cold=0 warm=1.03026
      u2 [6396224..6396228) cell 6396224  cold=0 warm=0.515128
      u2 ... 15 more runs
      u3 [6395312..6395316) cell 6395312  cold=0 warm=-0.494117
      u3 [6395330..6395332) cell 6395328  cold=0 warm=1
      u3 [6396128..6396132) cell 6396128  cold=0 warm=0.0267944
      u3 [6396163..6396164) cell 6396160  cold=0 warm=0.5
      u3 [6396176..6396180) cell 6396176  cold=0 warm=0.270588
      u3 [6396192..6396196) cell 6396192  cold=0 warm=0.515128
      u3 [6396208..6396212) cell 6396208  cold=0 warm=1.03026
      u3 [6396224..6396228) cell 6396224  cold=0 warm=0.515128
      u3 ... 15 more runs
      u4 [6395312..6395316) cell 6395312  cold=0 warm=-0.494117
      u4 [6395330..6395332) cell 6395328  cold=0 warm=1
      u4 [6396128..6396132) cell 6396128  cold=0 warm=0.0267944
      u4 [6396163..6396164) cell 6396160  cold=0 warm=0.5
      u4 [6396176..6396180) cell 6396176  cold=0 warm=0.270588
      u4 [6396192..6396196) cell 6396192  cold=0 warm=0.515128
      u4 [6396208..6396212) cell 6396208  cold=0 warm=1.03026
      u4 [6396224..6396228) cell 6396224  cold=0 warm=0.515128
      u4 ... 15 more runs
      u5 [6395312..6395316) cell 6395312  cold=0 warm=-0.494117
      u5 [6395330..6395332) cell 6395328  cold=0 warm=1
      u5 [6396128..6396132) cell 6396128  cold=0 warm=0.0267944
      u5 [6396163..6396164) cell 6396160  cold=0 warm=0.5
      u5 [6396176..6396180) cell 6396176  cold=0 warm=0.270588
      u5 [6396192..6396196) cell 6396192  cold=0 warm=0.515128
      u5 [6396208..6396212) cell 6396208  cold=0 warm=1.03026
      u5 [6396224..6396228) cell 6396224  cold=0 warm=0.515128
      u5 ... 15 more runs
      u6 [6395312..6395316) cell 6395312  cold=0 warm=-0.494117
      u6 [6395330..6395332) cell 6395328  cold=0 warm=1
      u6 [6396128..6396132) cell 6396128  cold=0 warm=0.0267944
      u6 [6396163..6396164) cell 6396160  cold=0 warm=0.5
      u6 [6396176..6396180) cell 6396176  cold=0 warm=0.270588
      u6 [6396192..6396196) cell 6396192  cold=0 warm=0.515128
      u6 [6396208..6396212) cell 6396208  cold=0 warm=1.03026
      u6 [6396224..6396228) cell 6396224  cold=0 warm=0.515128
      u6 ... 15 more runs
      u7 [6395312..6395316) cell 6395312  cold=0 warm=-0.494117
      u7 [6395330..6395332) cell 6395328  cold=0 warm=1
      u7 [6396128..6396132) cell 6396128  cold=0 warm=0.0267944
      u7 [6396163..6396164) cell 6396160  cold=0 warm=0.5
      u7 [6396176..6396180) cell 6396176  cold=0 warm=0.270588
      u7 [6396192..6396196) cell 6396192  cold=0 warm=0.515128
      u7 [6396208..6396212) cell 6396208  cold=0 warm=1.03026
      u7 [6396224..6396228) cell 6396224  cold=0 warm=0.515128
      u7 ... 15 more runs
      u8 [6395312..6395316) cell 6395312  cold=0 warm=-0.494117
      u8 [6395330..6395332) cell 6395328  cold=0 warm=1
      u8 [6396128..6396132) cell 6396128  cold=0 warm=0.0267944
      u8 [6396163..6396164) cell 6396160  cold=0 warm=0.5
      u8 [6396176..6396180) cell 6396176  cold=0 warm=0.270588
      u8 [6396192..6396196) cell 6396192  cold=0 warm=0.515128
      u8 [6396208..6396212) cell 6396208  cold=0 warm=1.03026
      u8 [6396224..6396228) cell 6396224  cold=0 warm=0.515128
      u8 ... 15 more runs
PAIR 12 -> 13 :      0 differing bytes  units=[]
PAIR 13 -> 14 :      0 differing bytes  units=[]
PAIR 14 -> 15 :     63 differing bytes  units=[0, 1, 2, 3, 4, 5, 6, 7, 8]
      u0 [102608..102612) cell 102608  cold=0.00523598 warm=0.0113981
      u0 [102656..102659) cell 102656  cold=0.795497 warm=1
      u1 [102608..102612) cell 102608  cold=0.00523598 warm=0.0113981
      u1 [102656..102659) cell 102656  cold=0.795497 warm=1
      u2 [102608..102612) cell 102608  cold=0.00523598 warm=0.0113981
      u2 [102656..102659) cell 102656  cold=0.795497 warm=1
      u3 [102608..102612) cell 102608  cold=0.00523598 warm=0.0113981
      u3 [102656..102659) cell 102656  cold=0.795497 warm=1
      u4 [102608..102612) cell 102608  cold=0.00523598 warm=0.0113981
      u4 [102656..102659) cell 102656  cold=0.795497 warm=1
      u5 [102608..102612) cell 102608  cold=0.00523598 warm=0.0113981
      u5 [102656..102659) cell 102656  cold=0.795497 warm=1
      u6 [102608..102612) cell 102608  cold=0.00523598 warm=0.0113981
      u6 [102656..102659) cell 102656  cold=0.795497 warm=1
      u7 [102608..102612) cell 102608  cold=0.00523598 warm=0.0113981
      u7 [102656..102659) cell 102656  cold=0.795497 warm=1
      u8 [102608..102612) cell 102608  cold=0.00523598 warm=0.0113981
      u8 [102656..102659) cell 102656  cold=0.795497 warm=1
PAIR 15 -> 16 :    648 differing bytes  units=[0, 1, 2, 3, 4, 5, 6, 7, 8]
      u0 [102352..102355) cell 102352  cold=0.630734 warm=0.5409
      u0 [102528..102532) cell 102528  cold=0.529412 warm=0.0666667
      u0 [4297584..4297588) cell 4297584  cold=0 warm=0.630734
      u0 [4297600..4297604) cell 4297600  cold=0 warm=0.151557
      u0 [4297648..4297652) cell 4297648  cold=0 warm=1.37884
      u0 [4297664..4297668) cell 4297664  cold=0 warm=-0.530399
      u0 [4297682..4297684) cell 4297680  cold=0 warm=1
      u0 [4297696..4297700) cell 4297696  cold=0 warm=0.205802
      u0 ... 16 more runs
      u1 [102352..102355) cell 102352  cold=0.630734 warm=0.5409
      u1 [102528..102532) cell 102528  cold=0.529412 warm=0.0666667
      u1 [4297584..4297588) cell 4297584  cold=0 warm=0.630734
      u1 [4297600..4297604) cell 4297600  cold=0 warm=0.151557
      u1 [4297648..4297652) cell 4297648  cold=0 warm=1.37884
      u1 [4297664..4297668) cell 4297664  cold=0 warm=-0.530399
      u1 [4297682..4297684) cell 4297680  cold=0 warm=1
      u1 [4297696..4297700) cell 4297696  cold=0 warm=0.205802
      u1 ... 16 more runs
      u2 [102352..102355) cell 102352  cold=0.630734 warm=0.5409
      u2 [102528..102532) cell 102528  cold=0.529412 warm=0.0666667
      u2 [4297584..4297588) cell 4297584  cold=0 warm=0.630734
      u2 [4297600..4297604) cell 4297600  cold=0 warm=0.151557
      u2 [4297648..4297652) cell 4297648  cold=0 warm=1.37884
      u2 [4297664..4297668) cell 4297664  cold=0 warm=-0.530399
      u2 [4297682..4297684) cell 4297680  cold=0 warm=1
      u2 [4297696..4297700) cell 4297696  cold=0 warm=0.205802
      u2 ... 16 more runs
      u3 [102352..102355) cell 102352  cold=0.630734 warm=0.5409
      u3 [102528..102532) cell 102528  cold=0.529412 warm=0.0666667
      u3 [4297584..4297588) cell 4297584  cold=0 warm=0.630734
      u3 [4297600..4297604) cell 4297600  cold=0 warm=0.151557
      u3 [4297648..4297652) cell 4297648  cold=0 warm=1.37884
      u3 [4297664..4297668) cell 4297664  cold=0 warm=-0.530399
      u3 [4297682..4297684) cell 4297680  cold=0 warm=1
      u3 [4297696..4297700) cell 4297696  cold=0 warm=0.205802
      u3 ... 16 more runs
      u4 [102352..102355) cell 102352  cold=0.630734 warm=0.5409
      u4 [102528..102532) cell 102528  cold=0.529412 warm=0.0666667
      u4 [4297584..4297588) cell 4297584  cold=0 warm=0.630734
      u4 [4297600..4297604) cell 4297600  cold=0 warm=0.151557
      u4 [4297648..4297652) cell 4297648  cold=0 warm=1.37884
      u4 [4297664..4297668) cell 4297664  cold=0 warm=-0.530399
      u4 [4297682..4297684) cell 4297680  cold=0 warm=1
      u4 [4297696..4297700) cell 4297696  cold=0 warm=0.205802
      u4 ... 16 more runs
      u5 [102352..102355) cell 102352  cold=0.630734 warm=0.5409
      u5 [102528..102532) cell 102528  cold=0.529412 warm=0.0666667
      u5 [4297584..4297588) cell 4297584  cold=0 warm=0.630734
      u5 [4297600..4297604) cell 4297600  cold=0 warm=0.151557
      u5 [4297648..4297652) cell 4297648  cold=0 warm=1.37884
      u5 [4297664..4297668) cell 4297664  cold=0 warm=-0.530399
      u5 [4297682..4297684) cell 4297680  cold=0 warm=1
      u5 [4297696..4297700) cell 4297696  cold=0 warm=0.205802
      u5 ... 16 more runs
      u6 [102352..102355) cell 102352  cold=0.630734 warm=0.5409
      u6 [102528..102532) cell 102528  cold=0.529412 warm=0.0666667
      u6 [4297584..4297588) cell 4297584  cold=0 warm=0.630734
      u6 [4297600..4297604) cell 4297600  cold=0 warm=0.151557
      u6 [4297648..4297652) cell 4297648  cold=0 warm=1.37884
      u6 [4297664..4297668) cell 4297664  cold=0 warm=-0.530399
      u6 [4297682..4297684) cell 4297680  cold=0 warm=1
      u6 [4297696..4297700) cell 4297696  cold=0 warm=0.205802
      u6 ... 16 more runs
      u7 [102352..102355) cell 102352  cold=0.630734 warm=0.5409
      u7 [102528..102532) cell 102528  cold=0.529412 warm=0.0666667
      u7 [4297584..4297588) cell 4297584  cold=0 warm=0.630734
      u7 [4297600..4297604) cell 4297600  cold=0 warm=0.151557
      u7 [4297648..4297652) cell 4297648  cold=0 warm=1.37884
      u7 [4297664..4297668) cell 4297664  cold=0 warm=-0.530399
      u7 [4297682..4297684) cell 4297680  cold=0 warm=1
      u7 [4297696..4297700) cell 4297696  cold=0 warm=0.205802
      u7 ... 16 more runs
      u8 [102352..102355) cell 102352  cold=0.630734 warm=0.5409
      u8 [102528..102532) cell 102528  cold=0.529412 warm=0.0666667
      u8 [4297584..4297588) cell 4297584  cold=0 warm=0.630734
      u8 [4297600..4297604) cell 4297600  cold=0 warm=0.151557
      u8 [4297648..4297652) cell 4297648  cold=0 warm=1.37884
      u8 [4297664..4297668) cell 4297664  cold=0 warm=-0.530399
      u8 [4297682..4297684) cell 4297680  cold=0 warm=1
      u8 [4297696..4297700) cell 4297696  cold=0 warm=0.205802
      u8 ... 16 more runs
PAIR 16 -> 17 :   1179 differing bytes  units=[0, 1, 2, 3, 4, 5, 6, 7, 8]
      u0 [102352..102355) cell 102352  cold=1.89244 warm=0.630734
      u0 [102528..102532) cell 102528  cold=0.180392 warm=0.529412
      u0 [6497168..6497172) cell 6497168  cold=0 warm=1.89244
      u0 [6497184..6497188) cell 6497184  cold=0 warm=0.151557
      u0 [6497232..6497236) cell 6497232  cold=0 warm=1.37884
      u0 [6497248..6497252) cell 6497248  cold=0 warm=-0.530399
      u0 [6497266..6497268) cell 6497264  cold=0 warm=1
      u0 [6497280..6497284) cell 6497280  cold=0 warm=0.205802
      u0 ... 36 more runs
      u1 [102352..102355) cell 102352  cold=1.89244 warm=0.630734
      u1 [102528..102532) cell 102528  cold=0.180392 warm=0.529412
      u1 [6497168..6497172) cell 6497168  cold=0 warm=1.89244
      u1 [6497184..6497188) cell 6497184  cold=0 warm=0.151557
      u1 [6497232..6497236) cell 6497232  cold=0 warm=1.37884
      u1 [6497248..6497252) cell 6497248  cold=0 warm=-0.530399
      u1 [6497266..6497268) cell 6497264  cold=0 warm=1
      u1 [6497280..6497284) cell 6497280  cold=0 warm=0.205802
      u1 ... 36 more runs
      u2 [102352..102355) cell 102352  cold=1.89244 warm=0.630734
      u2 [102528..102532) cell 102528  cold=0.180392 warm=0.529412
      u2 [6497168..6497172) cell 6497168  cold=0 warm=1.89244
      u2 [6497184..6497188) cell 6497184  cold=0 warm=0.151557
      u2 [6497232..6497236) cell 6497232  cold=0 warm=1.37884
      u2 [6497248..6497252) cell 6497248  cold=0 warm=-0.530399
      u2 [6497266..6497268) cell 6497264  cold=0 warm=1
      u2 [6497280..6497284) cell 6497280  cold=0 warm=0.205802
      u2 ... 36 more runs
      u3 [102352..102355) cell 102352  cold=1.89244 warm=0.630734
      u3 [102528..102532) cell 102528  cold=0.180392 warm=0.529412
      u3 [6497168..6497172) cell 6497168  cold=0 warm=1.89244
      u3 [6497184..6497188) cell 6497184  cold=0 warm=0.151557
      u3 [6497232..6497236) cell 6497232  cold=0 warm=1.37884
      u3 [6497248..6497252) cell 6497248  cold=0 warm=-0.530399
      u3 [6497266..6497268) cell 6497264  cold=0 warm=1
      u3 [6497280..6497284) cell 6497280  cold=0 warm=0.205802
      u3 ... 36 more runs
      u4 [102352..102355) cell 102352  cold=1.89244 warm=0.630734
      u4 [102528..102532) cell 102528  cold=0.180392 warm=0.529412
      u4 [6497168..6497172) cell 6497168  cold=0 warm=1.89244
      u4 [6497184..6497188) cell 6497184  cold=0 warm=0.151557
      u4 [6497232..6497236) cell 6497232  cold=0 warm=1.37884
      u4 [6497248..6497252) cell 6497248  cold=0 warm=-0.530399
      u4 [6497266..6497268) cell 6497264  cold=0 warm=1
      u4 [6497280..6497284) cell 6497280  cold=0 warm=0.205802
      u4 ... 36 more runs
      u5 [102352..102355) cell 102352  cold=1.89244 warm=0.630734
      u5 [102528..102532) cell 102528  cold=0.180392 warm=0.529412
      u5 [6497168..6497172) cell 6497168  cold=0 warm=1.89244
      u5 [6497184..6497188) cell 6497184  cold=0 warm=0.151557
      u5 [6497232..6497236) cell 6497232  cold=0 warm=1.37884
      u5 [6497248..6497252) cell 6497248  cold=0 warm=-0.530399
      u5 [6497266..6497268) cell 6497264  cold=0 warm=1
      u5 [6497280..6497284) cell 6497280  cold=0 warm=0.205802
      u5 ... 36 more runs
      u6 [102352..102355) cell 102352  cold=1.89244 warm=0.630734
      u6 [102528..102532) cell 102528  cold=0.180392 warm=0.529412
      u6 [6497168..6497172) cell 6497168  cold=0 warm=1.89244
      u6 [6497184..6497188) cell 6497184  cold=0 warm=0.151557
      u6 [6497232..6497236) cell 6497232  cold=0 warm=1.37884
      u6 [6497248..6497252) cell 6497248  cold=0 warm=-0.530399
      u6 [6497266..6497268) cell 6497264  cold=0 warm=1
      u6 [6497280..6497284) cell 6497280  cold=0 warm=0.205802
      u6 ... 36 more runs
      u7 [102352..102355) cell 102352  cold=1.89244 warm=0.630734
      u7 [102528..102532) cell 102528  cold=0.180392 warm=0.529412
      u7 [6497168..6497172) cell 6497168  cold=0 warm=1.89244
      u7 [6497184..6497188) cell 6497184  cold=0 warm=0.151557
      u7 [6497232..6497236) cell 6497232  cold=0 warm=1.37884
      u7 [6497248..6497252) cell 6497248  cold=0 warm=-0.530399
      u7 [6497266..6497268) cell 6497264  cold=0 warm=1
      u7 [6497280..6497284) cell 6497280  cold=0 warm=0.205802
      u7 ... 36 more runs
      u8 [102352..102355) cell 102352  cold=1.89244 warm=0.630734
      u8 [102528..102532) cell 102528  cold=0.180392 warm=0.529412
      u8 [6497168..6497172) cell 6497168  cold=0 warm=1.89244
      u8 [6497184..6497188) cell 6497184  cold=0 warm=0.151557
      u8 [6497232..6497236) cell 6497232  cold=0 warm=1.37884
      u8 [6497248..6497252) cell 6497248  cold=0 warm=-0.530399
      u8 [6497266..6497268) cell 6497264  cold=0 warm=1
      u8 [6497280..6497284) cell 6497280  cold=0 warm=0.205802
      u8 ... 36 more runs
PAIR 17 -> 18 :     54 differing bytes  units=[0, 1, 2, 3, 4, 5, 6, 7, 8]
      u0 [102352..102355) cell 102352  cold=1.26159 warm=1.89244
      u0 [102528..102531) cell 102528  cold=0.345098 warm=0.180392
      u1 [102352..102355) cell 102352  cold=1.26159 warm=1.89244
      u1 [102528..102531) cell 102528  cold=0.345098 warm=0.180392
      u2 [102352..102355) cell 102352  cold=1.26159 warm=1.89244
      u2 [102528..102531) cell 102528  cold=0.345098 warm=0.180392
      u3 [102352..102355) cell 102352  cold=1.26159 warm=1.89244
      u3 [102528..102531) cell 102528  cold=0.345098 warm=0.180392
      u4 [102352..102355) cell 102352  cold=1.26159 warm=1.89244
      u4 [102528..102531) cell 102528  cold=0.345098 warm=0.180392
      u5 [102352..102355) cell 102352  cold=1.26159 warm=1.89244
      u5 [102528..102531) cell 102528  cold=0.345098 warm=0.180392
      u6 [102352..102355) cell 102352  cold=1.26159 warm=1.89244
      u6 [102528..102531) cell 102528  cold=0.345098 warm=0.180392
      u7 [102352..102355) cell 102352  cold=1.26159 warm=1.89244
      u7 [102528..102531) cell 102528  cold=0.345098 warm=0.180392
      u8 [102352..102355) cell 102352  cold=1.26159 warm=1.89244
      u8 [102528..102531) cell 102528  cold=0.345098 warm=0.180392
PAIR 18 -> 19 :    648 differing bytes  units=[0, 1, 2, 3, 4, 5, 6, 7, 8]
      u0 [102352..102356) cell 102352  cold=0.236743 warm=1.26159
      u0 [102528..102531) cell 102528  cold=0.176471 warm=0.345098
      u0 [4297584..4297588) cell 4297584  cold=0 warm=0.236743
      u0 [4297600..4297604) cell 4297600  cold=0 warm=0.151557
      u0 [4297648..4297652) cell 4297648  cold=0 warm=1.37884
      u0 [4297664..4297668) cell 4297664  cold=0 warm=-0.530399
      u0 [4297682..4297684) cell 4297680  cold=0 warm=1
      u0 [4297696..4297700) cell 4297696  cold=0 warm=0.205802
      u0 ... 16 more runs
      u1 [102352..102356) cell 102352  cold=0.236743 warm=1.26159
      u1 [102528..102531) cell 102528  cold=0.176471 warm=0.345098
      u1 [4297584..4297588) cell 4297584  cold=0 warm=0.236743
      u1 [4297600..4297604) cell 4297600  cold=0 warm=0.151557
      u1 [4297648..4297652) cell 4297648  cold=0 warm=1.37884
      u1 [4297664..4297668) cell 4297664  cold=0 warm=-0.530399
      u1 [4297682..4297684) cell 4297680  cold=0 warm=1
      u1 [4297696..4297700) cell 4297696  cold=0 warm=0.205802
      u1 ... 16 more runs
      u2 [102352..102356) cell 102352  cold=0.236743 warm=1.26159
      u2 [102528..102531) cell 102528  cold=0.176471 warm=0.345098
      u2 [4297584..4297588) cell 4297584  cold=0 warm=0.236743
      u2 [4297600..4297604) cell 4297600  cold=0 warm=0.151557
      u2 [4297648..4297652) cell 4297648  cold=0 warm=1.37884
      u2 [4297664..4297668) cell 4297664  cold=0 warm=-0.530399
      u2 [4297682..4297684) cell 4297680  cold=0 warm=1
      u2 [4297696..4297700) cell 4297696  cold=0 warm=0.205802
      u2 ... 16 more runs
      u3 [102352..102356) cell 102352  cold=0.236743 warm=1.26159
      u3 [102528..102531) cell 102528  cold=0.176471 warm=0.345098
      u3 [4297584..4297588) cell 4297584  cold=0 warm=0.236743
      u3 [4297600..4297604) cell 4297600  cold=0 warm=0.151557
      u3 [4297648..4297652) cell 4297648  cold=0 warm=1.37884
      u3 [4297664..4297668) cell 4297664  cold=0 warm=-0.530399
      u3 [4297682..4297684) cell 4297680  cold=0 warm=1
      u3 [4297696..4297700) cell 4297696  cold=0 warm=0.205802
      u3 ... 16 more runs
      u4 [102352..102356) cell 102352  cold=0.236743 warm=1.26159
      u4 [102528..102531) cell 102528  cold=0.176471 warm=0.345098
      u4 [4297584..4297588) cell 4297584  cold=0 warm=0.236743
      u4 [4297600..4297604) cell 4297600  cold=0 warm=0.151557
      u4 [4297648..4297652) cell 4297648  cold=0 warm=1.37884
      u4 [4297664..4297668) cell 4297664  cold=0 warm=-0.530399
      u4 [4297682..4297684) cell 4297680  cold=0 warm=1
      u4 [4297696..4297700) cell 4297696  cold=0 warm=0.205802
      u4 ... 16 more runs
      u5 [102352..102356) cell 102352  cold=0.236743 warm=1.26159
      u5 [102528..102531) cell 102528  cold=0.176471 warm=0.345098
      u5 [4297584..4297588) cell 4297584  cold=0 warm=0.236743
      u5 [4297600..4297604) cell 4297600  cold=0 warm=0.151557
      u5 [4297648..4297652) cell 4297648  cold=0 warm=1.37884
      u5 [4297664..4297668) cell 4297664  cold=0 warm=-0.530399
      u5 [4297682..4297684) cell 4297680  cold=0 warm=1
      u5 [4297696..4297700) cell 4297696  cold=0 warm=0.205802
      u5 ... 16 more runs
      u6 [102352..102356) cell 102352  cold=0.236743 warm=1.26159
      u6 [102528..102531) cell 102528  cold=0.176471 warm=0.345098
      u6 [4297584..4297588) cell 4297584  cold=0 warm=0.236743
      u6 [4297600..4297604) cell 4297600  cold=0 warm=0.151557
      u6 [4297648..4297652) cell 4297648  cold=0 warm=1.37884
      u6 [4297664..4297668) cell 4297664  cold=0 warm=-0.530399
      u6 [4297682..4297684) cell 4297680  cold=0 warm=1
      u6 [4297696..4297700) cell 4297696  cold=0 warm=0.205802
      u6 ... 16 more runs
      u7 [102352..102356) cell 102352  cold=0.236743 warm=1.26159
      u7 [102528..102531) cell 102528  cold=0.176471 warm=0.345098
      u7 [4297584..4297588) cell 4297584  cold=0 warm=0.236743
      u7 [4297600..4297604) cell 4297600  cold=0 warm=0.151557
      u7 [4297648..4297652) cell 4297648  cold=0 warm=1.37884
      u7 [4297664..4297668) cell 4297664  cold=0 warm=-0.530399
      u7 [4297682..4297684) cell 4297680  cold=0 warm=1
      u7 [4297696..4297700) cell 4297696  cold=0 warm=0.205802
      u7 ... 16 more runs
      u8 [102352..102356) cell 102352  cold=0.236743 warm=1.26159
      u8 [102528..102531) cell 102528  cold=0.176471 warm=0.345098
      u8 [4297584..4297588) cell 4297584  cold=0 warm=0.236743
      u8 [4297600..4297604) cell 4297600  cold=0 warm=0.151557
      u8 [4297648..4297652) cell 4297648  cold=0 warm=1.37884
      u8 [4297664..4297668) cell 4297664  cold=0 warm=-0.530399
      u8 [4297682..4297684) cell 4297680  cold=0 warm=1
      u8 [4297696..4297700) cell 4297696  cold=0 warm=0.205802
      u8 ... 16 more runs
PAIR 19 -> 20 :    648 differing bytes  units=[0, 1, 2, 3, 4, 5, 6, 7, 8]
      u0 [6395313..6395316) cell 6395312  cold=0 warm=0.498039
      u0 [6395330..6395332) cell 6395328  cold=0 warm=1
      u0 [6396128..6396132) cell 6396128  cold=0 warm=0.0267944
      u0 [6396163..6396164) cell 6396160  cold=0 warm=0.5
      u0 [6396176..6396180) cell 6396176  cold=0 warm=0.270588
      u0 [6396192..6396196) cell 6396192  cold=0 warm=0.515128
      u0 [6396208..6396212) cell 6396208  cold=0 warm=1.03026
      u0 [6396224..6396228) cell 6396224  cold=0 warm=0.515128
      u0 ... 15 more runs
      u1 [6395313..6395316) cell 6395312  cold=0 warm=0.498039
      u1 [6395330..6395332) cell 6395328  cold=0 warm=1
      u1 [6396128..6396132) cell 6396128  cold=0 warm=0.0267944
      u1 [6396163..6396164) cell 6396160  cold=0 warm=0.5
      u1 [6396176..6396180) cell 6396176  cold=0 warm=0.270588
      u1 [6396192..6396196) cell 6396192  cold=0 warm=0.515128
      u1 [6396208..6396212) cell 6396208  cold=0 warm=1.03026
      u1 [6396224..6396228) cell 6396224  cold=0 warm=0.515128
      u1 ... 15 more runs
      u2 [6395313..6395316) cell 6395312  cold=0 warm=0.498039
      u2 [6395330..6395332) cell 6395328  cold=0 warm=1
      u2 [6396128..6396132) cell 6396128  cold=0 warm=0.0267944
      u2 [6396163..6396164) cell 6396160  cold=0 warm=0.5
      u2 [6396176..6396180) cell 6396176  cold=0 warm=0.270588
      u2 [6396192..6396196) cell 6396192  cold=0 warm=0.515128
      u2 [6396208..6396212) cell 6396208  cold=0 warm=1.03026
      u2 [6396224..6396228) cell 6396224  cold=0 warm=0.515128
      u2 ... 15 more runs
      u3 [6395313..6395316) cell 6395312  cold=0 warm=0.498039
      u3 [6395330..6395332) cell 6395328  cold=0 warm=1
      u3 [6396128..6396132) cell 6396128  cold=0 warm=0.0267944
      u3 [6396163..6396164) cell 6396160  cold=0 warm=0.5
      u3 [6396176..6396180) cell 6396176  cold=0 warm=0.270588
      u3 [6396192..6396196) cell 6396192  cold=0 warm=0.515128
      u3 [6396208..6396212) cell 6396208  cold=0 warm=1.03026
      u3 [6396224..6396228) cell 6396224  cold=0 warm=0.515128
      u3 ... 15 more runs
      u4 [6395313..6395316) cell 6395312  cold=0 warm=0.498039
      u4 [6395330..6395332) cell 6395328  cold=0 warm=1
      u4 [6396128..6396132) cell 6396128  cold=0 warm=0.0267944
      u4 [6396163..6396164) cell 6396160  cold=0 warm=0.5
      u4 [6396176..6396180) cell 6396176  cold=0 warm=0.270588
      u4 [6396192..6396196) cell 6396192  cold=0 warm=0.515128
      u4 [6396208..6396212) cell 6396208  cold=0 warm=1.03026
      u4 [6396224..6396228) cell 6396224  cold=0 warm=0.515128
      u4 ... 15 more runs
      u5 [6395313..6395316) cell 6395312  cold=0 warm=0.498039
      u5 [6395330..6395332) cell 6395328  cold=0 warm=1
      u5 [6396128..6396132) cell 6396128  cold=0 warm=0.0267944
      u5 [6396163..6396164) cell 6396160  cold=0 warm=0.5
      u5 [6396176..6396180) cell 6396176  cold=0 warm=0.270588
      u5 [6396192..6396196) cell 6396192  cold=0 warm=0.515128
      u5 [6396208..6396212) cell 6396208  cold=0 warm=1.03026
      u5 [6396224..6396228) cell 6396224  cold=0 warm=0.515128
      u5 ... 15 more runs
      u6 [6395313..6395316) cell 6395312  cold=0 warm=0.498039
      u6 [6395330..6395332) cell 6395328  cold=0 warm=1
      u6 [6396128..6396132) cell 6396128  cold=0 warm=0.0267944
      u6 [6396163..6396164) cell 6396160  cold=0 warm=0.5
      u6 [6396176..6396180) cell 6396176  cold=0 warm=0.270588
      u6 [6396192..6396196) cell 6396192  cold=0 warm=0.515128
      u6 [6396208..6396212) cell 6396208  cold=0 warm=1.03026
      u6 [6396224..6396228) cell 6396224  cold=0 warm=0.515128
      u6 ... 15 more runs
      u7 [6395313..6395316) cell 6395312  cold=0 warm=0.498039
      u7 [6395330..6395332) cell 6395328  cold=0 warm=1
      u7 [6396128..6396132) cell 6396128  cold=0 warm=0.0267944
      u7 [6396163..6396164) cell 6396160  cold=0 warm=0.5
      u7 [6396176..6396180) cell 6396176  cold=0 warm=0.270588
      u7 [6396192..6396196) cell 6396192  cold=0 warm=0.515128
      u7 [6396208..6396212) cell 6396208  cold=0 warm=1.03026
      u7 [6396224..6396228) cell 6396224  cold=0 warm=0.515128
      u7 ... 15 more runs
      u8 [6395313..6395316) cell 6395312  cold=0 warm=0.498039
      u8 [6395330..6395332) cell 6395328  cold=0 warm=1
      u8 [6396128..6396132) cell 6396128  cold=0 warm=0.0267944
      u8 [6396163..6396164) cell 6396160  cold=0 warm=0.5
      u8 [6396176..6396180) cell 6396176  cold=0 warm=0.270588
      u8 [6396192..6396196) cell 6396192  cold=0 warm=0.515128
      u8 [6396208..6396212) cell 6396208  cold=0 warm=1.03026
      u8 [6396224..6396228) cell 6396224  cold=0 warm=0.515128
      u8 ... 15 more runs
PAIR 20 -> 21 :    162 differing bytes  units=[0, 1, 2, 3, 4, 5, 6, 7, 8]
      u0 [91152..91156) cell 91152  cold=2.17687e-05 warm=3.71882e-05
      u0 [91200..91203) cell 91200  cold=0.0025098 warm=0.0024902
      u0 [102560..102564) cell 102560  cold=0.423529 warm=0.536471
      u0 [102608..102612) cell 102608  cold=0.00523598 warm=0.0113981
      u0 [102656..102659) cell 102656  cold=0.795497 warm=1
      u1 [91152..91156) cell 91152  cold=2.17687e-05 warm=3.71882e-05
      u1 [91200..91203) cell 91200  cold=0.0025098 warm=0.0024902
      u1 [102560..102564) cell 102560  cold=0.423529 warm=0.536471
      u1 [102608..102612) cell 102608  cold=0.00523598 warm=0.0113981
      u1 [102656..102659) cell 102656  cold=0.795497 warm=1
      u2 [91152..91156) cell 91152  cold=2.17687e-05 warm=3.71882e-05
      u2 [91200..91203) cell 91200  cold=0.0025098 warm=0.0024902
      u2 [102560..102564) cell 102560  cold=0.423529 warm=0.536471
      u2 [102608..102612) cell 102608  cold=0.00523598 warm=0.0113981
      u2 [102656..102659) cell 102656  cold=0.795497 warm=1
      u3 [91152..91156) cell 91152  cold=2.17687e-05 warm=3.71882e-05
      u3 [91200..91203) cell 91200  cold=0.0025098 warm=0.0024902
      u3 [102560..102564) cell 102560  cold=0.423529 warm=0.536471
      u3 [102608..102612) cell 102608  cold=0.00523598 warm=0.0113981
      u3 [102656..102659) cell 102656  cold=0.795497 warm=1
      u4 [91152..91156) cell 91152  cold=2.17687e-05 warm=3.71882e-05
      u4 [91200..91203) cell 91200  cold=0.0025098 warm=0.0024902
      u4 [102560..102564) cell 102560  cold=0.423529 warm=0.536471
      u4 [102608..102612) cell 102608  cold=0.00523598 warm=0.0113981
      u4 [102656..102659) cell 102656  cold=0.795497 warm=1
      u5 [91152..91156) cell 91152  cold=2.17687e-05 warm=3.71882e-05
      u5 [91200..91203) cell 91200  cold=0.0025098 warm=0.0024902
      u5 [102560..102564) cell 102560  cold=0.423529 warm=0.536471
      u5 [102608..102612) cell 102608  cold=0.00523598 warm=0.0113981
      u5 [102656..102659) cell 102656  cold=0.795497 warm=1
      u6 [91152..91156) cell 91152  cold=2.17687e-05 warm=3.71882e-05
      u6 [91200..91203) cell 91200  cold=0.0025098 warm=0.0024902
      u6 [102560..102564) cell 102560  cold=0.423529 warm=0.536471
      u6 [102608..102612) cell 102608  cold=0.00523598 warm=0.0113981
      u6 [102656..102659) cell 102656  cold=0.795497 warm=1
      u7 [91152..91156) cell 91152  cold=2.17687e-05 warm=3.71882e-05
      u7 [91200..91203) cell 91200  cold=0.0025098 warm=0.0024902
      u7 [102560..102564) cell 102560  cold=0.423529 warm=0.536471
      u7 [102608..102612) cell 102608  cold=0.00523598 warm=0.0113981
      u7 [102656..102659) cell 102656  cold=0.795497 warm=1
      u8 [91152..91156) cell 91152  cold=2.17687e-05 warm=3.71882e-05
      u8 [91200..91203) cell 91200  cold=0.0025098 warm=0.0024902
      u8 [102560..102564) cell 102560  cold=0.423529 warm=0.536471
      u8 [102608..102612) cell 102608  cold=0.00523598 warm=0.0113981
      u8 [102656..102659) cell 102656  cold=0.795497 warm=1
PAIR 21 -> 22 :   1098 differing bytes  units=[0, 1, 2, 3, 4, 5, 6, 7, 8]
      u0 [96352..96356) cell 96352  cold=0 warm=5.56896e-05
      u0 [96384..96388) cell 96384  cold=0 warm=6.63937e-05
      u0 [96418..96420) cell 96416  cold=0 warm=1
      u0 [6497168..6497172) cell 6497168  cold=0 warm=0.946161
      u0 [6497184..6497188) cell 6497184  cold=0 warm=0.151557
      u0 [6497232..6497236) cell 6497232  cold=0 warm=1.37884
      u0 [6497248..6497252) cell 6497248  cold=0 warm=-0.530399
      u0 [6497266..6497268) cell 6497264  cold=0 warm=1
      u0 ... 33 more runs
      u1 [96352..96356) cell 96352  cold=0 warm=5.56896e-05
      u1 [96384..96388) cell 96384  cold=0 warm=6.63937e-05
      u1 [96418..96420) cell 96416  cold=0 warm=1
      u1 [6497168..6497172) cell 6497168  cold=0 warm=0.946161
      u1 [6497184..6497188) cell 6497184  cold=0 warm=0.151557
      u1 [6497232..6497236) cell 6497232  cold=0 warm=1.37884
      u1 [6497248..6497252) cell 6497248  cold=0 warm=-0.530399
      u1 [6497266..6497268) cell 6497264  cold=0 warm=1
      u1 ... 33 more runs
      u2 [96352..96356) cell 96352  cold=0 warm=5.56896e-05
      u2 [96384..96388) cell 96384  cold=0 warm=6.63937e-05
      u2 [96418..96420) cell 96416  cold=0 warm=1
      u2 [6497168..6497172) cell 6497168  cold=0 warm=0.946161
      u2 [6497184..6497188) cell 6497184  cold=0 warm=0.151557
      u2 [6497232..6497236) cell 6497232  cold=0 warm=1.37884
      u2 [6497248..6497252) cell 6497248  cold=0 warm=-0.530399
      u2 [6497266..6497268) cell 6497264  cold=0 warm=1
      u2 ... 33 more runs
      u3 [96352..96356) cell 96352  cold=0 warm=5.56896e-05
      u3 [96384..96388) cell 96384  cold=0 warm=6.63937e-05
      u3 [96418..96420) cell 96416  cold=0 warm=1
      u3 [6497168..6497172) cell 6497168  cold=0 warm=0.946161
      u3 [6497184..6497188) cell 6497184  cold=0 warm=0.151557
      u3 [6497232..6497236) cell 6497232  cold=0 warm=1.37884
      u3 [6497248..6497252) cell 6497248  cold=0 warm=-0.530399
      u3 [6497266..6497268) cell 6497264  cold=0 warm=1
      u3 ... 33 more runs
      u4 [96352..96356) cell 96352  cold=0 warm=5.56896e-05
      u4 [96384..96388) cell 96384  cold=0 warm=6.63937e-05
      u4 [96418..96420) cell 96416  cold=0 warm=1
      u4 [6497168..6497172) cell 6497168  cold=0 warm=0.946161
      u4 [6497184..6497188) cell 6497184  cold=0 warm=0.151557
      u4 [6497232..6497236) cell 6497232  cold=0 warm=1.37884
      u4 [6497248..6497252) cell 6497248  cold=0 warm=-0.530399
      u4 [6497266..6497268) cell 6497264  cold=0 warm=1
      u4 ... 33 more runs
      u5 [96352..96356) cell 96352  cold=0 warm=5.56896e-05
      u5 [96384..96388) cell 96384  cold=0 warm=6.63937e-05
      u5 [96418..96420) cell 96416  cold=0 warm=1
      u5 [6497168..6497172) cell 6497168  cold=0 warm=0.946161
      u5 [6497184..6497188) cell 6497184  cold=0 warm=0.151557
      u5 [6497232..6497236) cell 6497232  cold=0 warm=1.37884
      u5 [6497248..6497252) cell 6497248  cold=0 warm=-0.530399
      u5 [6497266..6497268) cell 6497264  cold=0 warm=1
      u5 ... 33 more runs
      u6 [96352..96356) cell 96352  cold=0 warm=5.56896e-05
      u6 [96384..96388) cell 96384  cold=0 warm=6.63937e-05
      u6 [96418..96420) cell 96416  cold=0 warm=1
      u6 [6497168..6497172) cell 6497168  cold=0 warm=0.946161
      u6 [6497184..6497188) cell 6497184  cold=0 warm=0.151557
      u6 [6497232..6497236) cell 6497232  cold=0 warm=1.37884
      u6 [6497248..6497252) cell 6497248  cold=0 warm=-0.530399
      u6 [6497266..6497268) cell 6497264  cold=0 warm=1
      u6 ... 33 more runs
      u7 [96352..96356) cell 96352  cold=0 warm=5.56896e-05
      u7 [96384..96388) cell 96384  cold=0 warm=6.63937e-05
      u7 [96418..96420) cell 96416  cold=0 warm=1
      u7 [6497168..6497172) cell 6497168  cold=0 warm=0.946161
      u7 [6497184..6497188) cell 6497184  cold=0 warm=0.151557
      u7 [6497232..6497236) cell 6497232  cold=0 warm=1.37884
      u7 [6497248..6497252) cell 6497248  cold=0 warm=-0.530399
      u7 [6497266..6497268) cell 6497264  cold=0 warm=1
      u7 ... 33 more runs
      u8 [96352..96356) cell 96352  cold=0 warm=5.56896e-05
      u8 [96384..96388) cell 96384  cold=0 warm=6.63937e-05
      u8 [96418..96420) cell 96416  cold=0 warm=1
      u8 [6497168..6497172) cell 6497168  cold=0 warm=0.946161
      u8 [6497184..6497188) cell 6497184  cold=0 warm=0.151557
      u8 [6497232..6497236) cell 6497232  cold=0 warm=1.37884
      u8 [6497248..6497252) cell 6497248  cold=0 warm=-0.530399
      u8 [6497266..6497268) cell 6497264  cold=0 warm=1
      u8 ... 33 more runs
PAIR 22 -> 23 :     63 differing bytes  units=[0, 1, 2, 3, 4, 5, 6, 7, 8]
      u0 [102608..102612) cell 102608  cold=0.00523598 warm=0.0113981
      u0 [102656..102659) cell 102656  cold=0.795497 warm=1
      u1 [102608..102612) cell 102608  cold=0.00523598 warm=0.0113981
      u1 [102656..102659) cell 102656  cold=0.795497 warm=1
      u2 [102608..102612) cell 102608  cold=0.00523598 warm=0.0113981
      u2 [102656..102659) cell 102656  cold=0.795497 warm=1
      u3 [102608..102612) cell 102608  cold=0.00523598 warm=0.0113981
      u3 [102656..102659) cell 102656  cold=0.795497 warm=1
      u4 [102608..102612) cell 102608  cold=0.00523598 warm=0.0113981
      u4 [102656..102659) cell 102656  cold=0.795497 warm=1
      u5 [102608..102612) cell 102608  cold=0.00523598 warm=0.0113981
      u5 [102656..102659) cell 102656  cold=0.795497 warm=1
      u6 [102608..102612) cell 102608  cold=0.00523598 warm=0.0113981
      u6 [102656..102659) cell 102656  cold=0.795497 warm=1
      u7 [102608..102612) cell 102608  cold=0.00523598 warm=0.0113981
      u7 [102656..102659) cell 102656  cold=0.795497 warm=1
      u8 [102608..102612) cell 102608  cold=0.00523598 warm=0.0113981
      u8 [102656..102659) cell 102656  cold=0.795497 warm=1
PAIR 23 -> 24 :     54 differing bytes  units=[0, 1, 2, 3, 4, 5, 6, 7, 8]
      u0 [102352..102355) cell 102352  cold=0.630734 warm=1.89244
      u0 [102528..102531) cell 102528  cold=0.211765 warm=0.12549
      u1 [102352..102355) cell 102352  cold=0.630734 warm=1.89244
      u1 [102528..102531) cell 102528  cold=0.211765 warm=0.12549
      u2 [102352..102355) cell 102352  cold=0.630734 warm=1.89244
      u2 [102528..102531) cell 102528  cold=0.211765 warm=0.12549
      u3 [102352..102355) cell 102352  cold=0.630734 warm=1.89244
      u3 [102528..102531) cell 102528  cold=0.211765 warm=0.12549
      u4 [102352..102355) cell 102352  cold=0.630734 warm=1.89244
      u4 [102528..102531) cell 102528  cold=0.211765 warm=0.12549
      u5 [102352..102355) cell 102352  cold=0.630734 warm=1.89244
      u5 [102528..102531) cell 102528  cold=0.211765 warm=0.12549
      u6 [102352..102355) cell 102352  cold=0.630734 warm=1.89244
      u6 [102528..102531) cell 102528  cold=0.211765 warm=0.12549
      u7 [102352..102355) cell 102352  cold=0.630734 warm=1.89244
      u7 [102528..102531) cell 102528  cold=0.211765 warm=0.12549
      u8 [102352..102355) cell 102352  cold=0.630734 warm=1.89244
      u8 [102528..102531) cell 102528  cold=0.211765 warm=0.12549
PAIR 24 -> 25 :    585 differing bytes  units=[0, 1, 2, 3, 4, 5, 6, 7, 8]
      u0 [4297584..4297588) cell 4297584  cold=0 warm=0.946161
      u0 [4297600..4297604) cell 4297600  cold=0 warm=0.151557
      u0 [4297648..4297652) cell 4297648  cold=0 warm=1.37884
      u0 [4297664..4297668) cell 4297664  cold=0 warm=-0.530399
      u0 [4297682..4297684) cell 4297680  cold=0 warm=1
      u0 [4297696..4297700) cell 4297696  cold=0 warm=0.205802
      u0 [4297712..4297716) cell 4297712  cold=0 warm=1.41443
      u0 [4297730..4297732) cell 4297728  cold=0 warm=1
      u0 ... 14 more runs
      u1 [4297584..4297588) cell 4297584  cold=0 warm=0.946161
      u1 [4297600..4297604) cell 4297600  cold=0 warm=0.151557
      u1 [4297648..4297652) cell 4297648  cold=0 warm=1.37884
      u1 [4297664..4297668) cell 4297664  cold=0 warm=-0.530399
      u1 [4297682..4297684) cell 4297680  cold=0 warm=1
      u1 [4297696..4297700) cell 4297696  cold=0 warm=0.205802
      u1 [4297712..4297716) cell 4297712  cold=0 warm=1.41443
      u1 [4297730..4297732) cell 4297728  cold=0 warm=1
      u1 ... 14 more runs
      u2 [4297584..4297588) cell 4297584  cold=0 warm=0.946161
      u2 [4297600..4297604) cell 4297600  cold=0 warm=0.151557
      u2 [4297648..4297652) cell 4297648  cold=0 warm=1.37884
      u2 [4297664..4297668) cell 4297664  cold=0 warm=-0.530399
      u2 [4297682..4297684) cell 4297680  cold=0 warm=1
      u2 [4297696..4297700) cell 4297696  cold=0 warm=0.205802
      u2 [4297712..4297716) cell 4297712  cold=0 warm=1.41443
      u2 [4297730..4297732) cell 4297728  cold=0 warm=1
      u2 ... 14 more runs
      u3 [4297584..4297588) cell 4297584  cold=0 warm=0.946161
      u3 [4297600..4297604) cell 4297600  cold=0 warm=0.151557
      u3 [4297648..4297652) cell 4297648  cold=0 warm=1.37884
      u3 [4297664..4297668) cell 4297664  cold=0 warm=-0.530399
      u3 [4297682..4297684) cell 4297680  cold=0 warm=1
      u3 [4297696..4297700) cell 4297696  cold=0 warm=0.205802
      u3 [4297712..4297716) cell 4297712  cold=0 warm=1.41443
      u3 [4297730..4297732) cell 4297728  cold=0 warm=1
      u3 ... 14 more runs
      u4 [4297584..4297588) cell 4297584  cold=0 warm=0.946161
      u4 [4297600..4297604) cell 4297600  cold=0 warm=0.151557
      u4 [4297648..4297652) cell 4297648  cold=0 warm=1.37884
      u4 [4297664..4297668) cell 4297664  cold=0 warm=-0.530399
      u4 [4297682..4297684) cell 4297680  cold=0 warm=1
      u4 [4297696..4297700) cell 4297696  cold=0 warm=0.205802
      u4 [4297712..4297716) cell 4297712  cold=0 warm=1.41443
      u4 [4297730..4297732) cell 4297728  cold=0 warm=1
      u4 ... 14 more runs
      u5 [4297584..4297588) cell 4297584  cold=0 warm=0.946161
      u5 [4297600..4297604) cell 4297600  cold=0 warm=0.151557
      u5 [4297648..4297652) cell 4297648  cold=0 warm=1.37884
      u5 [4297664..4297668) cell 4297664  cold=0 warm=-0.530399
      u5 [4297682..4297684) cell 4297680  cold=0 warm=1
      u5 [4297696..4297700) cell 4297696  cold=0 warm=0.205802
      u5 [4297712..4297716) cell 4297712  cold=0 warm=1.41443
      u5 [4297730..4297732) cell 4297728  cold=0 warm=1
      u5 ... 14 more runs
      u6 [4297584..4297588) cell 4297584  cold=0 warm=0.946161
      u6 [4297600..4297604) cell 4297600  cold=0 warm=0.151557
      u6 [4297648..4297652) cell 4297648  cold=0 warm=1.37884
      u6 [4297664..4297668) cell 4297664  cold=0 warm=-0.530399
      u6 [4297682..4297684) cell 4297680  cold=0 warm=1
      u6 [4297696..4297700) cell 4297696  cold=0 warm=0.205802
      u6 [4297712..4297716) cell 4297712  cold=0 warm=1.41443
      u6 [4297730..4297732) cell 4297728  cold=0 warm=1
      u6 ... 14 more runs
      u7 [4297584..4297588) cell 4297584  cold=0 warm=0.946161
      u7 [4297600..4297604) cell 4297600  cold=0 warm=0.151557
      u7 [4297648..4297652) cell 4297648  cold=0 warm=1.37884
      u7 [4297664..4297668) cell 4297664  cold=0 warm=-0.530399
      u7 [4297682..4297684) cell 4297680  cold=0 warm=1
      u7 [4297696..4297700) cell 4297696  cold=0 warm=0.205802
      u7 [4297712..4297716) cell 4297712  cold=0 warm=1.41443
      u7 [4297730..4297732) cell 4297728  cold=0 warm=1
      u7 ... 14 more runs
      u8 [4297584..4297588) cell 4297584  cold=0 warm=0.946161
      u8 [4297600..4297604) cell 4297600  cold=0 warm=0.151557
      u8 [4297648..4297652) cell 4297648  cold=0 warm=1.37884
      u8 [4297664..4297668) cell 4297664  cold=0 warm=-0.530399
      u8 [4297682..4297684) cell 4297680  cold=0 warm=1
      u8 [4297696..4297700) cell 4297696  cold=0 warm=0.205802
      u8 [4297712..4297716) cell 4297712  cold=0 warm=1.41443
      u8 [4297730..4297732) cell 4297728  cold=0 warm=1
      u8 ... 14 more runs
PAIR 25 -> 26 :     63 differing bytes  units=[0, 1, 2, 3, 4, 5, 6, 7, 8]
      u0 [102608..102612) cell 102608  cold=0.00523598 warm=0.0113981
      u0 [102656..102659) cell 102656  cold=0.795497 warm=1
      u1 [102608..102612) cell 102608  cold=0.00523598 warm=0.0113981
      u1 [102656..102659) cell 102656  cold=0.795497 warm=1
      u2 [102608..102612) cell 102608  cold=0.00523598 warm=0.0113981
      u2 [102656..102659) cell 102656  cold=0.795497 warm=1
      u3 [102608..102612) cell 102608  cold=0.00523598 warm=0.0113981
      u3 [102656..102659) cell 102656  cold=0.795497 warm=1
      u4 [102608..102612) cell 102608  cold=0.00523598 warm=0.0113981
      u4 [102656..102659) cell 102656  cold=0.795497 warm=1
      u5 [102608..102612) cell 102608  cold=0.00523598 warm=0.0113981
      u5 [102656..102659) cell 102656  cold=0.795497 warm=1
      u6 [102608..102612) cell 102608  cold=0.00523598 warm=0.0113981
      u6 [102656..102659) cell 102656  cold=0.795497 warm=1
      u7 [102608..102612) cell 102608  cold=0.00523598 warm=0.0113981
      u7 [102656..102659) cell 102656  cold=0.795497 warm=1
      u8 [102608..102612) cell 102608  cold=0.00523598 warm=0.0113981
      u8 [102656..102659) cell 102656  cold=0.795497 warm=1
PAIR 26 -> 27 :    648 differing bytes  units=[0, 1, 2, 3, 4, 5, 6, 7, 8]
      u0 [102352..102355) cell 102352  cold=0.5409 warm=0.946161
      u0 [102528..102532) cell 102528  cold=0.278431 warm=0.0705882
      u0 [4297584..4297588) cell 4297584  cold=0 warm=0.5409
      u0 [4297600..4297604) cell 4297600  cold=0 warm=0.151557
      u0 [4297648..4297652) cell 4297648  cold=0 warm=1.37884
      u0 [4297664..4297668) cell 4297664  cold=0 warm=-0.530399
      u0 [4297682..4297684) cell 4297680  cold=0 warm=1
      u0 [4297696..4297700) cell 4297696  cold=0 warm=0.205802
      u0 ... 16 more runs
      u1 [102352..102355) cell 102352  cold=0.5409 warm=0.946161
      u1 [102528..102532) cell 102528  cold=0.278431 warm=0.0705882
      u1 [4297584..4297588) cell 4297584  cold=0 warm=0.5409
      u1 [4297600..4297604) cell 4297600  cold=0 warm=0.151557
      u1 [4297648..4297652) cell 4297648  cold=0 warm=1.37884
      u1 [4297664..4297668) cell 4297664  cold=0 warm=-0.530399
      u1 [4297682..4297684) cell 4297680  cold=0 warm=1
      u1 [4297696..4297700) cell 4297696  cold=0 warm=0.205802
      u1 ... 16 more runs
      u2 [102352..102355) cell 102352  cold=0.5409 warm=0.946161
      u2 [102528..102532) cell 102528  cold=0.278431 warm=0.0705882
      u2 [4297584..4297588) cell 4297584  cold=0 warm=0.5409
      u2 [4297600..4297604) cell 4297600  cold=0 warm=0.151557
      u2 [4297648..4297652) cell 4297648  cold=0 warm=1.37884
      u2 [4297664..4297668) cell 4297664  cold=0 warm=-0.530399
      u2 [4297682..4297684) cell 4297680  cold=0 warm=1
      u2 [4297696..4297700) cell 4297696  cold=0 warm=0.205802
      u2 ... 16 more runs
      u3 [102352..102355) cell 102352  cold=0.5409 warm=0.946161
      u3 [102528..102532) cell 102528  cold=0.278431 warm=0.0705882
      u3 [4297584..4297588) cell 4297584  cold=0 warm=0.5409
      u3 [4297600..4297604) cell 4297600  cold=0 warm=0.151557
      u3 [4297648..4297652) cell 4297648  cold=0 warm=1.37884
      u3 [4297664..4297668) cell 4297664  cold=0 warm=-0.530399
      u3 [4297682..4297684) cell 4297680  cold=0 warm=1
      u3 [4297696..4297700) cell 4297696  cold=0 warm=0.205802
      u3 ... 16 more runs
      u4 [102352..102355) cell 102352  cold=0.5409 warm=0.946161
      u4 [102528..102532) cell 102528  cold=0.278431 warm=0.0705882
      u4 [4297584..4297588) cell 4297584  cold=0 warm=0.5409
      u4 [4297600..4297604) cell 4297600  cold=0 warm=0.151557
      u4 [4297648..4297652) cell 4297648  cold=0 warm=1.37884
      u4 [4297664..4297668) cell 4297664  cold=0 warm=-0.530399
      u4 [4297682..4297684) cell 4297680  cold=0 warm=1
      u4 [4297696..4297700) cell 4297696  cold=0 warm=0.205802
      u4 ... 16 more runs
      u5 [102352..102355) cell 102352  cold=0.5409 warm=0.946161
      u5 [102528..102532) cell 102528  cold=0.278431 warm=0.0705882
      u5 [4297584..4297588) cell 4297584  cold=0 warm=0.5409
      u5 [4297600..4297604) cell 4297600  cold=0 warm=0.151557
      u5 [4297648..4297652) cell 4297648  cold=0 warm=1.37884
      u5 [4297664..4297668) cell 4297664  cold=0 warm=-0.530399
      u5 [4297682..4297684) cell 4297680  cold=0 warm=1
      u5 [4297696..4297700) cell 4297696  cold=0 warm=0.205802
      u5 ... 16 more runs
      u6 [102352..102355) cell 102352  cold=0.5409 warm=0.946161
      u6 [102528..102532) cell 102528  cold=0.278431 warm=0.0705882
      u6 [4297584..4297588) cell 4297584  cold=0 warm=0.5409
      u6 [4297600..4297604) cell 4297600  cold=0 warm=0.151557
      u6 [4297648..4297652) cell 4297648  cold=0 warm=1.37884
      u6 [4297664..4297668) cell 4297664  cold=0 warm=-0.530399
      u6 [4297682..4297684) cell 4297680  cold=0 warm=1
      u6 [4297696..4297700) cell 4297696  cold=0 warm=0.205802
      u6 ... 16 more runs
      u7 [102352..102355) cell 102352  cold=0.5409 warm=0.946161
      u7 [102528..102532) cell 102528  cold=0.278431 warm=0.0705882
      u7 [4297584..4297588) cell 4297584  cold=0 warm=0.5409
      u7 [4297600..4297604) cell 4297600  cold=0 warm=0.151557
      u7 [4297648..4297652) cell 4297648  cold=0 warm=1.37884
      u7 [4297664..4297668) cell 4297664  cold=0 warm=-0.530399
      u7 [4297682..4297684) cell 4297680  cold=0 warm=1
      u7 [4297696..4297700) cell 4297696  cold=0 warm=0.205802
      u7 ... 16 more runs
      u8 [102352..102355) cell 102352  cold=0.5409 warm=0.946161
      u8 [102528..102532) cell 102528  cold=0.278431 warm=0.0705882
      u8 [4297584..4297588) cell 4297584  cold=0 warm=0.5409
      u8 [4297600..4297604) cell 4297600  cold=0 warm=0.151557
      u8 [4297648..4297652) cell 4297648  cold=0 warm=1.37884
      u8 [4297664..4297668) cell 4297664  cold=0 warm=-0.530399
      u8 [4297682..4297684) cell 4297680  cold=0 warm=1
      u8 [4297696..4297700) cell 4297696  cold=0 warm=0.205802
      u8 ... 16 more runs
PAIR 27 -> 28 :     99 differing bytes  units=[0, 1, 2, 3, 4, 5, 6, 7, 8]
      u0 [91152..91156) cell 91152  cold=2.17687e-05 warm=3.71882e-05
      u0 [102352..102356) cell 102352  cold=0.271735 warm=0.5409
      u0 [102528..102531) cell 102528  cold=0.164706 warm=0.278431
      u1 [91152..91156) cell 91152  cold=2.17687e-05 warm=3.71882e-05
      u1 [102352..102356) cell 102352  cold=0.271735 warm=0.5409
      u1 [102528..102531) cell 102528  cold=0.164706 warm=0.278431
      u2 [91152..91156) cell 91152  cold=2.17687e-05 warm=3.71882e-05
      u2 [102352..102356) cell 102352  cold=0.271735 warm=0.5409
      u2 [102528..102531) cell 102528  cold=0.164706 warm=0.278431
      u3 [91152..91156) cell 91152  cold=2.17687e-05 warm=3.71882e-05
      u3 [102352..102356) cell 102352  cold=0.271735 warm=0.5409
      u3 [102528..102531) cell 102528  cold=0.164706 warm=0.278431
      u4 [91152..91156) cell 91152  cold=2.17687e-05 warm=3.71882e-05
      u4 [102352..102356) cell 102352  cold=0.271735 warm=0.5409
      u4 [102528..102531) cell 102528  cold=0.164706 warm=0.278431
      u5 [91152..91156) cell 91152  cold=2.17687e-05 warm=3.71882e-05
      u5 [102352..102356) cell 102352  cold=0.271735 warm=0.5409
      u5 [102528..102531) cell 102528  cold=0.164706 warm=0.278431
      u6 [91152..91156) cell 91152  cold=2.17687e-05 warm=3.71882e-05
      u6 [102352..102356) cell 102352  cold=0.271735 warm=0.5409
      u6 [102528..102531) cell 102528  cold=0.164706 warm=0.278431
      u7 [91152..91156) cell 91152  cold=2.17687e-05 warm=3.71882e-05
      u7 [102352..102356) cell 102352  cold=0.271735 warm=0.5409
      u7 [102528..102531) cell 102528  cold=0.164706 warm=0.278431
      u8 [91152..91156) cell 91152  cold=2.17687e-05 warm=3.71882e-05
      u8 [102352..102356) cell 102352  cold=0.271735 warm=0.5409
      u8 [102528..102531) cell 102528  cold=0.164706 warm=0.278431
PAIR 28 -> 29 :    747 differing bytes  units=[0, 1, 2, 3, 4, 5, 6, 7, 8]
      u0 [96352..96356) cell 96352  cold=0 warm=5.98869e-05
      u0 [96384..96388) cell 96384  cold=0 warm=6.63937e-05
      u0 [96418..96420) cell 96416  cold=0 warm=1
      u0 [6395312..6395316) cell 6395312  cold=0 warm=-0.494117
      u0 [6395330..6395332) cell 6395328  cold=0 warm=1
      u0 [6396128..6396132) cell 6396128  cold=0 warm=0.0267944
      u0 [6396163..6396164) cell 6396160  cold=0 warm=0.5
      u0 [6396176..6396180) cell 6396176  cold=0 warm=0.0431373
      u0 ... 18 more runs
      u1 [96352..96356) cell 96352  cold=0 warm=5.98869e-05
      u1 [96384..96388) cell 96384  cold=0 warm=6.63937e-05
      u1 [96418..96420) cell 96416  cold=0 warm=1
      u1 [6395312..6395316) cell 6395312  cold=0 warm=-0.494117
      u1 [6395330..6395332) cell 6395328  cold=0 warm=1
      u1 [6396128..6396132) cell 6396128  cold=0 warm=0.0267944
      u1 [6396163..6396164) cell 6396160  cold=0 warm=0.5
      u1 [6396176..6396180) cell 6396176  cold=0 warm=0.0431373
      u1 ... 18 more runs
      u2 [96352..96356) cell 96352  cold=0 warm=5.98869e-05
      u2 [96384..96388) cell 96384  cold=0 warm=6.63937e-05
      u2 [96418..96420) cell 96416  cold=0 warm=1
      u2 [6395312..6395316) cell 6395312  cold=0 warm=-0.494117
      u2 [6395330..6395332) cell 6395328  cold=0 warm=1
      u2 [6396128..6396132) cell 6396128  cold=0 warm=0.0267944
      u2 [6396163..6396164) cell 6396160  cold=0 warm=0.5
      u2 [6396176..6396180) cell 6396176  cold=0 warm=0.0431373
      u2 ... 18 more runs
      u3 [96352..96356) cell 96352  cold=0 warm=5.98869e-05
      u3 [96384..96388) cell 96384  cold=0 warm=6.63937e-05
      u3 [96418..96420) cell 96416  cold=0 warm=1
      u3 [6395312..6395316) cell 6395312  cold=0 warm=-0.494117
      u3 [6395330..6395332) cell 6395328  cold=0 warm=1
      u3 [6396128..6396132) cell 6396128  cold=0 warm=0.0267944
      u3 [6396163..6396164) cell 6396160  cold=0 warm=0.5
      u3 [6396176..6396180) cell 6396176  cold=0 warm=0.0431373
      u3 ... 18 more runs
      u4 [96352..96356) cell 96352  cold=0 warm=5.98869e-05
      u4 [96384..96388) cell 96384  cold=0 warm=6.63937e-05
      u4 [96418..96420) cell 96416  cold=0 warm=1
      u4 [6395312..6395316) cell 6395312  cold=0 warm=-0.494117
      u4 [6395330..6395332) cell 6395328  cold=0 warm=1
      u4 [6396128..6396132) cell 6396128  cold=0 warm=0.0267944
      u4 [6396163..6396164) cell 6396160  cold=0 warm=0.5
      u4 [6396176..6396180) cell 6396176  cold=0 warm=0.0431373
      u4 ... 18 more runs
      u5 [96352..96356) cell 96352  cold=0 warm=5.98869e-05
      u5 [96384..96388) cell 96384  cold=0 warm=6.63937e-05
      u5 [96418..96420) cell 96416  cold=0 warm=1
      u5 [6395312..6395316) cell 6395312  cold=0 warm=-0.494117
      u5 [6395330..6395332) cell 6395328  cold=0 warm=1
      u5 [6396128..6396132) cell 6396128  cold=0 warm=0.0267944
      u5 [6396163..6396164) cell 6396160  cold=0 warm=0.5
      u5 [6396176..6396180) cell 6396176  cold=0 warm=0.0431373
      u5 ... 18 more runs
      u6 [96352..96356) cell 96352  cold=0 warm=5.98869e-05
      u6 [96384..96388) cell 96384  cold=0 warm=6.63937e-05
      u6 [96418..96420) cell 96416  cold=0 warm=1
      u6 [6395312..6395316) cell 6395312  cold=0 warm=-0.494117
      u6 [6395330..6395332) cell 6395328  cold=0 warm=1
      u6 [6396128..6396132) cell 6396128  cold=0 warm=0.0267944
      u6 [6396163..6396164) cell 6396160  cold=0 warm=0.5
      u6 [6396176..6396180) cell 6396176  cold=0 warm=0.0431373
      u6 ... 18 more runs
      u7 [96352..96356) cell 96352  cold=0 warm=5.98869e-05
      u7 [96384..96388) cell 96384  cold=0 warm=6.63937e-05
      u7 [96418..96420) cell 96416  cold=0 warm=1
      u7 [6395312..6395316) cell 6395312  cold=0 warm=-0.494117
      u7 [6395330..6395332) cell 6395328  cold=0 warm=1
      u7 [6396128..6396132) cell 6396128  cold=0 warm=0.0267944
      u7 [6396163..6396164) cell 6396160  cold=0 warm=0.5
      u7 [6396176..6396180) cell 6396176  cold=0 warm=0.0431373
      u7 ... 18 more runs
      u8 [96352..96356) cell 96352  cold=0 warm=5.98869e-05
      u8 [96384..96388) cell 96384  cold=0 warm=6.63937e-05
      u8 [96418..96420) cell 96416  cold=0 warm=1
      u8 [6395312..6395316) cell 6395312  cold=0 warm=-0.494117
      u8 [6395330..6395332) cell 6395328  cold=0 warm=1
      u8 [6396128..6396132) cell 6396128  cold=0 warm=0.0267944
      u8 [6396163..6396164) cell 6396160  cold=0 warm=0.5
      u8 [6396176..6396180) cell 6396176  cold=0 warm=0.0431373
      u8 ... 18 more runs
PAIR 29 -> 30 :      0 differing bytes  units=[]
PAIR 30 -> 31 :      0 differing bytes  units=[]
PAIR 31 -> 32 :      0 differing bytes  units=[]
PAIR 32 -> 33 :     99 differing bytes  units=[0, 1, 2, 3, 4, 5, 6, 7, 8]
      u0 [102560..102564) cell 102560  cold=0.423529 warm=0.536471
      u0 [102608..102612) cell 102608  cold=0.00523598 warm=0.0113981
      u0 [102656..102659) cell 102656  cold=0.795497 warm=1
      u1 [102560..102564) cell 102560  cold=0.423529 warm=0.536471
      u1 [102608..102612) cell 102608  cold=0.00523598 warm=0.0113981
      u1 [102656..102659) cell 102656  cold=0.795497 warm=1
      u2 [102560..102564) cell 102560  cold=0.423529 warm=0.536471
      u2 [102608..102612) cell 102608  cold=0.00523598 warm=0.0113981
      u2 [102656..102659) cell 102656  cold=0.795497 warm=1
      u3 [102560..102564) cell 102560  cold=0.423529 warm=0.536471
      u3 [102608..102612) cell 102608  cold=0.00523598 warm=0.0113981
      u3 [102656..102659) cell 102656  cold=0.795497 warm=1
      u4 [102560..102564) cell 102560  cold=0.423529 warm=0.536471
      u4 [102608..102612) cell 102608  cold=0.00523598 warm=0.0113981
      u4 [102656..102659) cell 102656  cold=0.795497 warm=1
      u5 [102560..102564) cell 102560  cold=0.423529 warm=0.536471
      u5 [102608..102612) cell 102608  cold=0.00523598 warm=0.0113981
      u5 [102656..102659) cell 102656  cold=0.795497 warm=1
      u6 [102560..102564) cell 102560  cold=0.423529 warm=0.536471
      u6 [102608..102612) cell 102608  cold=0.00523598 warm=0.0113981
      u6 [102656..102659) cell 102656  cold=0.795497 warm=1
      u7 [102560..102564) cell 102560  cold=0.423529 warm=0.536471
      u7 [102608..102612) cell 102608  cold=0.00523598 warm=0.0113981
      u7 [102656..102659) cell 102656  cold=0.795497 warm=1
      u8 [102560..102564) cell 102560  cold=0.423529 warm=0.536471
      u8 [102608..102612) cell 102608  cold=0.00523598 warm=0.0113981
      u8 [102656..102659) cell 102656  cold=0.795497 warm=1
PAIR 33 -> 34 :    621 differing bytes  units=[0, 1, 2, 3, 4, 5, 6, 7, 8]
      u0 [6395312..6395316) cell 6395312  cold=0 warm=-3.77255
      u0 [6395330..6395332) cell 6395328  cold=0 warm=1
      u0 [6396128..6396132) cell 6396128  cold=0 warm=0.0267944
      u0 [6396163..6396164) cell 6396160  cold=0 warm=0.5
      u0 [6396176..6396180) cell 6396176  cold=0 warm=0.2
      u0 [6396192..6396196) cell 6396192  cold=0 warm=0.515128
      u0 [6396208..6396212) cell 6396208  cold=0 warm=1.03026
      u0 [6396224..6396228) cell 6396224  cold=0 warm=0.515128
      u0 ... 15 more runs
      u1 [6395312..6395316) cell 6395312  cold=0 warm=-3.77255
      u1 [6395330..6395332) cell 6395328  cold=0 warm=1
      u1 [6396128..6396132) cell 6396128  cold=0 warm=0.0267944
      u1 [6396163..6396164) cell 6396160  cold=0 warm=0.5
      u1 [6396176..6396180) cell 6396176  cold=0 warm=0.2
      u1 [6396192..6396196) cell 6396192  cold=0 warm=0.515128
      u1 [6396208..6396212) cell 6396208  cold=0 warm=1.03026
      u1 [6396224..6396228) cell 6396224  cold=0 warm=0.515128
      u1 ... 15 more runs
      u2 [6395312..6395316) cell 6395312  cold=0 warm=-3.77255
      u2 [6395330..6395332) cell 6395328  cold=0 warm=1
      u2 [6396128..6396132) cell 6396128  cold=0 warm=0.0267944
      u2 [6396163..6396164) cell 6396160  cold=0 warm=0.5
      u2 [6396176..6396180) cell 6396176  cold=0 warm=0.2
      u2 [6396192..6396196) cell 6396192  cold=0 warm=0.515128
      u2 [6396208..6396212) cell 6396208  cold=0 warm=1.03026
      u2 [6396224..6396228) cell 6396224  cold=0 warm=0.515128
      u2 ... 15 more runs
      u3 [6395312..6395316) cell 6395312  cold=0 warm=-3.77255
      u3 [6395330..6395332) cell 6395328  cold=0 warm=1
      u3 [6396128..6396132) cell 6396128  cold=0 warm=0.0267944
      u3 [6396163..6396164) cell 6396160  cold=0 warm=0.5
      u3 [6396176..6396180) cell 6396176  cold=0 warm=0.2
      u3 [6396192..6396196) cell 6396192  cold=0 warm=0.515128
      u3 [6396208..6396212) cell 6396208  cold=0 warm=1.03026
      u3 [6396224..6396228) cell 6396224  cold=0 warm=0.515128
      u3 ... 15 more runs
      u4 [6395312..6395316) cell 6395312  cold=0 warm=-3.77255
      u4 [6395330..6395332) cell 6395328  cold=0 warm=1
      u4 [6396128..6396132) cell 6396128  cold=0 warm=0.0267944
      u4 [6396163..6396164) cell 6396160  cold=0 warm=0.5
      u4 [6396176..6396180) cell 6396176  cold=0 warm=0.2
      u4 [6396192..6396196) cell 6396192  cold=0 warm=0.515128
      u4 [6396208..6396212) cell 6396208  cold=0 warm=1.03026
      u4 [6396224..6396228) cell 6396224  cold=0 warm=0.515128
      u4 ... 15 more runs
      u5 [6395312..6395316) cell 6395312  cold=0 warm=-3.77255
      u5 [6395330..6395332) cell 6395328  cold=0 warm=1
      u5 [6396128..6396132) cell 6396128  cold=0 warm=0.0267944
      u5 [6396163..6396164) cell 6396160  cold=0 warm=0.5
      u5 [6396176..6396180) cell 6396176  cold=0 warm=0.2
      u5 [6396192..6396196) cell 6396192  cold=0 warm=0.515128
      u5 [6396208..6396212) cell 6396208  cold=0 warm=1.03026
      u5 [6396224..6396228) cell 6396224  cold=0 warm=0.515128
      u5 ... 15 more runs
      u6 [6395312..6395316) cell 6395312  cold=0 warm=-3.77255
      u6 [6395330..6395332) cell 6395328  cold=0 warm=1
      u6 [6396128..6396132) cell 6396128  cold=0 warm=0.0267944
      u6 [6396163..6396164) cell 6396160  cold=0 warm=0.5
      u6 [6396176..6396180) cell 6396176  cold=0 warm=0.2
      u6 [6396192..6396196) cell 6396192  cold=0 warm=0.515128
      u6 [6396208..6396212) cell 6396208  cold=0 warm=1.03026
      u6 [6396224..6396228) cell 6396224  cold=0 warm=0.515128
      u6 ... 15 more runs
      u7 [6395312..6395316) cell 6395312  cold=0 warm=-3.77255
      u7 [6395330..6395332) cell 6395328  cold=0 warm=1
      u7 [6396128..6396132) cell 6396128  cold=0 warm=0.0267944
      u7 [6396163..6396164) cell 6396160  cold=0 warm=0.5
      u7 [6396176..6396180) cell 6396176  cold=0 warm=0.2
      u7 [6396192..6396196) cell 6396192  cold=0 warm=0.515128
      u7 [6396208..6396212) cell 6396208  cold=0 warm=1.03026
      u7 [6396224..6396228) cell 6396224  cold=0 warm=0.515128
      u7 ... 15 more runs
      u8 [6395312..6395316) cell 6395312  cold=0 warm=-3.77255
      u8 [6395330..6395332) cell 6395328  cold=0 warm=1
      u8 [6396128..6396132) cell 6396128  cold=0 warm=0.0267944
      u8 [6396163..6396164) cell 6396160  cold=0 warm=0.5
      u8 [6396176..6396180) cell 6396176  cold=0 warm=0.2
      u8 [6396192..6396196) cell 6396192  cold=0 warm=0.515128
      u8 [6396208..6396212) cell 6396208  cold=0 warm=1.03026
      u8 [6396224..6396228) cell 6396224  cold=0 warm=0.515128
      u8 ... 15 more runs
PAIR 34 -> 35 :     63 differing bytes  units=[0, 1, 2, 3, 4, 5, 6, 7, 8]
      u0 [102608..102612) cell 102608  cold=0.00523598 warm=0.0113981
      u0 [102656..102659) cell 102656  cold=0.795497 warm=1
      u1 [102608..102612) cell 102608  cold=0.00523598 warm=0.0113981
      u1 [102656..102659) cell 102656  cold=0.795497 warm=1
      u2 [102608..102612) cell 102608  cold=0.00523598 warm=0.0113981
      u2 [102656..102659) cell 102656  cold=0.795497 warm=1
      u3 [102608..102612) cell 102608  cold=0.00523598 warm=0.0113981
      u3 [102656..102659) cell 102656  cold=0.795497 warm=1
      u4 [102608..102612) cell 102608  cold=0.00523598 warm=0.0113981
      u4 [102656..102659) cell 102656  cold=0.795497 warm=1
      u5 [102608..102612) cell 102608  cold=0.00523598 warm=0.0113981
      u5 [102656..102659) cell 102656  cold=0.795497 warm=1
      u6 [102608..102612) cell 102608  cold=0.00523598 warm=0.0113981
      u6 [102656..102659) cell 102656  cold=0.795497 warm=1
      u7 [102608..102612) cell 102608  cold=0.00523598 warm=0.0113981
      u7 [102656..102659) cell 102656  cold=0.795497 warm=1
      u8 [102608..102612) cell 102608  cold=0.00523598 warm=0.0113981
      u8 [102656..102659) cell 102656  cold=0.795497 warm=1
PAIR 35 -> 36 :     54 differing bytes  units=[0, 1, 2, 3, 4, 5, 6, 7, 8]
      u0 [102353..102356) cell 102352  cold=0.107544 warm=0.420448
      u0 [102528..102531) cell 102528  cold=1 warm=0.701961
      u1 [102353..102356) cell 102352  cold=0.107544 warm=0.420448
      u1 [102528..102531) cell 102528  cold=1 warm=0.701961
      u2 [102353..102356) cell 102352  cold=0.107544 warm=0.420448
      u2 [102528..102531) cell 102528  cold=1 warm=0.701961
      u3 [102353..102356) cell 102352  cold=0.107544 warm=0.420448
      u3 [102528..102531) cell 102528  cold=1 warm=0.701961
      u4 [102353..102356) cell 102352  cold=0.107544 warm=0.420448
      u4 [102528..102531) cell 102528  cold=1 warm=0.701961
      u5 [102353..102356) cell 102352  cold=0.107544 warm=0.420448
      u5 [102528..102531) cell 102528  cold=1 warm=0.701961
      u6 [102353..102356) cell 102352  cold=0.107544 warm=0.420448
      u6 [102528..102531) cell 102528  cold=1 warm=0.701961
      u7 [102353..102356) cell 102352  cold=0.107544 warm=0.420448
      u7 [102528..102531) cell 102528  cold=1 warm=0.701961
      u8 [102353..102356) cell 102352  cold=0.107544 warm=0.420448
      u8 [102528..102531) cell 102528  cold=1 warm=0.701961
PAIR 36 -> 37 :    612 differing bytes  units=[0, 1, 2, 3, 4, 5, 6, 7, 8]
      u0 [6395313..6395316) cell 6395312  cold=0 warm=0.498039
      u0 [6395330..6395332) cell 6395328  cold=0 warm=1
      u0 [6396128..6396132) cell 6396128  cold=0 warm=0.0267944
      u0 [6396163..6396164) cell 6396160  cold=0 warm=0.5
      u0 [6396176..6396180) cell 6396176  cold=0 warm=0.270588
      u0 [6396192..6396196) cell 6396192  cold=0 warm=0.515128
      u0 [6396208..6396212) cell 6396208  cold=0 warm=1.03026
      u0 [6396224..6396228) cell 6396224  cold=0 warm=0.515128
      u0 ... 15 more runs
      u1 [6395313..6395316) cell 6395312  cold=0 warm=0.498039
      u1 [6395330..6395332) cell 6395328  cold=0 warm=1
      u1 [6396128..6396132) cell 6396128  cold=0 warm=0.0267944
      u1 [6396163..6396164) cell 6396160  cold=0 warm=0.5
      u1 [6396176..6396180) cell 6396176  cold=0 warm=0.270588
      u1 [6396192..6396196) cell 6396192  cold=0 warm=0.515128
      u1 [6396208..6396212) cell 6396208  cold=0 warm=1.03026
      u1 [6396224..6396228) cell 6396224  cold=0 warm=0.515128
      u1 ... 15 more runs
      u2 [6395313..6395316) cell 6395312  cold=0 warm=0.498039
      u2 [6395330..6395332) cell 6395328  cold=0 warm=1
      u2 [6396128..6396132) cell 6396128  cold=0 warm=0.0267944
      u2 [6396163..6396164) cell 6396160  cold=0 warm=0.5
      u2 [6396176..6396180) cell 6396176  cold=0 warm=0.270588
      u2 [6396192..6396196) cell 6396192  cold=0 warm=0.515128
      u2 [6396208..6396212) cell 6396208  cold=0 warm=1.03026
      u2 [6396224..6396228) cell 6396224  cold=0 warm=0.515128
      u2 ... 15 more runs
      u3 [6395313..6395316) cell 6395312  cold=0 warm=0.498039
      u3 [6395330..6395332) cell 6395328  cold=0 warm=1
      u3 [6396128..6396132) cell 6396128  cold=0 warm=0.0267944
      u3 [6396163..6396164) cell 6396160  cold=0 warm=0.5
      u3 [6396176..6396180) cell 6396176  cold=0 warm=0.270588
      u3 [6396192..6396196) cell 6396192  cold=0 warm=0.515128
      u3 [6396208..6396212) cell 6396208  cold=0 warm=1.03026
      u3 [6396224..6396228) cell 6396224  cold=0 warm=0.515128
      u3 ... 15 more runs
      u4 [6395313..6395316) cell 6395312  cold=0 warm=0.498039
      u4 [6395330..6395332) cell 6395328  cold=0 warm=1
      u4 [6396128..6396132) cell 6396128  cold=0 warm=0.0267944
      u4 [6396163..6396164) cell 6396160  cold=0 warm=0.5
      u4 [6396176..6396180) cell 6396176  cold=0 warm=0.270588
      u4 [6396192..6396196) cell 6396192  cold=0 warm=0.515128
      u4 [6396208..6396212) cell 6396208  cold=0 warm=1.03026
      u4 [6396224..6396228) cell 6396224  cold=0 warm=0.515128
      u4 ... 15 more runs
      u5 [6395313..6395316) cell 6395312  cold=0 warm=0.498039
      u5 [6395330..6395332) cell 6395328  cold=0 warm=1
      u5 [6396128..6396132) cell 6396128  cold=0 warm=0.0267944
      u5 [6396163..6396164) cell 6396160  cold=0 warm=0.5
      u5 [6396176..6396180) cell 6396176  cold=0 warm=0.270588
      u5 [6396192..6396196) cell 6396192  cold=0 warm=0.515128
      u5 [6396208..6396212) cell 6396208  cold=0 warm=1.03026
      u5 [6396224..6396228) cell 6396224  cold=0 warm=0.515128
      u5 ... 15 more runs
      u6 [6395313..6395316) cell 6395312  cold=0 warm=0.498039
      u6 [6395330..6395332) cell 6395328  cold=0 warm=1
      u6 [6396128..6396132) cell 6396128  cold=0 warm=0.0267944
      u6 [6396163..6396164) cell 6396160  cold=0 warm=0.5
      u6 [6396176..6396180) cell 6396176  cold=0 warm=0.270588
      u6 [6396192..6396196) cell 6396192  cold=0 warm=0.515128
      u6 [6396208..6396212) cell 6396208  cold=0 warm=1.03026
      u6 [6396224..6396228) cell 6396224  cold=0 warm=0.515128
      u6 ... 15 more runs
      u7 [6395313..6395316) cell 6395312  cold=0 warm=0.498039
      u7 [6395330..6395332) cell 6395328  cold=0 warm=1
      u7 [6396128..6396132) cell 6396128  cold=0 warm=0.0267944
      u7 [6396163..6396164) cell 6396160  cold=0 warm=0.5
      u7 [6396176..6396180) cell 6396176  cold=0 warm=0.270588
      u7 [6396192..6396196) cell 6396192  cold=0 warm=0.515128
      u7 [6396208..6396212) cell 6396208  cold=0 warm=1.03026
      u7 [6396224..6396228) cell 6396224  cold=0 warm=0.515128
      u7 ... 15 more runs
      u8 [6395313..6395316) cell 6395312  cold=0 warm=0.498039
      u8 [6395330..6395332) cell 6395328  cold=0 warm=1
      u8 [6396128..6396132) cell 6396128  cold=0 warm=0.0267944
      u8 [6396163..6396164) cell 6396160  cold=0 warm=0.5
      u8 [6396176..6396180) cell 6396176  cold=0 warm=0.270588
      u8 [6396192..6396196) cell 6396192  cold=0 warm=0.515128
      u8 [6396208..6396212) cell 6396208  cold=0 warm=1.03026
      u8 [6396224..6396228) cell 6396224  cold=0 warm=0.515128
      u8 ... 15 more runs
PAIR 37 -> 38 :     63 differing bytes  units=[0, 1, 2, 3, 4, 5, 6, 7, 8]
      u0 [102608..102612) cell 102608  cold=0.00523598 warm=0.0113981
      u0 [102656..102659) cell 102656  cold=0.795497 warm=1
      u1 [102608..102612) cell 102608  cold=0.00523598 warm=0.0113981
      u1 [102656..102659) cell 102656  cold=0.795497 warm=1
      u2 [102608..102612) cell 102608  cold=0.00523598 warm=0.0113981
      u2 [102656..102659) cell 102656  cold=0.795497 warm=1
      u3 [102608..102612) cell 102608  cold=0.00523598 warm=0.0113981
      u3 [102656..102659) cell 102656  cold=0.795497 warm=1
      u4 [102608..102612) cell 102608  cold=0.00523598 warm=0.0113981
      u4 [102656..102659) cell 102656  cold=0.795497 warm=1
      u5 [102608..102612) cell 102608  cold=0.00523598 warm=0.0113981
      u5 [102656..102659) cell 102656  cold=0.795497 warm=1
      u6 [102608..102612) cell 102608  cold=0.00523598 warm=0.0113981
      u6 [102656..102659) cell 102656  cold=0.795497 warm=1
      u7 [102608..102612) cell 102608  cold=0.00523598 warm=0.0113981
      u7 [102656..102659) cell 102656  cold=0.795497 warm=1
      u8 [102608..102612) cell 102608  cold=0.00523598 warm=0.0113981
      u8 [102656..102659) cell 102656  cold=0.795497 warm=1
PAIR 38 -> 39 :    153 differing bytes  units=[0, 1, 2, 3, 4, 5, 6, 7, 8]
      u0 [91200..91204) cell 91200  cold=0.0025098 warm=0.00156863
      u0 [102352..102355) cell 102352  cold=1.26159 warm=0.946161
      u0 [102528..102532) cell 102528  cold=0.45098 warm=0
      u0 [102560..102564) cell 102560  cold=0.423529 warm=0
      u0 [102578..102580) cell 102576  cold=1 warm=0
      u1 [91200..91204) cell 91200  cold=0.0025098 warm=0.00156863
      u1 [102352..102355) cell 102352  cold=1.26159 warm=0.946161
      u1 [102528..102532) cell 102528  cold=0.45098 warm=0
      u1 [102560..102564) cell 102560  cold=0.423529 warm=0
      u1 [102578..102580) cell 102576  cold=1 warm=0
      u2 [91200..91204) cell 91200  cold=0.0025098 warm=0.00156863
      u2 [102352..102355) cell 102352  cold=1.26159 warm=0.946161
      u2 [102528..102532) cell 102528  cold=0.45098 warm=0
      u2 [102560..102564) cell 102560  cold=0.423529 warm=0
      u2 [102578..102580) cell 102576  cold=1 warm=0
      u3 [91200..91204) cell 91200  cold=0.0025098 warm=0.00156863
      u3 [102352..102355) cell 102352  cold=1.26159 warm=0.946161
      u3 [102528..102532) cell 102528  cold=0.45098 warm=0
      u3 [102560..102564) cell 102560  cold=0.423529 warm=0
      u3 [102578..102580) cell 102576  cold=1 warm=0
      u4 [91200..91204) cell 91200  cold=0.0025098 warm=0.00156863
      u4 [102352..102355) cell 102352  cold=1.26159 warm=0.946161
      u4 [102528..102532) cell 102528  cold=0.45098 warm=0
      u4 [102560..102564) cell 102560  cold=0.423529 warm=0
      u4 [102578..102580) cell 102576  cold=1 warm=0
      u5 [91200..91204) cell 91200  cold=0.0025098 warm=0.00156863
      u5 [102352..102355) cell 102352  cold=1.26159 warm=0.946161
      u5 [102528..102532) cell 102528  cold=0.45098 warm=0
      u5 [102560..102564) cell 102560  cold=0.423529 warm=0
      u5 [102578..102580) cell 102576  cold=1 warm=0
      u6 [91200..91204) cell 91200  cold=0.0025098 warm=0.00156863
      u6 [102352..102355) cell 102352  cold=1.26159 warm=0.946161
      u6 [102528..102532) cell 102528  cold=0.45098 warm=0
      u6 [102560..102564) cell 102560  cold=0.423529 warm=0
      u6 [102578..102580) cell 102576  cold=1 warm=0
      u7 [91200..91204) cell 91200  cold=0.0025098 warm=0.00156863
      u7 [102352..102355) cell 102352  cold=1.26159 warm=0.946161
      u7 [102528..102532) cell 102528  cold=0.45098 warm=0
      u7 [102560..102564) cell 102560  cold=0.423529 warm=0
      u7 [102578..102580) cell 102576  cold=1 warm=0
      u8 [91200..91204) cell 91200  cold=0.0025098 warm=0.00156863
      u8 [102352..102355) cell 102352  cold=1.26159 warm=0.946161
      u8 [102528..102532) cell 102528  cold=0.45098 warm=0
      u8 [102560..102564) cell 102560  cold=0.423529 warm=0
      u8 [102578..102580) cell 102576  cold=1 warm=0
PAIR 39 -> 40 :    621 differing bytes  units=[0, 1, 2, 3, 4, 5, 6, 7, 8]
      u0 [91232..91236) cell 91232  cold=0.347144 warm=1.17
      u0 [4297584..4297588) cell 4297584  cold=0 warm=1.26159
      u0 [4297600..4297604) cell 4297600  cold=0 warm=0.151557
      u0 [4297648..4297652) cell 4297648  cold=0 warm=1.37884
      u0 [4297664..4297668) cell 4297664  cold=0 warm=-0.530399
      u0 [4297682..4297684) cell 4297680  cold=0 warm=1
      u0 [4297696..4297700) cell 4297696  cold=0 warm=0.205802
      u0 [4297712..4297716) cell 4297712  cold=0 warm=1.41443
      u0 ... 15 more runs
      u1 [91232..91236) cell 91232  cold=0.347144 warm=1.17
      u1 [4297584..4297588) cell 4297584  cold=0 warm=1.26159
      u1 [4297600..4297604) cell 4297600  cold=0 warm=0.151557
      u1 [4297648..4297652) cell 4297648  cold=0 warm=1.37884
      u1 [4297664..4297668) cell 4297664  cold=0 warm=-0.530399
      u1 [4297682..4297684) cell 4297680  cold=0 warm=1
      u1 [4297696..4297700) cell 4297696  cold=0 warm=0.205802
      u1 [4297712..4297716) cell 4297712  cold=0 warm=1.41443
      u1 ... 15 more runs
      u2 [91232..91236) cell 91232  cold=0.347144 warm=1.17
      u2 [4297584..4297588) cell 4297584  cold=0 warm=1.26159
      u2 [4297600..4297604) cell 4297600  cold=0 warm=0.151557
      u2 [4297648..4297652) cell 4297648  cold=0 warm=1.37884
      u2 [4297664..4297668) cell 4297664  cold=0 warm=-0.530399
      u2 [4297682..4297684) cell 4297680  cold=0 warm=1
      u2 [4297696..4297700) cell 4297696  cold=0 warm=0.205802
      u2 [4297712..4297716) cell 4297712  cold=0 warm=1.41443
      u2 ... 15 more runs
      u3 [91232..91236) cell 91232  cold=0.347144 warm=1.17
      u3 [4297584..4297588) cell 4297584  cold=0 warm=1.26159
      u3 [4297600..4297604) cell 4297600  cold=0 warm=0.151557
      u3 [4297648..4297652) cell 4297648  cold=0 warm=1.37884
      u3 [4297664..4297668) cell 4297664  cold=0 warm=-0.530399
      u3 [4297682..4297684) cell 4297680  cold=0 warm=1
      u3 [4297696..4297700) cell 4297696  cold=0 warm=0.205802
      u3 [4297712..4297716) cell 4297712  cold=0 warm=1.41443
      u3 ... 15 more runs
      u4 [91232..91236) cell 91232  cold=0.347144 warm=1.17
      u4 [4297584..4297588) cell 4297584  cold=0 warm=1.26159
      u4 [4297600..4297604) cell 4297600  cold=0 warm=0.151557
      u4 [4297648..4297652) cell 4297648  cold=0 warm=1.37884
      u4 [4297664..4297668) cell 4297664  cold=0 warm=-0.530399
      u4 [4297682..4297684) cell 4297680  cold=0 warm=1
      u4 [4297696..4297700) cell 4297696  cold=0 warm=0.205802
      u4 [4297712..4297716) cell 4297712  cold=0 warm=1.41443
      u4 ... 15 more runs
      u5 [91232..91236) cell 91232  cold=0.347144 warm=1.17
      u5 [4297584..4297588) cell 4297584  cold=0 warm=1.26159
      u5 [4297600..4297604) cell 4297600  cold=0 warm=0.151557
      u5 [4297648..4297652) cell 4297648  cold=0 warm=1.37884
      u5 [4297664..4297668) cell 4297664  cold=0 warm=-0.530399
      u5 [4297682..4297684) cell 4297680  cold=0 warm=1
      u5 [4297696..4297700) cell 4297696  cold=0 warm=0.205802
      u5 [4297712..4297716) cell 4297712  cold=0 warm=1.41443
      u5 ... 15 more runs
      u6 [91232..91236) cell 91232  cold=0.347144 warm=1.17
      u6 [4297584..4297588) cell 4297584  cold=0 warm=1.26159
      u6 [4297600..4297604) cell 4297600  cold=0 warm=0.151557
      u6 [4297648..4297652) cell 4297648  cold=0 warm=1.37884
      u6 [4297664..4297668) cell 4297664  cold=0 warm=-0.530399
      u6 [4297682..4297684) cell 4297680  cold=0 warm=1
      u6 [4297696..4297700) cell 4297696  cold=0 warm=0.205802
      u6 [4297712..4297716) cell 4297712  cold=0 warm=1.41443
      u6 ... 15 more runs
      u7 [91232..91236) cell 91232  cold=0.347144 warm=1.17
      u7 [4297584..4297588) cell 4297584  cold=0 warm=1.26159
      u7 [4297600..4297604) cell 4297600  cold=0 warm=0.151557
      u7 [4297648..4297652) cell 4297648  cold=0 warm=1.37884
      u7 [4297664..4297668) cell 4297664  cold=0 warm=-0.530399
      u7 [4297682..4297684) cell 4297680  cold=0 warm=1
      u7 [4297696..4297700) cell 4297696  cold=0 warm=0.205802
      u7 [4297712..4297716) cell 4297712  cold=0 warm=1.41443
      u7 ... 15 more runs
      u8 [91232..91236) cell 91232  cold=0.347144 warm=1.17
      u8 [4297584..4297588) cell 4297584  cold=0 warm=1.26159
      u8 [4297600..4297604) cell 4297600  cold=0 warm=0.151557
      u8 [4297648..4297652) cell 4297648  cold=0 warm=1.37884
      u8 [4297664..4297668) cell 4297664  cold=0 warm=-0.530399
      u8 [4297682..4297684) cell 4297680  cold=0 warm=1
      u8 [4297696..4297700) cell 4297696  cold=0 warm=0.205802
      u8 [4297712..4297716) cell 4297712  cold=0 warm=1.41443
      u8 ... 15 more runs
PAIR 40 -> 41 :     99 differing bytes  units=[0, 1, 2, 3, 4, 5, 6, 7, 8]
      u0 [91232..91236) cell 91232  cold=1.17 warm=0.347144
      u0 [102608..102612) cell 102608  cold=0.00523598 warm=0.0113981
      u0 [102656..102659) cell 102656  cold=0.795497 warm=1
      u1 [91232..91236) cell 91232  cold=1.17 warm=0.347144
      u1 [102608..102612) cell 102608  cold=0.00523598 warm=0.0113981
      u1 [102656..102659) cell 102656  cold=0.795497 warm=1
      u2 [91232..91236) cell 91232  cold=1.17 warm=0.347144
      u2 [102608..102612) cell 102608  cold=0.00523598 warm=0.0113981
      u2 [102656..102659) cell 102656  cold=0.795497 warm=1
      u3 [91232..91236) cell 91232  cold=1.17 warm=0.347144
      u3 [102608..102612) cell 102608  cold=0.00523598 warm=0.0113981
      u3 [102656..102659) cell 102656  cold=0.795497 warm=1
      u4 [91232..91236) cell 91232  cold=1.17 warm=0.347144
      u4 [102608..102612) cell 102608  cold=0.00523598 warm=0.0113981
      u4 [102656..102659) cell 102656  cold=0.795497 warm=1
      u5 [91232..91236) cell 91232  cold=1.17 warm=0.347144
      u5 [102608..102612) cell 102608  cold=0.00523598 warm=0.0113981
      u5 [102656..102659) cell 102656  cold=0.795497 warm=1
      u6 [91232..91236) cell 91232  cold=1.17 warm=0.347144
      u6 [102608..102612) cell 102608  cold=0.00523598 warm=0.0113981
      u6 [102656..102659) cell 102656  cold=0.795497 warm=1
      u7 [91232..91236) cell 91232  cold=1.17 warm=0.347144
      u7 [102608..102612) cell 102608  cold=0.00523598 warm=0.0113981
      u7 [102656..102659) cell 102656  cold=0.795497 warm=1
      u8 [91232..91236) cell 91232  cold=1.17 warm=0.347144
      u8 [102608..102612) cell 102608  cold=0.00523598 warm=0.0113981
      u8 [102656..102659) cell 102656  cold=0.795497 warm=1
PAIR 41 -> 42 :    144 differing bytes  units=[0, 1, 2, 3, 4, 5, 6, 7, 8]
      u0 [96352..96356) cell 96352  cold=0 warm=5.98869e-05
      u0 [96384..96388) cell 96384  cold=0 warm=6.63937e-05
      u0 [96402..96404) cell 96400  cold=0 warm=1
      u0 [96418..96420) cell 96416  cold=0 warm=1
      u0 [102528..102532) cell 102528  cold=0.0509804 warm=0.2
      u1 [96352..96356) cell 96352  cold=0 warm=5.98869e-05
      u1 [96384..96388) cell 96384  cold=0 warm=6.63937e-05
      u1 [96402..96404) cell 96400  cold=0 warm=1
      u1 [96418..96420) cell 96416  cold=0 warm=1
      u1 [102528..102532) cell 102528  cold=0.0509804 warm=0.2
      u2 [96352..96356) cell 96352  cold=0 warm=5.98869e-05
      u2 [96384..96388) cell 96384  cold=0 warm=6.63937e-05
      u2 [96402..96404) cell 96400  cold=0 warm=1
      u2 [96418..96420) cell 96416  cold=0 warm=1
      u2 [102528..102532) cell 102528  cold=0.0509804 warm=0.2
      u3 [96352..96356) cell 96352  cold=0 warm=5.98869e-05
      u3 [96384..96388) cell 96384  cold=0 warm=6.63937e-05
      u3 [96402..96404) cell 96400  cold=0 warm=1
      u3 [96418..96420) cell 96416  cold=0 warm=1
      u3 [102528..102532) cell 102528  cold=0.0509804 warm=0.2
      u4 [96352..96356) cell 96352  cold=0 warm=5.98869e-05
      u4 [96384..96388) cell 96384  cold=0 warm=6.63937e-05
      u4 [96402..96404) cell 96400  cold=0 warm=1
      u4 [96418..96420) cell 96416  cold=0 warm=1
      u4 [102528..102532) cell 102528  cold=0.0509804 warm=0.2
      u5 [96352..96356) cell 96352  cold=0 warm=5.98869e-05
      u5 [96384..96388) cell 96384  cold=0 warm=6.63937e-05
      u5 [96402..96404) cell 96400  cold=0 warm=1
      u5 [96418..96420) cell 96416  cold=0 warm=1
      u5 [102528..102532) cell 102528  cold=0.0509804 warm=0.2
      u6 [96352..96356) cell 96352  cold=0 warm=5.98869e-05
      u6 [96384..96388) cell 96384  cold=0 warm=6.63937e-05
      u6 [96402..96404) cell 96400  cold=0 warm=1
      u6 [96418..96420) cell 96416  cold=0 warm=1
      u6 [102528..102532) cell 102528  cold=0.0509804 warm=0.2
      u7 [96352..96356) cell 96352  cold=0 warm=5.98869e-05
      u7 [96384..96388) cell 96384  cold=0 warm=6.63937e-05
      u7 [96402..96404) cell 96400  cold=0 warm=1
      u7 [96418..96420) cell 96416  cold=0 warm=1
      u7 [102528..102532) cell 102528  cold=0.0509804 warm=0.2
      u8 [96352..96356) cell 96352  cold=0 warm=5.98869e-05
      u8 [96384..96388) cell 96384  cold=0 warm=6.63937e-05
      u8 [96402..96404) cell 96400  cold=0 warm=1
      u8 [96418..96420) cell 96416  cold=0 warm=1
      u8 [102528..102532) cell 102528  cold=0.0509804 warm=0.2
PAIR 42 -> 43 :    585 differing bytes  units=[0, 1, 2, 3, 4, 5, 6, 7, 8]
      u0 [4297584..4297588) cell 4297584  cold=0 warm=1.54219
      u0 [4297600..4297604) cell 4297600  cold=0 warm=0.151557
      u0 [4297648..4297652) cell 4297648  cold=0 warm=1.37884
      u0 [4297664..4297668) cell 4297664  cold=0 warm=-0.530399
      u0 [4297682..4297684) cell 4297680  cold=0 warm=1
      u0 [4297696..4297700) cell 4297696  cold=0 warm=0.205802
      u0 [4297712..4297716) cell 4297712  cold=0 warm=1.41443
      u0 [4297730..4297732) cell 4297728  cold=0 warm=1
      u0 ... 14 more runs
      u1 [4297584..4297588) cell 4297584  cold=0 warm=1.54219
      u1 [4297600..4297604) cell 4297600  cold=0 warm=0.151557
      u1 [4297648..4297652) cell 4297648  cold=0 warm=1.37884
      u1 [4297664..4297668) cell 4297664  cold=0 warm=-0.530399
      u1 [4297682..4297684) cell 4297680  cold=0 warm=1
      u1 [4297696..4297700) cell 4297696  cold=0 warm=0.205802
      u1 [4297712..4297716) cell 4297712  cold=0 warm=1.41443
      u1 [4297730..4297732) cell 4297728  cold=0 warm=1
      u1 ... 14 more runs
      u2 [4297584..4297588) cell 4297584  cold=0 warm=1.54219
      u2 [4297600..4297604) cell 4297600  cold=0 warm=0.151557
      u2 [4297648..4297652) cell 4297648  cold=0 warm=1.37884
      u2 [4297664..4297668) cell 4297664  cold=0 warm=-0.530399
      u2 [4297682..4297684) cell 4297680  cold=0 warm=1
      u2 [4297696..4297700) cell 4297696  cold=0 warm=0.205802
      u2 [4297712..4297716) cell 4297712  cold=0 warm=1.41443
      u2 [4297730..4297732) cell 4297728  cold=0 warm=1
      u2 ... 14 more runs
      u3 [4297584..4297588) cell 4297584  cold=0 warm=1.54219
      u3 [4297600..4297604) cell 4297600  cold=0 warm=0.151557
      u3 [4297648..4297652) cell 4297648  cold=0 warm=1.37884
      u3 [4297664..4297668) cell 4297664  cold=0 warm=-0.530399
      u3 [4297682..4297684) cell 4297680  cold=0 warm=1
      u3 [4297696..4297700) cell 4297696  cold=0 warm=0.205802
      u3 [4297712..4297716) cell 4297712  cold=0 warm=1.41443
      u3 [4297730..4297732) cell 4297728  cold=0 warm=1
      u3 ... 14 more runs
      u4 [4297584..4297588) cell 4297584  cold=0 warm=1.54219
      u4 [4297600..4297604) cell 4297600  cold=0 warm=0.151557
      u4 [4297648..4297652) cell 4297648  cold=0 warm=1.37884
      u4 [4297664..4297668) cell 4297664  cold=0 warm=-0.530399
      u4 [4297682..4297684) cell 4297680  cold=0 warm=1
      u4 [4297696..4297700) cell 4297696  cold=0 warm=0.205802
      u4 [4297712..4297716) cell 4297712  cold=0 warm=1.41443
      u4 [4297730..4297732) cell 4297728  cold=0 warm=1
      u4 ... 14 more runs
      u5 [4297584..4297588) cell 4297584  cold=0 warm=1.54219
      u5 [4297600..4297604) cell 4297600  cold=0 warm=0.151557
      u5 [4297648..4297652) cell 4297648  cold=0 warm=1.37884
      u5 [4297664..4297668) cell 4297664  cold=0 warm=-0.530399
      u5 [4297682..4297684) cell 4297680  cold=0 warm=1
      u5 [4297696..4297700) cell 4297696  cold=0 warm=0.205802
      u5 [4297712..4297716) cell 4297712  cold=0 warm=1.41443
      u5 [4297730..4297732) cell 4297728  cold=0 warm=1
      u5 ... 14 more runs
      u6 [4297584..4297588) cell 4297584  cold=0 warm=1.54219
      u6 [4297600..4297604) cell 4297600  cold=0 warm=0.151557
      u6 [4297648..4297652) cell 4297648  cold=0 warm=1.37884
      u6 [4297664..4297668) cell 4297664  cold=0 warm=-0.530399
      u6 [4297682..4297684) cell 4297680  cold=0 warm=1
      u6 [4297696..4297700) cell 4297696  cold=0 warm=0.205802
      u6 [4297712..4297716) cell 4297712  cold=0 warm=1.41443
      u6 [4297730..4297732) cell 4297728  cold=0 warm=1
      u6 ... 14 more runs
      u7 [4297584..4297588) cell 4297584  cold=0 warm=1.54219
      u7 [4297600..4297604) cell 4297600  cold=0 warm=0.151557
      u7 [4297648..4297652) cell 4297648  cold=0 warm=1.37884
      u7 [4297664..4297668) cell 4297664  cold=0 warm=-0.530399
      u7 [4297682..4297684) cell 4297680  cold=0 warm=1
      u7 [4297696..4297700) cell 4297696  cold=0 warm=0.205802
      u7 [4297712..4297716) cell 4297712  cold=0 warm=1.41443
      u7 [4297730..4297732) cell 4297728  cold=0 warm=1
      u7 ... 14 more runs
      u8 [4297584..4297588) cell 4297584  cold=0 warm=1.54219
      u8 [4297600..4297604) cell 4297600  cold=0 warm=0.151557
      u8 [4297648..4297652) cell 4297648  cold=0 warm=1.37884
      u8 [4297664..4297668) cell 4297664  cold=0 warm=-0.530399
      u8 [4297682..4297684) cell 4297680  cold=0 warm=1
      u8 [4297696..4297700) cell 4297696  cold=0 warm=0.205802
      u8 [4297712..4297716) cell 4297712  cold=0 warm=1.41443
      u8 [4297730..4297732) cell 4297728  cold=0 warm=1
      u8 ... 14 more runs
PAIR 43 -> 44 :    153 differing bytes  units=[0, 1, 2, 3, 4, 5, 6, 7, 8]
      u0 [91152..91156) cell 91152  cold=2.17687e-05 warm=3.71882e-05
      u0 [91200..91203) cell 91200  cold=0.0025098 warm=0.00207843
      u0 [102560..102563) cell 102560  cold=0.423529 warm=0.402353
      u0 [102608..102612) cell 102608  cold=0.00523598 warm=0.0113981
      u0 [102656..102659) cell 102656  cold=0.795497 warm=1
      u1 [91152..91156) cell 91152  cold=2.17687e-05 warm=3.71882e-05
      u1 [91200..91203) cell 91200  cold=0.0025098 warm=0.00207843
      u1 [102560..102563) cell 102560  cold=0.423529 warm=0.402353
      u1 [102608..102612) cell 102608  cold=0.00523598 warm=0.0113981
      u1 [102656..102659) cell 102656  cold=0.795497 warm=1
      u2 [91152..91156) cell 91152  cold=2.17687e-05 warm=3.71882e-05
      u2 [91200..91203) cell 91200  cold=0.0025098 warm=0.00207843
      u2 [102560..102563) cell 102560  cold=0.423529 warm=0.402353
      u2 [102608..102612) cell 102608  cold=0.00523598 warm=0.0113981
      u2 [102656..102659) cell 102656  cold=0.795497 warm=1
      u3 [91152..91156) cell 91152  cold=2.17687e-05 warm=3.71882e-05
      u3 [91200..91203) cell 91200  cold=0.0025098 warm=0.00207843
      u3 [102560..102563) cell 102560  cold=0.423529 warm=0.402353
      u3 [102608..102612) cell 102608  cold=0.00523598 warm=0.0113981
      u3 [102656..102659) cell 102656  cold=0.795497 warm=1
      u4 [91152..91156) cell 91152  cold=2.17687e-05 warm=3.71882e-05
      u4 [91200..91203) cell 91200  cold=0.0025098 warm=0.00207843
      u4 [102560..102563) cell 102560  cold=0.423529 warm=0.402353
      u4 [102608..102612) cell 102608  cold=0.00523598 warm=0.0113981
      u4 [102656..102659) cell 102656  cold=0.795497 warm=1
      u5 [91152..91156) cell 91152  cold=2.17687e-05 warm=3.71882e-05
      u5 [91200..91203) cell 91200  cold=0.0025098 warm=0.00207843
      u5 [102560..102563) cell 102560  cold=0.423529 warm=0.402353
      u5 [102608..102612) cell 102608  cold=0.00523598 warm=0.0113981
      u5 [102656..102659) cell 102656  cold=0.795497 warm=1
      u6 [91152..91156) cell 91152  cold=2.17687e-05 warm=3.71882e-05
      u6 [91200..91203) cell 91200  cold=0.0025098 warm=0.00207843
      u6 [102560..102563) cell 102560  cold=0.423529 warm=0.402353
      u6 [102608..102612) cell 102608  cold=0.00523598 warm=0.0113981
      u6 [102656..102659) cell 102656  cold=0.795497 warm=1
      u7 [91152..91156) cell 91152  cold=2.17687e-05 warm=3.71882e-05
      u7 [91200..91203) cell 91200  cold=0.0025098 warm=0.00207843
      u7 [102560..102563) cell 102560  cold=0.423529 warm=0.402353
      u7 [102608..102612) cell 102608  cold=0.00523598 warm=0.0113981
      u7 [102656..102659) cell 102656  cold=0.795497 warm=1
      u8 [91152..91156) cell 91152  cold=2.17687e-05 warm=3.71882e-05
      u8 [91200..91203) cell 91200  cold=0.0025098 warm=0.00207843
      u8 [102560..102563) cell 102560  cold=0.423529 warm=0.402353
      u8 [102608..102612) cell 102608  cold=0.00523598 warm=0.0113981
      u8 [102656..102659) cell 102656  cold=0.795497 warm=1
PAIR 44 -> 45 :    747 differing bytes  units=[0, 1, 2, 3, 4, 5, 6, 7, 8]
      u0 [96352..96356) cell 96352  cold=0 warm=5.98869e-05
      u0 [96384..96388) cell 96384  cold=0 warm=6.63937e-05
      u0 [96402..96404) cell 96400  cold=0 warm=1
      u0 [96418..96420) cell 96416  cold=0 warm=1
      u0 [6395312..6395316) cell 6395312  cold=0 warm=-4.67843
      u0 [6395330..6395332) cell 6395328  cold=0 warm=1
      u0 [6396128..6396132) cell 6396128  cold=0 warm=0.0267944
      u0 [6396163..6396164) cell 6396160  cold=0 warm=0.5
      u0 ... 19 more runs
      u1 [96352..96356) cell 96352  cold=0 warm=5.98869e-05
      u1 [96384..96388) cell 96384  cold=0 warm=6.63937e-05
      u1 [96402..96404) cell 96400  cold=0 warm=1
      u1 [96418..96420) cell 96416  cold=0 warm=1
      u1 [6395312..6395316) cell 6395312  cold=0 warm=-4.67843
      u1 [6395330..6395332) cell 6395328  cold=0 warm=1
      u1 [6396128..6396132) cell 6396128  cold=0 warm=0.0267944
      u1 [6396163..6396164) cell 6396160  cold=0 warm=0.5
      u1 ... 19 more runs
      u2 [96352..96356) cell 96352  cold=0 warm=5.98869e-05
      u2 [96384..96388) cell 96384  cold=0 warm=6.63937e-05
      u2 [96402..96404) cell 96400  cold=0 warm=1
      u2 [96418..96420) cell 96416  cold=0 warm=1
      u2 [6395312..6395316) cell 6395312  cold=0 warm=-4.67843
      u2 [6395330..6395332) cell 6395328  cold=0 warm=1
      u2 [6396128..6396132) cell 6396128  cold=0 warm=0.0267944
      u2 [6396163..6396164) cell 6396160  cold=0 warm=0.5
      u2 ... 19 more runs
      u3 [96352..96356) cell 96352  cold=0 warm=5.98869e-05
      u3 [96384..96388) cell 96384  cold=0 warm=6.63937e-05
      u3 [96402..96404) cell 96400  cold=0 warm=1
      u3 [96418..96420) cell 96416  cold=0 warm=1
      u3 [6395312..6395316) cell 6395312  cold=0 warm=-4.67843
      u3 [6395330..6395332) cell 6395328  cold=0 warm=1
      u3 [6396128..6396132) cell 6396128  cold=0 warm=0.0267944
      u3 [6396163..6396164) cell 6396160  cold=0 warm=0.5
      u3 ... 19 more runs
      u4 [96352..96356) cell 96352  cold=0 warm=5.98869e-05
      u4 [96384..96388) cell 96384  cold=0 warm=6.63937e-05
      u4 [96402..96404) cell 96400  cold=0 warm=1
      u4 [96418..96420) cell 96416  cold=0 warm=1
      u4 [6395312..6395316) cell 6395312  cold=0 warm=-4.67843
      u4 [6395330..6395332) cell 6395328  cold=0 warm=1
      u4 [6396128..6396132) cell 6396128  cold=0 warm=0.0267944
      u4 [6396163..6396164) cell 6396160  cold=0 warm=0.5
      u4 ... 19 more runs
      u5 [96352..96356) cell 96352  cold=0 warm=5.98869e-05
      u5 [96384..96388) cell 96384  cold=0 warm=6.63937e-05
      u5 [96402..96404) cell 96400  cold=0 warm=1
      u5 [96418..96420) cell 96416  cold=0 warm=1
      u5 [6395312..6395316) cell 6395312  cold=0 warm=-4.67843
      u5 [6395330..6395332) cell 6395328  cold=0 warm=1
      u5 [6396128..6396132) cell 6396128  cold=0 warm=0.0267944
      u5 [6396163..6396164) cell 6396160  cold=0 warm=0.5
      u5 ... 19 more runs
      u6 [96352..96356) cell 96352  cold=0 warm=5.98869e-05
      u6 [96384..96388) cell 96384  cold=0 warm=6.63937e-05
      u6 [96402..96404) cell 96400  cold=0 warm=1
      u6 [96418..96420) cell 96416  cold=0 warm=1
      u6 [6395312..6395316) cell 6395312  cold=0 warm=-4.67843
      u6 [6395330..6395332) cell 6395328  cold=0 warm=1
      u6 [6396128..6396132) cell 6396128  cold=0 warm=0.0267944
      u6 [6396163..6396164) cell 6396160  cold=0 warm=0.5
      u6 ... 19 more runs
      u7 [96352..96356) cell 96352  cold=0 warm=5.98869e-05
      u7 [96384..96388) cell 96384  cold=0 warm=6.63937e-05
      u7 [96402..96404) cell 96400  cold=0 warm=1
      u7 [96418..96420) cell 96416  cold=0 warm=1
      u7 [6395312..6395316) cell 6395312  cold=0 warm=-4.67843
      u7 [6395330..6395332) cell 6395328  cold=0 warm=1
      u7 [6396128..6396132) cell 6396128  cold=0 warm=0.0267944
      u7 [6396163..6396164) cell 6396160  cold=0 warm=0.5
      u7 ... 19 more runs
      u8 [96352..96356) cell 96352  cold=0 warm=5.98869e-05
      u8 [96384..96388) cell 96384  cold=0 warm=6.63937e-05
      u8 [96402..96404) cell 96400  cold=0 warm=1
      u8 [96418..96420) cell 96416  cold=0 warm=1
      u8 [6395312..6395316) cell 6395312  cold=0 warm=-4.67843
      u8 [6395330..6395332) cell 6395328  cold=0 warm=1
      u8 [6396128..6396132) cell 6396128  cold=0 warm=0.0267944
      u8 [6396163..6396164) cell 6396160  cold=0 warm=0.5
      u8 ... 19 more runs
PAIR 45 -> 46 :      0 differing bytes  units=[]
PAIR 46 -> 47 :      0 differing bytes  units=[]
PAIR 47 -> 48 :     63 differing bytes  units=[0, 1, 2, 3, 4, 5, 6, 7, 8]
      u0 [102608..102612) cell 102608  cold=0.00523598 warm=0.0113981
      u0 [102656..102659) cell 102656  cold=0.795497 warm=1
      u1 [102608..102612) cell 102608  cold=0.00523598 warm=0.0113981
      u1 [102656..102659) cell 102656  cold=0.795497 warm=1
      u2 [102608..102612) cell 102608  cold=0.00523598 warm=0.0113981
      u2 [102656..102659) cell 102656  cold=0.795497 warm=1
      u3 [102608..102612) cell 102608  cold=0.00523598 warm=0.0113981
      u3 [102656..102659) cell 102656  cold=0.795497 warm=1
      u4 [102608..102612) cell 102608  cold=0.00523598 warm=0.0113981
      u4 [102656..102659) cell 102656  cold=0.795497 warm=1
      u5 [102608..102612) cell 102608  cold=0.00523598 warm=0.0113981
      u5 [102656..102659) cell 102656  cold=0.795497 warm=1
      u6 [102608..102612) cell 102608  cold=0.00523598 warm=0.0113981
      u6 [102656..102659) cell 102656  cold=0.795497 warm=1
      u7 [102608..102612) cell 102608  cold=0.00523598 warm=0.0113981
      u7 [102656..102659) cell 102656  cold=0.795497 warm=1
      u8 [102608..102612) cell 102608  cold=0.00523598 warm=0.0113981
      u8 [102656..102659) cell 102656  cold=0.795497 warm=1
PAIR 48 -> 49 :    684 differing bytes  units=[0, 1, 2, 3, 4, 5, 6, 7, 8]
      u0 [102352..102355) cell 102352  cold=0.946161 warm=0.5409
      u0 [102528..102532) cell 102528  cold=0.333333 warm=0.121569
      u0 [6395312..6395316) cell 6395312  cold=0 warm=-2.73726
      u0 [6395330..6395332) cell 6395328  cold=0 warm=1
      u0 [6396128..6396132) cell 6396128  cold=0 warm=0.0267944
      u0 [6396163..6396164) cell 6396160  cold=0 warm=0.5
      u0 [6396176..6396180) cell 6396176  cold=0 warm=0.333333
      u0 [6396192..6396196) cell 6396192  cold=0 warm=0.515128
      u0 ... 17 more runs
      u1 [102352..102355) cell 102352  cold=0.946161 warm=0.5409
      u1 [102528..102532) cell 102528  cold=0.333333 warm=0.121569
      u1 [6395312..6395316) cell 6395312  cold=0 warm=-2.73726
      u1 [6395330..6395332) cell 6395328  cold=0 warm=1
      u1 [6396128..6396132) cell 6396128  cold=0 warm=0.0267944
      u1 [6396163..6396164) cell 6396160  cold=0 warm=0.5
      u1 [6396176..6396180) cell 6396176  cold=0 warm=0.333333
      u1 [6396192..6396196) cell 6396192  cold=0 warm=0.515128
      u1 ... 17 more runs
      u2 [102352..102355) cell 102352  cold=0.946161 warm=0.5409
      u2 [102528..102532) cell 102528  cold=0.333333 warm=0.121569
      u2 [6395312..6395316) cell 6395312  cold=0 warm=-2.73726
      u2 [6395330..6395332) cell 6395328  cold=0 warm=1
      u2 [6396128..6396132) cell 6396128  cold=0 warm=0.0267944
      u2 [6396163..6396164) cell 6396160  cold=0 warm=0.5
      u2 [6396176..6396180) cell 6396176  cold=0 warm=0.333333
      u2 [6396192..6396196) cell 6396192  cold=0 warm=0.515128
      u2 ... 17 more runs
      u3 [102352..102355) cell 102352  cold=0.946161 warm=0.5409
      u3 [102528..102532) cell 102528  cold=0.333333 warm=0.121569
      u3 [6395312..6395316) cell 6395312  cold=0 warm=-2.73726
      u3 [6395330..6395332) cell 6395328  cold=0 warm=1
      u3 [6396128..6396132) cell 6396128  cold=0 warm=0.0267944
      u3 [6396163..6396164) cell 6396160  cold=0 warm=0.5
      u3 [6396176..6396180) cell 6396176  cold=0 warm=0.333333
      u3 [6396192..6396196) cell 6396192  cold=0 warm=0.515128
      u3 ... 17 more runs
      u4 [102352..102355) cell 102352  cold=0.946161 warm=0.5409
      u4 [102528..102532) cell 102528  cold=0.333333 warm=0.121569
      u4 [6395312..6395316) cell 6395312  cold=0 warm=-2.73726
      u4 [6395330..6395332) cell 6395328  cold=0 warm=1
      u4 [6396128..6396132) cell 6396128  cold=0 warm=0.0267944
      u4 [6396163..6396164) cell 6396160  cold=0 warm=0.5
      u4 [6396176..6396180) cell 6396176  cold=0 warm=0.333333
      u4 [6396192..6396196) cell 6396192  cold=0 warm=0.515128
      u4 ... 17 more runs
      u5 [102352..102355) cell 102352  cold=0.946161 warm=0.5409
      u5 [102528..102532) cell 102528  cold=0.333333 warm=0.121569
      u5 [6395312..6395316) cell 6395312  cold=0 warm=-2.73726
      u5 [6395330..6395332) cell 6395328  cold=0 warm=1
      u5 [6396128..6396132) cell 6396128  cold=0 warm=0.0267944
      u5 [6396163..6396164) cell 6396160  cold=0 warm=0.5
      u5 [6396176..6396180) cell 6396176  cold=0 warm=0.333333
      u5 [6396192..6396196) cell 6396192  cold=0 warm=0.515128
      u5 ... 17 more runs
      u6 [102352..102355) cell 102352  cold=0.946161 warm=0.5409
      u6 [102528..102532) cell 102528  cold=0.333333 warm=0.121569
      u6 [6395312..6395316) cell 6395312  cold=0 warm=-2.73726
      u6 [6395330..6395332) cell 6395328  cold=0 warm=1
      u6 [6396128..6396132) cell 6396128  cold=0 warm=0.0267944
      u6 [6396163..6396164) cell 6396160  cold=0 warm=0.5
      u6 [6396176..6396180) cell 6396176  cold=0 warm=0.333333
      u6 [6396192..6396196) cell 6396192  cold=0 warm=0.515128
      u6 ... 17 more runs
      u7 [102352..102355) cell 102352  cold=0.946161 warm=0.5409
      u7 [102528..102532) cell 102528  cold=0.333333 warm=0.121569
      u7 [6395312..6395316) cell 6395312  cold=0 warm=-2.73726
      u7 [6395330..6395332) cell 6395328  cold=0 warm=1
      u7 [6396128..6396132) cell 6396128  cold=0 warm=0.0267944
      u7 [6396163..6396164) cell 6396160  cold=0 warm=0.5
      u7 [6396176..6396180) cell 6396176  cold=0 warm=0.333333
      u7 [6396192..6396196) cell 6396192  cold=0 warm=0.515128
      u7 ... 17 more runs
      u8 [102352..102355) cell 102352  cold=0.946161 warm=0.5409
      u8 [102528..102532) cell 102528  cold=0.333333 warm=0.121569
      u8 [6395312..6395316) cell 6395312  cold=0 warm=-2.73726
      u8 [6395330..6395332) cell 6395328  cold=0 warm=1
      u8 [6396128..6396132) cell 6396128  cold=0 warm=0.0267944
      u8 [6396163..6396164) cell 6396160  cold=0 warm=0.5
      u8 [6396176..6396180) cell 6396176  cold=0 warm=0.333333
      u8 [6396192..6396196) cell 6396192  cold=0 warm=0.515128
      u8 ... 17 more runs
PAIR 49 -> 50 :   1116 differing bytes  units=[0, 1, 2, 3, 4, 5, 6, 7, 8]
      u0 [6497168..6497172) cell 6497168  cold=0 warm=0.099469
      u0 [6497184..6497188) cell 6497184  cold=0 warm=0.151557
      u0 [6497232..6497236) cell 6497232  cold=0 warm=1.37884
      u0 [6497248..6497252) cell 6497248  cold=0 warm=-0.530399
      u0 [6497266..6497268) cell 6497264  cold=0 warm=1
      u0 [6497280..6497284) cell 6497280  cold=0 warm=0.205802
      u0 [6497296..6497300) cell 6497296  cold=0 warm=1.41443
      u0 [6497314..6497316) cell 6497312  cold=0 warm=1
      u0 ... 34 more runs
      u1 [6497168..6497172) cell 6497168  cold=0 warm=0.099469
      u1 [6497184..6497188) cell 6497184  cold=0 warm=0.151557
      u1 [6497232..6497236) cell 6497232  cold=0 warm=1.37884
      u1 [6497248..6497252) cell 6497248  cold=0 warm=-0.530399
      u1 [6497266..6497268) cell 6497264  cold=0 warm=1
      u1 [6497280..6497284) cell 6497280  cold=0 warm=0.205802
      u1 [6497296..6497300) cell 6497296  cold=0 warm=1.41443
      u1 [6497314..6497316) cell 6497312  cold=0 warm=1
      u1 ... 34 more runs
      u2 [6497168..6497172) cell 6497168  cold=0 warm=0.099469
      u2 [6497184..6497188) cell 6497184  cold=0 warm=0.151557
      u2 [6497232..6497236) cell 6497232  cold=0 warm=1.37884
      u2 [6497248..6497252) cell 6497248  cold=0 warm=-0.530399
      u2 [6497266..6497268) cell 6497264  cold=0 warm=1
      u2 [6497280..6497284) cell 6497280  cold=0 warm=0.205802
      u2 [6497296..6497300) cell 6497296  cold=0 warm=1.41443
      u2 [6497314..6497316) cell 6497312  cold=0 warm=1
      u2 ... 34 more runs
      u3 [6497168..6497172) cell 6497168  cold=0 warm=0.099469
      u3 [6497184..6497188) cell 6497184  cold=0 warm=0.151557
      u3 [6497232..6497236) cell 6497232  cold=0 warm=1.37884
      u3 [6497248..6497252) cell 6497248  cold=0 warm=-0.530399
      u3 [6497266..6497268) cell 6497264  cold=0 warm=1
      u3 [6497280..6497284) cell 6497280  cold=0 warm=0.205802
      u3 [6497296..6497300) cell 6497296  cold=0 warm=1.41443
      u3 [6497314..6497316) cell 6497312  cold=0 warm=1
      u3 ... 34 more runs
      u4 [6497168..6497172) cell 6497168  cold=0 warm=0.099469
      u4 [6497184..6497188) cell 6497184  cold=0 warm=0.151557
      u4 [6497232..6497236) cell 6497232  cold=0 warm=1.37884
      u4 [6497248..6497252) cell 6497248  cold=0 warm=-0.530399
      u4 [6497266..6497268) cell 6497264  cold=0 warm=1
      u4 [6497280..6497284) cell 6497280  cold=0 warm=0.205802
      u4 [6497296..6497300) cell 6497296  cold=0 warm=1.41443
      u4 [6497314..6497316) cell 6497312  cold=0 warm=1
      u4 ... 34 more runs
      u5 [6497168..6497172) cell 6497168  cold=0 warm=0.099469
      u5 [6497184..6497188) cell 6497184  cold=0 warm=0.151557
      u5 [6497232..6497236) cell 6497232  cold=0 warm=1.37884
      u5 [6497248..6497252) cell 6497248  cold=0 warm=-0.530399
      u5 [6497266..6497268) cell 6497264  cold=0 warm=1
      u5 [6497280..6497284) cell 6497280  cold=0 warm=0.205802
      u5 [6497296..6497300) cell 6497296  cold=0 warm=1.41443
      u5 [6497314..6497316) cell 6497312  cold=0 warm=1
      u5 ... 34 more runs
      u6 [6497168..6497172) cell 6497168  cold=0 warm=0.099469
      u6 [6497184..6497188) cell 6497184  cold=0 warm=0.151557
      u6 [6497232..6497236) cell 6497232  cold=0 warm=1.37884
      u6 [6497248..6497252) cell 6497248  cold=0 warm=-0.530399
      u6 [6497266..6497268) cell 6497264  cold=0 warm=1
      u6 [6497280..6497284) cell 6497280  cold=0 warm=0.205802
      u6 [6497296..6497300) cell 6497296  cold=0 warm=1.41443
      u6 [6497314..6497316) cell 6497312  cold=0 warm=1
      u6 ... 34 more runs
      u7 [6497168..6497172) cell 6497168  cold=0 warm=0.099469
      u7 [6497184..6497188) cell 6497184  cold=0 warm=0.151557
      u7 [6497232..6497236) cell 6497232  cold=0 warm=1.37884
      u7 [6497248..6497252) cell 6497248  cold=0 warm=-0.530399
      u7 [6497266..6497268) cell 6497264  cold=0 warm=1
      u7 [6497280..6497284) cell 6497280  cold=0 warm=0.205802
      u7 [6497296..6497300) cell 6497296  cold=0 warm=1.41443
      u7 [6497314..6497316) cell 6497312  cold=0 warm=1
      u7 ... 34 more runs
      u8 [6497168..6497172) cell 6497168  cold=0 warm=0.099469
      u8 [6497184..6497188) cell 6497184  cold=0 warm=0.151557
      u8 [6497232..6497236) cell 6497232  cold=0 warm=1.37884
      u8 [6497248..6497252) cell 6497248  cold=0 warm=-0.530399
      u8 [6497266..6497268) cell 6497264  cold=0 warm=1
      u8 [6497280..6497284) cell 6497280  cold=0 warm=0.205802
      u8 [6497296..6497300) cell 6497296  cold=0 warm=1.41443
      u8 [6497314..6497316) cell 6497312  cold=0 warm=1
      u8 ... 34 more runs
PAIR 50 -> 51 :     99 differing bytes  units=[0, 1, 2, 3, 4, 5, 6, 7, 8]
      u0 [102560..102564) cell 102560  cold=0.423529 warm=0
      u0 [102608..102612) cell 102608  cold=0.00523598 warm=0.0113981
      u0 [102656..102659) cell 102656  cold=0.795497 warm=1
      u1 [102560..102564) cell 102560  cold=0.423529 warm=0
      u1 [102608..102612) cell 102608  cold=0.00523598 warm=0.0113981
      u1 [102656..102659) cell 102656  cold=0.795497 warm=1
      u2 [102560..102564) cell 102560  cold=0.423529 warm=0
      u2 [102608..102612) cell 102608  cold=0.00523598 warm=0.0113981
      u2 [102656..102659) cell 102656  cold=0.795497 warm=1
      u3 [102560..102564) cell 102560  cold=0.423529 warm=0
      u3 [102608..102612) cell 102608  cold=0.00523598 warm=0.0113981
      u3 [102656..102659) cell 102656  cold=0.795497 warm=1
      u4 [102560..102564) cell 102560  cold=0.423529 warm=0
      u4 [102608..102612) cell 102608  cold=0.00523598 warm=0.0113981
      u4 [102656..102659) cell 102656  cold=0.795497 warm=1
      u5 [102560..102564) cell 102560  cold=0.423529 warm=0
      u5 [102608..102612) cell 102608  cold=0.00523598 warm=0.0113981
      u5 [102656..102659) cell 102656  cold=0.795497 warm=1
      u6 [102560..102564) cell 102560  cold=0.423529 warm=0
      u6 [102608..102612) cell 102608  cold=0.00523598 warm=0.0113981
      u6 [102656..102659) cell 102656  cold=0.795497 warm=1
      u7 [102560..102564) cell 102560  cold=0.423529 warm=0
      u7 [102608..102612) cell 102608  cold=0.00523598 warm=0.0113981
      u7 [102656..102659) cell 102656  cold=0.795497 warm=1
      u8 [102560..102564) cell 102560  cold=0.423529 warm=0
      u8 [102608..102612) cell 102608  cold=0.00523598 warm=0.0113981
      u8 [102656..102659) cell 102656  cold=0.795497 warm=1
PAIR 51 -> 52 :    612 differing bytes  units=[0, 1, 2, 3, 4, 5, 6, 7, 8]
      u0 [6395313..6395316) cell 6395312  cold=0 warm=0.498039
      u0 [6395330..6395332) cell 6395328  cold=0 warm=1
      u0 [6396128..6396132) cell 6396128  cold=0 warm=0.0267944
      u0 [6396163..6396164) cell 6396160  cold=0 warm=0.5
      u0 [6396176..6396180) cell 6396176  cold=0 warm=0.333333
      u0 [6396192..6396196) cell 6396192  cold=0 warm=0.515128
      u0 [6396208..6396212) cell 6396208  cold=0 warm=1.03026
      u0 [6396224..6396228) cell 6396224  cold=0 warm=0.515128
      u0 ... 15 more runs
      u1 [6395313..6395316) cell 6395312  cold=0 warm=0.498039
      u1 [6395330..6395332) cell 6395328  cold=0 warm=1
      u1 [6396128..6396132) cell 6396128  cold=0 warm=0.0267944
      u1 [6396163..6396164) cell 6396160  cold=0 warm=0.5
      u1 [6396176..6396180) cell 6396176  cold=0 warm=0.333333
      u1 [6396192..6396196) cell 6396192  cold=0 warm=0.515128
      u1 [6396208..6396212) cell 6396208  cold=0 warm=1.03026
      u1 [6396224..6396228) cell 6396224  cold=0 warm=0.515128
      u1 ... 15 more runs
      u2 [6395313..6395316) cell 6395312  cold=0 warm=0.498039
      u2 [6395330..6395332) cell 6395328  cold=0 warm=1
      u2 [6396128..6396132) cell 6396128  cold=0 warm=0.0267944
      u2 [6396163..6396164) cell 6396160  cold=0 warm=0.5
      u2 [6396176..6396180) cell 6396176  cold=0 warm=0.333333
      u2 [6396192..6396196) cell 6396192  cold=0 warm=0.515128
      u2 [6396208..6396212) cell 6396208  cold=0 warm=1.03026
      u2 [6396224..6396228) cell 6396224  cold=0 warm=0.515128
      u2 ... 15 more runs
      u3 [6395313..6395316) cell 6395312  cold=0 warm=0.498039
      u3 [6395330..6395332) cell 6395328  cold=0 warm=1
      u3 [6396128..6396132) cell 6396128  cold=0 warm=0.0267944
      u3 [6396163..6396164) cell 6396160  cold=0 warm=0.5
      u3 [6396176..6396180) cell 6396176  cold=0 warm=0.333333
      u3 [6396192..6396196) cell 6396192  cold=0 warm=0.515128
      u3 [6396208..6396212) cell 6396208  cold=0 warm=1.03026
      u3 [6396224..6396228) cell 6396224  cold=0 warm=0.515128
      u3 ... 15 more runs
      u4 [6395313..6395316) cell 6395312  cold=0 warm=0.498039
      u4 [6395330..6395332) cell 6395328  cold=0 warm=1
      u4 [6396128..6396132) cell 6396128  cold=0 warm=0.0267944
      u4 [6396163..6396164) cell 6396160  cold=0 warm=0.5
      u4 [6396176..6396180) cell 6396176  cold=0 warm=0.333333
      u4 [6396192..6396196) cell 6396192  cold=0 warm=0.515128
      u4 [6396208..6396212) cell 6396208  cold=0 warm=1.03026
      u4 [6396224..6396228) cell 6396224  cold=0 warm=0.515128
      u4 ... 15 more runs
      u5 [6395313..6395316) cell 6395312  cold=0 warm=0.498039
      u5 [6395330..6395332) cell 6395328  cold=0 warm=1
      u5 [6396128..6396132) cell 6396128  cold=0 warm=0.0267944
      u5 [6396163..6396164) cell 6396160  cold=0 warm=0.5
      u5 [6396176..6396180) cell 6396176  cold=0 warm=0.333333
      u5 [6396192..6396196) cell 6396192  cold=0 warm=0.515128
      u5 [6396208..6396212) cell 6396208  cold=0 warm=1.03026
      u5 [6396224..6396228) cell 6396224  cold=0 warm=0.515128
      u5 ... 15 more runs
      u6 [6395313..6395316) cell 6395312  cold=0 warm=0.498039
      u6 [6395330..6395332) cell 6395328  cold=0 warm=1
      u6 [6396128..6396132) cell 6396128  cold=0 warm=0.0267944
      u6 [6396163..6396164) cell 6396160  cold=0 warm=0.5
      u6 [6396176..6396180) cell 6396176  cold=0 warm=0.333333
      u6 [6396192..6396196) cell 6396192  cold=0 warm=0.515128
      u6 [6396208..6396212) cell 6396208  cold=0 warm=1.03026
      u6 [6396224..6396228) cell 6396224  cold=0 warm=0.515128
      u6 ... 15 more runs
      u7 [6395313..6395316) cell 6395312  cold=0 warm=0.498039
      u7 [6395330..6395332) cell 6395328  cold=0 warm=1
      u7 [6396128..6396132) cell 6396128  cold=0 warm=0.0267944
      u7 [6396163..6396164) cell 6396160  cold=0 warm=0.5
      u7 [6396176..6396180) cell 6396176  cold=0 warm=0.333333
      u7 [6396192..6396196) cell 6396192  cold=0 warm=0.515128
      u7 [6396208..6396212) cell 6396208  cold=0 warm=1.03026
      u7 [6396224..6396228) cell 6396224  cold=0 warm=0.515128
      u7 ... 15 more runs
      u8 [6395313..6395316) cell 6395312  cold=0 warm=0.498039
      u8 [6395330..6395332) cell 6395328  cold=0 warm=1
      u8 [6396128..6396132) cell 6396128  cold=0 warm=0.0267944
      u8 [6396163..6396164) cell 6396160  cold=0 warm=0.5
      u8 [6396176..6396180) cell 6396176  cold=0 warm=0.333333
      u8 [6396192..6396196) cell 6396192  cold=0 warm=0.515128
      u8 [6396208..6396212) cell 6396208  cold=0 warm=1.03026
      u8 [6396224..6396228) cell 6396224  cold=0 warm=0.515128
      u8 ... 15 more runs
PAIR 52 -> 53 :      0 differing bytes  units=[]
PAIR 53 -> 54 :      0 differing bytes  units=[]
PAIR 54 -> 55 :    117 differing bytes  units=[0, 1, 2, 3, 4, 5, 6, 7, 8]
      u0 [91200..91203) cell 91200  cold=0.0025098 warm=0.0024902
      u0 [102560..102563) cell 102560  cold=0.423529 warm=0.268235
      u0 [102608..102612) cell 102608  cold=0.00523598 warm=0.0113981
      u0 [102656..102659) cell 102656  cold=0.795497 warm=1
      u1 [91200..91203) cell 91200  cold=0.0025098 warm=0.0024902
      u1 [102560..102563) cell 102560  cold=0.423529 warm=0.268235
      u1 [102608..102612) cell 102608  cold=0.00523598 warm=0.0113981
      u1 [102656..102659) cell 102656  cold=0.795497 warm=1
      u2 [91200..91203) cell 91200  cold=0.0025098 warm=0.0024902
      u2 [102560..102563) cell 102560  cold=0.423529 warm=0.268235
      u2 [102608..102612) cell 102608  cold=0.00523598 warm=0.0113981
      u2 [102656..102659) cell 102656  cold=0.795497 warm=1
      u3 [91200..91203) cell 91200  cold=0.0025098 warm=0.0024902
      u3 [102560..102563) cell 102560  cold=0.423529 warm=0.268235
      u3 [102608..102612) cell 102608  cold=0.00523598 warm=0.0113981
      u3 [102656..102659) cell 102656  cold=0.795497 warm=1
      u4 [91200..91203) cell 91200  cold=0.0025098 warm=0.0024902
      u4 [102560..102563) cell 102560  cold=0.423529 warm=0.268235
      u4 [102608..102612) cell 102608  cold=0.00523598 warm=0.0113981
      u4 [102656..102659) cell 102656  cold=0.795497 warm=1
      u5 [91200..91203) cell 91200  cold=0.0025098 warm=0.0024902
      u5 [102560..102563) cell 102560  cold=0.423529 warm=0.268235
      u5 [102608..102612) cell 102608  cold=0.00523598 warm=0.0113981
      u5 [102656..102659) cell 102656  cold=0.795497 warm=1
      u6 [91200..91203) cell 91200  cold=0.0025098 warm=0.0024902
      u6 [102560..102563) cell 102560  cold=0.423529 warm=0.268235
      u6 [102608..102612) cell 102608  cold=0.00523598 warm=0.0113981
      u6 [102656..102659) cell 102656  cold=0.795497 warm=1
      u7 [91200..91203) cell 91200  cold=0.0025098 warm=0.0024902
      u7 [102560..102563) cell 102560  cold=0.423529 warm=0.268235
      u7 [102608..102612) cell 102608  cold=0.00523598 warm=0.0113981
      u7 [102656..102659) cell 102656  cold=0.795497 warm=1
      u8 [91200..91203) cell 91200  cold=0.0025098 warm=0.0024902
      u8 [102560..102563) cell 102560  cold=0.423529 warm=0.268235
      u8 [102608..102612) cell 102608  cold=0.00523598 warm=0.0113981
      u8 [102656..102659) cell 102656  cold=0.795497 warm=1
PAIR 55 -> 56 :    756 differing bytes  units=[0, 1, 2, 3, 4, 5, 6, 7, 8]
      u0 [96352..96356) cell 96352  cold=0 warm=5.98869e-05
      u0 [96384..96388) cell 96384  cold=0 warm=6.63937e-05
      u0 [96402..96404) cell 96400  cold=0 warm=1
      u0 [96418..96420) cell 96416  cold=0 warm=1
      u0 [102352..102356) cell 102352  cold=0.444 warm=0.799298
      u0 [102528..102531) cell 102528  cold=0.219608 warm=0.196078
      u0 [4297584..4297588) cell 4297584  cold=0 warm=0.444
      u0 [4297600..4297604) cell 4297600  cold=0 warm=0.151557
      u0 ... 20 more runs
      u1 [96352..96356) cell 96352  cold=0 warm=5.98869e-05
      u1 [96384..96388) cell 96384  cold=0 warm=6.63937e-05
      u1 [96402..96404) cell 96400  cold=0 warm=1
      u1 [96418..96420) cell 96416  cold=0 warm=1
      u1 [102352..102356) cell 102352  cold=0.444 warm=0.799298
      u1 [102528..102531) cell 102528  cold=0.219608 warm=0.196078
      u1 [4297584..4297588) cell 4297584  cold=0 warm=0.444
      u1 [4297600..4297604) cell 4297600  cold=0 warm=0.151557
      u1 ... 20 more runs
      u2 [96352..96356) cell 96352  cold=0 warm=5.98869e-05
      u2 [96384..96388) cell 96384  cold=0 warm=6.63937e-05
      u2 [96402..96404) cell 96400  cold=0 warm=1
      u2 [96418..96420) cell 96416  cold=0 warm=1
      u2 [102352..102356) cell 102352  cold=0.444 warm=0.799298
      u2 [102528..102531) cell 102528  cold=0.219608 warm=0.196078
      u2 [4297584..4297588) cell 4297584  cold=0 warm=0.444
      u2 [4297600..4297604) cell 4297600  cold=0 warm=0.151557
      u2 ... 20 more runs
      u3 [96352..96356) cell 96352  cold=0 warm=5.98869e-05
      u3 [96384..96388) cell 96384  cold=0 warm=6.63937e-05
      u3 [96402..96404) cell 96400  cold=0 warm=1
      u3 [96418..96420) cell 96416  cold=0 warm=1
      u3 [102352..102356) cell 102352  cold=0.444 warm=0.799298
      u3 [102528..102531) cell 102528  cold=0.219608 warm=0.196078
      u3 [4297584..4297588) cell 4297584  cold=0 warm=0.444
      u3 [4297600..4297604) cell 4297600  cold=0 warm=0.151557
      u3 ... 20 more runs
      u4 [96352..96356) cell 96352  cold=0 warm=5.98869e-05
      u4 [96384..96388) cell 96384  cold=0 warm=6.63937e-05
      u4 [96402..96404) cell 96400  cold=0 warm=1
      u4 [96418..96420) cell 96416  cold=0 warm=1
      u4 [102352..102356) cell 102352  cold=0.444 warm=0.799298
      u4 [102528..102531) cell 102528  cold=0.219608 warm=0.196078
      u4 [4297584..4297588) cell 4297584  cold=0 warm=0.444
      u4 [4297600..4297604) cell 4297600  cold=0 warm=0.151557
      u4 ... 20 more runs
      u5 [96352..96356) cell 96352  cold=0 warm=5.98869e-05
      u5 [96384..96388) cell 96384  cold=0 warm=6.63937e-05
      u5 [96402..96404) cell 96400  cold=0 warm=1
      u5 [96418..96420) cell 96416  cold=0 warm=1
      u5 [102352..102356) cell 102352  cold=0.444 warm=0.799298
      u5 [102528..102531) cell 102528  cold=0.219608 warm=0.196078
      u5 [4297584..4297588) cell 4297584  cold=0 warm=0.444
      u5 [4297600..4297604) cell 4297600  cold=0 warm=0.151557
      u5 ... 20 more runs
      u6 [96352..96356) cell 96352  cold=0 warm=5.98869e-05
      u6 [96384..96388) cell 96384  cold=0 warm=6.63937e-05
      u6 [96402..96404) cell 96400  cold=0 warm=1
      u6 [96418..96420) cell 96416  cold=0 warm=1
      u6 [102352..102356) cell 102352  cold=0.444 warm=0.799298
      u6 [102528..102531) cell 102528  cold=0.219608 warm=0.196078
      u6 [4297584..4297588) cell 4297584  cold=0 warm=0.444
      u6 [4297600..4297604) cell 4297600  cold=0 warm=0.151557
      u6 ... 20 more runs
      u7 [96352..96356) cell 96352  cold=0 warm=5.98869e-05
      u7 [96384..96388) cell 96384  cold=0 warm=6.63937e-05
      u7 [96402..96404) cell 96400  cold=0 warm=1
      u7 [96418..96420) cell 96416  cold=0 warm=1
      u7 [102352..102356) cell 102352  cold=0.444 warm=0.799298
      u7 [102528..102531) cell 102528  cold=0.219608 warm=0.196078
      u7 [4297584..4297588) cell 4297584  cold=0 warm=0.444
      u7 [4297600..4297604) cell 4297600  cold=0 warm=0.151557
      u7 ... 20 more runs
      u8 [96352..96356) cell 96352  cold=0 warm=5.98869e-05
      u8 [96384..96388) cell 96384  cold=0 warm=6.63937e-05
      u8 [96402..96404) cell 96400  cold=0 warm=1
      u8 [96418..96420) cell 96416  cold=0 warm=1
      u8 [102352..102356) cell 102352  cold=0.444 warm=0.799298
      u8 [102528..102531) cell 102528  cold=0.219608 warm=0.196078
      u8 [4297584..4297588) cell 4297584  cold=0 warm=0.444
      u8 [4297600..4297604) cell 4297600  cold=0 warm=0.151557
      u8 ... 20 more runs
PAIR 56 -> 57 :     54 differing bytes  units=[0, 1, 2, 3, 4, 5, 6, 7, 8]
      u0 [102353..102355) cell 102352  cold=0.420448 warm=0.444
      u0 [102528..102532) cell 102528  cold=1 warm=0.219608
      u1 [102353..102355) cell 102352  cold=0.420448 warm=0.444
      u1 [102528..102532) cell 102528  cold=1 warm=0.219608
      u2 [102353..102355) cell 102352  cold=0.420448 warm=0.444
      u2 [102528..102532) cell 102528  cold=1 warm=0.219608
      u3 [102353..102355) cell 102352  cold=0.420448 warm=0.444
      u3 [102528..102532) cell 102528  cold=1 warm=0.219608
      u4 [102353..102355) cell 102352  cold=0.420448 warm=0.444
      u4 [102528..102532) cell 102528  cold=1 warm=0.219608
      u5 [102353..102355) cell 102352  cold=0.420448 warm=0.444
      u5 [102528..102532) cell 102528  cold=1 warm=0.219608
      u6 [102353..102355) cell 102352  cold=0.420448 warm=0.444
      u6 [102528..102532) cell 102528  cold=1 warm=0.219608
      u7 [102353..102355) cell 102352  cold=0.420448 warm=0.444
      u7 [102528..102532) cell 102528  cold=1 warm=0.219608
      u8 [102353..102355) cell 102352  cold=0.420448 warm=0.444
      u8 [102528..102532) cell 102528  cold=1 warm=0.219608
PAIR 57 -> 58 :     63 differing bytes  units=[0, 1, 2, 3, 4, 5, 6, 7, 8]
      u0 [102352..102355) cell 102352  cold=0.360559 warm=0.420448
      u0 [102528..102532) cell 102528  cold=0.2 warm=1
      u1 [102352..102355) cell 102352  cold=0.360559 warm=0.420448
      u1 [102528..102532) cell 102528  cold=0.2 warm=1
      u2 [102352..102355) cell 102352  cold=0.360559 warm=0.420448
      u2 [102528..102532) cell 102528  cold=0.2 warm=1
      u3 [102352..102355) cell 102352  cold=0.360559 warm=0.420448
      u3 [102528..102532) cell 102528  cold=0.2 warm=1
      u4 [102352..102355) cell 102352  cold=0.360559 warm=0.420448
      u4 [102528..102532) cell 102528  cold=0.2 warm=1
      u5 [102352..102355) cell 102352  cold=0.360559 warm=0.420448
      u5 [102528..102532) cell 102528  cold=0.2 warm=1
      u6 [102352..102355) cell 102352  cold=0.360559 warm=0.420448
      u6 [102528..102532) cell 102528  cold=0.2 warm=1
      u7 [102352..102355) cell 102352  cold=0.360559 warm=0.420448
      u7 [102528..102532) cell 102528  cold=0.2 warm=1
      u8 [102352..102355) cell 102352  cold=0.360559 warm=0.420448
      u8 [102528..102532) cell 102528  cold=0.2 warm=1
PAIR 58 -> 59 :    621 differing bytes  units=[0, 1, 2, 3, 4, 5, 6, 7, 8]
      u0 [6395312..6395316) cell 6395312  cold=0 warm=-0.494117
      u0 [6395330..6395332) cell 6395328  cold=0 warm=1
      u0 [6396128..6396132) cell 6396128  cold=0 warm=0.0267944
      u0 [6396163..6396164) cell 6396160  cold=0 warm=0.5
      u0 [6396176..6396180) cell 6396176  cold=0 warm=0.333333
      u0 [6396192..6396196) cell 6396192  cold=0 warm=0.515128
      u0 [6396208..6396212) cell 6396208  cold=0 warm=1.03026
      u0 [6396224..6396228) cell 6396224  cold=0 warm=0.515128
      u0 ... 15 more runs
      u1 [6395312..6395316) cell 6395312  cold=0 warm=-0.494117
      u1 [6395330..6395332) cell 6395328  cold=0 warm=1
      u1 [6396128..6396132) cell 6396128  cold=0 warm=0.0267944
      u1 [6396163..6396164) cell 6396160  cold=0 warm=0.5
      u1 [6396176..6396180) cell 6396176  cold=0 warm=0.333333
      u1 [6396192..6396196) cell 6396192  cold=0 warm=0.515128
      u1 [6396208..6396212) cell 6396208  cold=0 warm=1.03026
      u1 [6396224..6396228) cell 6396224  cold=0 warm=0.515128
      u1 ... 15 more runs
      u2 [6395312..6395316) cell 6395312  cold=0 warm=-0.494117
      u2 [6395330..6395332) cell 6395328  cold=0 warm=1
      u2 [6396128..6396132) cell 6396128  cold=0 warm=0.0267944
      u2 [6396163..6396164) cell 6396160  cold=0 warm=0.5
      u2 [6396176..6396180) cell 6396176  cold=0 warm=0.333333
      u2 [6396192..6396196) cell 6396192  cold=0 warm=0.515128
      u2 [6396208..6396212) cell 6396208  cold=0 warm=1.03026
      u2 [6396224..6396228) cell 6396224  cold=0 warm=0.515128
      u2 ... 15 more runs
      u3 [6395312..6395316) cell 6395312  cold=0 warm=-0.494117
      u3 [6395330..6395332) cell 6395328  cold=0 warm=1
      u3 [6396128..6396132) cell 6396128  cold=0 warm=0.0267944
      u3 [6396163..6396164) cell 6396160  cold=0 warm=0.5
      u3 [6396176..6396180) cell 6396176  cold=0 warm=0.333333
      u3 [6396192..6396196) cell 6396192  cold=0 warm=0.515128
      u3 [6396208..6396212) cell 6396208  cold=0 warm=1.03026
      u3 [6396224..6396228) cell 6396224  cold=0 warm=0.515128
      u3 ... 15 more runs
      u4 [6395312..6395316) cell 6395312  cold=0 warm=-0.494117
      u4 [6395330..6395332) cell 6395328  cold=0 warm=1
      u4 [6396128..6396132) cell 6396128  cold=0 warm=0.0267944
      u4 [6396163..6396164) cell 6396160  cold=0 warm=0.5
      u4 [6396176..6396180) cell 6396176  cold=0 warm=0.333333
      u4 [6396192..6396196) cell 6396192  cold=0 warm=0.515128
      u4 [6396208..6396212) cell 6396208  cold=0 warm=1.03026
      u4 [6396224..6396228) cell 6396224  cold=0 warm=0.515128
      u4 ... 15 more runs
      u5 [6395312..6395316) cell 6395312  cold=0 warm=-0.494117
      u5 [6395330..6395332) cell 6395328  cold=0 warm=1
      u5 [6396128..6396132) cell 6396128  cold=0 warm=0.0267944
      u5 [6396163..6396164) cell 6396160  cold=0 warm=0.5
      u5 [6396176..6396180) cell 6396176  cold=0 warm=0.333333
      u5 [6396192..6396196) cell 6396192  cold=0 warm=0.515128
      u5 [6396208..6396212) cell 6396208  cold=0 warm=1.03026
      u5 [6396224..6396228) cell 6396224  cold=0 warm=0.515128
      u5 ... 15 more runs
      u6 [6395312..6395316) cell 6395312  cold=0 warm=-0.494117
      u6 [6395330..6395332) cell 6395328  cold=0 warm=1
      u6 [6396128..6396132) cell 6396128  cold=0 warm=0.0267944
      u6 [6396163..6396164) cell 6396160  cold=0 warm=0.5
      u6 [6396176..6396180) cell 6396176  cold=0 warm=0.333333
      u6 [6396192..6396196) cell 6396192  cold=0 warm=0.515128
      u6 [6396208..6396212) cell 6396208  cold=0 warm=1.03026
      u6 [6396224..6396228) cell 6396224  cold=0 warm=0.515128
      u6 ... 15 more runs
      u7 [6395312..6395316) cell 6395312  cold=0 warm=-0.494117
      u7 [6395330..6395332) cell 6395328  cold=0 warm=1
      u7 [6396128..6396132) cell 6396128  cold=0 warm=0.0267944
      u7 [6396163..6396164) cell 6396160  cold=0 warm=0.5
      u7 [6396176..6396180) cell 6396176  cold=0 warm=0.333333
      u7 [6396192..6396196) cell 6396192  cold=0 warm=0.515128
      u7 [6396208..6396212) cell 6396208  cold=0 warm=1.03026
      u7 [6396224..6396228) cell 6396224  cold=0 warm=0.515128
      u7 ... 15 more runs
      u8 [6395312..6395316) cell 6395312  cold=0 warm=-0.494117
      u8 [6395330..6395332) cell 6395328  cold=0 warm=1
      u8 [6396128..6396132) cell 6396128  cold=0 warm=0.0267944
      u8 [6396163..6396164) cell 6396160  cold=0 warm=0.5
      u8 [6396176..6396180) cell 6396176  cold=0 warm=0.333333
      u8 [6396192..6396196) cell 6396192  cold=0 warm=0.515128
      u8 [6396208..6396212) cell 6396208  cold=0 warm=1.03026
      u8 [6396224..6396228) cell 6396224  cold=0 warm=0.515128
      u8 ... 15 more runs
PAIR 59 -> 60 :      0 differing bytes  units=[]
PAIR 60 -> 61 :     99 differing bytes  units=[0, 1, 2, 3, 4, 5, 6, 7, 8]
      u0 [102560..102564) cell 102560  cold=0.423529 warm=0.536471
      u0 [102608..102612) cell 102608  cold=0.00523598 warm=0.0113981
      u0 [102656..102659) cell 102656  cold=0.795497 warm=1
      u1 [102560..102564) cell 102560  cold=0.423529 warm=0.536471
      u1 [102608..102612) cell 102608  cold=0.00523598 warm=0.0113981
      u1 [102656..102659) cell 102656  cold=0.795497 warm=1
      u2 [102560..102564) cell 102560  cold=0.423529 warm=0.536471
      u2 [102608..102612) cell 102608  cold=0.00523598 warm=0.0113981
      u2 [102656..102659) cell 102656  cold=0.795497 warm=1
      u3 [102560..102564) cell 102560  cold=0.423529 warm=0.536471
      u3 [102608..102612) cell 102608  cold=0.00523598 warm=0.0113981
      u3 [102656..102659) cell 102656  cold=0.795497 warm=1
      u4 [102560..102564) cell 102560  cold=0.423529 warm=0.536471
      u4 [102608..102612) cell 102608  cold=0.00523598 warm=0.0113981
      u4 [102656..102659) cell 102656  cold=0.795497 warm=1
      u5 [102560..102564) cell 102560  cold=0.423529 warm=0.536471
      u5 [102608..102612) cell 102608  cold=0.00523598 warm=0.0113981
      u5 [102656..102659) cell 102656  cold=0.795497 warm=1
      u6 [102560..102564) cell 102560  cold=0.423529 warm=0.536471
      u6 [102608..102612) cell 102608  cold=0.00523598 warm=0.0113981
      u6 [102656..102659) cell 102656  cold=0.795497 warm=1
      u7 [102560..102564) cell 102560  cold=0.423529 warm=0.536471
      u7 [102608..102612) cell 102608  cold=0.00523598 warm=0.0113981
      u7 [102656..102659) cell 102656  cold=0.795497 warm=1
      u8 [102560..102564) cell 102560  cold=0.423529 warm=0.536471
      u8 [102608..102612) cell 102608  cold=0.00523598 warm=0.0113981
      u8 [102656..102659) cell 102656  cold=0.795497 warm=1
PAIR 61 -> 62 :    648 differing bytes  units=[0, 1, 2, 3, 4, 5, 6, 7, 8]
      u0 [102352..102355) cell 102352  cold=0.225977 warm=0.420448
      u0 [102528..102532) cell 102528  cold=0.294118 warm=0.0862745
      u0 [4297584..4297588) cell 4297584  cold=0 warm=0.225977
      u0 [4297600..4297604) cell 4297600  cold=0 warm=0.151557
      u0 [4297648..4297652) cell 4297648  cold=0 warm=1.37884
      u0 [4297664..4297668) cell 4297664  cold=0 warm=-0.530399
      u0 [4297682..4297684) cell 4297680  cold=0 warm=1
      u0 [4297696..4297700) cell 4297696  cold=0 warm=0.205802
      u0 ... 16 more runs
      u1 [102352..102355) cell 102352  cold=0.225977 warm=0.420448
      u1 [102528..102532) cell 102528  cold=0.294118 warm=0.0862745
      u1 [4297584..4297588) cell 4297584  cold=0 warm=0.225977
      u1 [4297600..4297604) cell 4297600  cold=0 warm=0.151557
      u1 [4297648..4297652) cell 4297648  cold=0 warm=1.37884
      u1 [4297664..4297668) cell 4297664  cold=0 warm=-0.530399
      u1 [4297682..4297684) cell 4297680  cold=0 warm=1
      u1 [4297696..4297700) cell 4297696  cold=0 warm=0.205802
      u1 ... 16 more runs
      u2 [102352..102355) cell 102352  cold=0.225977 warm=0.420448
      u2 [102528..102532) cell 102528  cold=0.294118 warm=0.0862745
      u2 [4297584..4297588) cell 4297584  cold=0 warm=0.225977
      u2 [4297600..4297604) cell 4297600  cold=0 warm=0.151557
      u2 [4297648..4297652) cell 4297648  cold=0 warm=1.37884
      u2 [4297664..4297668) cell 4297664  cold=0 warm=-0.530399
      u2 [4297682..4297684) cell 4297680  cold=0 warm=1
      u2 [4297696..4297700) cell 4297696  cold=0 warm=0.205802
      u2 ... 16 more runs
      u3 [102352..102355) cell 102352  cold=0.225977 warm=0.420448
      u3 [102528..102532) cell 102528  cold=0.294118 warm=0.0862745
      u3 [4297584..4297588) cell 4297584  cold=0 warm=0.225977
      u3 [4297600..4297604) cell 4297600  cold=0 warm=0.151557
      u3 [4297648..4297652) cell 4297648  cold=0 warm=1.37884
      u3 [4297664..4297668) cell 4297664  cold=0 warm=-0.530399
      u3 [4297682..4297684) cell 4297680  cold=0 warm=1
      u3 [4297696..4297700) cell 4297696  cold=0 warm=0.205802
      u3 ... 16 more runs
      u4 [102352..102355) cell 102352  cold=0.225977 warm=0.420448
      u4 [102528..102532) cell 102528  cold=0.294118 warm=0.0862745
      u4 [4297584..4297588) cell 4297584  cold=0 warm=0.225977
      u4 [4297600..4297604) cell 4297600  cold=0 warm=0.151557
      u4 [4297648..4297652) cell 4297648  cold=0 warm=1.37884
      u4 [4297664..4297668) cell 4297664  cold=0 warm=-0.530399
      u4 [4297682..4297684) cell 4297680  cold=0 warm=1
      u4 [4297696..4297700) cell 4297696  cold=0 warm=0.205802
      u4 ... 16 more runs
      u5 [102352..102355) cell 102352  cold=0.225977 warm=0.420448
      u5 [102528..102532) cell 102528  cold=0.294118 warm=0.0862745
      u5 [4297584..4297588) cell 4297584  cold=0 warm=0.225977
      u5 [4297600..4297604) cell 4297600  cold=0 warm=0.151557
      u5 [4297648..4297652) cell 4297648  cold=0 warm=1.37884
      u5 [4297664..4297668) cell 4297664  cold=0 warm=-0.530399
      u5 [4297682..4297684) cell 4297680  cold=0 warm=1
      u5 [4297696..4297700) cell 4297696  cold=0 warm=0.205802
      u5 ... 16 more runs
      u6 [102352..102355) cell 102352  cold=0.225977 warm=0.420448
      u6 [102528..102532) cell 102528  cold=0.294118 warm=0.0862745
      u6 [4297584..4297588) cell 4297584  cold=0 warm=0.225977
      u6 [4297600..4297604) cell 4297600  cold=0 warm=0.151557
      u6 [4297648..4297652) cell 4297648  cold=0 warm=1.37884
      u6 [4297664..4297668) cell 4297664  cold=0 warm=-0.530399
      u6 [4297682..4297684) cell 4297680  cold=0 warm=1
      u6 [4297696..4297700) cell 4297696  cold=0 warm=0.205802
      u6 ... 16 more runs
      u7 [102352..102355) cell 102352  cold=0.225977 warm=0.420448
      u7 [102528..102532) cell 102528  cold=0.294118 warm=0.0862745
      u7 [4297584..4297588) cell 4297584  cold=0 warm=0.225977
      u7 [4297600..4297604) cell 4297600  cold=0 warm=0.151557
      u7 [4297648..4297652) cell 4297648  cold=0 warm=1.37884
      u7 [4297664..4297668) cell 4297664  cold=0 warm=-0.530399
      u7 [4297682..4297684) cell 4297680  cold=0 warm=1
      u7 [4297696..4297700) cell 4297696  cold=0 warm=0.205802
      u7 ... 16 more runs
      u8 [102352..102355) cell 102352  cold=0.225977 warm=0.420448
      u8 [102528..102532) cell 102528  cold=0.294118 warm=0.0862745
      u8 [4297584..4297588) cell 4297584  cold=0 warm=0.225977
      u8 [4297600..4297604) cell 4297600  cold=0 warm=0.151557
      u8 [4297648..4297652) cell 4297648  cold=0 warm=1.37884
      u8 [4297664..4297668) cell 4297664  cold=0 warm=-0.530399
      u8 [4297682..4297684) cell 4297680  cold=0 warm=1
      u8 [4297696..4297700) cell 4297696  cold=0 warm=0.205802
      u8 ... 16 more runs
PAIR 62 -> 63 :    603 differing bytes  units=[0, 1, 2, 3, 4, 5, 6, 7, 8]
      u0 [6395312..6395316) cell 6395312  cold=0 warm=0.196078
      u0 [6395330..6395332) cell 6395328  cold=0 warm=1
      u0 [6396128..6396132) cell 6396128  cold=0 warm=0.0267944
      u0 [6396163..6396164) cell 6396160  cold=0 warm=0.5
      u0 [6396178..6396180) cell 6396176  cold=0 warm=1
      u0 [6396192..6396196) cell 6396192  cold=0 warm=0.515128
      u0 [6396208..6396212) cell 6396208  cold=0 warm=1.03026
      u0 [6396224..6396228) cell 6396224  cold=0 warm=0.515128
      u0 ... 15 more runs
      u1 [6395312..6395316) cell 6395312  cold=0 warm=0.196078
      u1 [6395330..6395332) cell 6395328  cold=0 warm=1
      u1 [6396128..6396132) cell 6396128  cold=0 warm=0.0267944
      u1 [6396163..6396164) cell 6396160  cold=0 warm=0.5
      u1 [6396178..6396180) cell 6396176  cold=0 warm=1
      u1 [6396192..6396196) cell 6396192  cold=0 warm=0.515128
      u1 [6396208..6396212) cell 6396208  cold=0 warm=1.03026
      u1 [6396224..6396228) cell 6396224  cold=0 warm=0.515128
      u1 ... 15 more runs
      u2 [6395312..6395316) cell 6395312  cold=0 warm=0.196078
      u2 [6395330..6395332) cell 6395328  cold=0 warm=1
      u2 [6396128..6396132) cell 6396128  cold=0 warm=0.0267944
      u2 [6396163..6396164) cell 6396160  cold=0 warm=0.5
      u2 [6396178..6396180) cell 6396176  cold=0 warm=1
      u2 [6396192..6396196) cell 6396192  cold=0 warm=0.515128
      u2 [6396208..6396212) cell 6396208  cold=0 warm=1.03026
      u2 [6396224..6396228) cell 6396224  cold=0 warm=0.515128
      u2 ... 15 more runs
      u3 [6395312..6395316) cell 6395312  cold=0 warm=0.196078
      u3 [6395330..6395332) cell 6395328  cold=0 warm=1
      u3 [6396128..6396132) cell 6396128  cold=0 warm=0.0267944
      u3 [6396163..6396164) cell 6396160  cold=0 warm=0.5
      u3 [6396178..6396180) cell 6396176  cold=0 warm=1
      u3 [6396192..6396196) cell 6396192  cold=0 warm=0.515128
      u3 [6396208..6396212) cell 6396208  cold=0 warm=1.03026
      u3 [6396224..6396228) cell 6396224  cold=0 warm=0.515128
      u3 ... 15 more runs
      u4 [6395312..6395316) cell 6395312  cold=0 warm=0.196078
      u4 [6395330..6395332) cell 6395328  cold=0 warm=1
      u4 [6396128..6396132) cell 6396128  cold=0 warm=0.0267944
      u4 [6396163..6396164) cell 6396160  cold=0 warm=0.5
      u4 [6396178..6396180) cell 6396176  cold=0 warm=1
      u4 [6396192..6396196) cell 6396192  cold=0 warm=0.515128
      u4 [6396208..6396212) cell 6396208  cold=0 warm=1.03026
      u4 [6396224..6396228) cell 6396224  cold=0 warm=0.515128
      u4 ... 15 more runs
      u5 [6395312..6395316) cell 6395312  cold=0 warm=0.196078
      u5 [6395330..6395332) cell 6395328  cold=0 warm=1
      u5 [6396128..6396132) cell 6396128  cold=0 warm=0.0267944
      u5 [6396163..6396164) cell 6396160  cold=0 warm=0.5
      u5 [6396178..6396180) cell 6396176  cold=0 warm=1
      u5 [6396192..6396196) cell 6396192  cold=0 warm=0.515128
      u5 [6396208..6396212) cell 6396208  cold=0 warm=1.03026
      u5 [6396224..6396228) cell 6396224  cold=0 warm=0.515128
      u5 ... 15 more runs
      u6 [6395312..6395316) cell 6395312  cold=0 warm=0.196078
      u6 [6395330..6395332) cell 6395328  cold=0 warm=1
      u6 [6396128..6396132) cell 6396128  cold=0 warm=0.0267944
      u6 [6396163..6396164) cell 6396160  cold=0 warm=0.5
      u6 [6396178..6396180) cell 6396176  cold=0 warm=1
      u6 [6396192..6396196) cell 6396192  cold=0 warm=0.515128
      u6 [6396208..6396212) cell 6396208  cold=0 warm=1.03026
      u6 [6396224..6396228) cell 6396224  cold=0 warm=0.515128
      u6 ... 15 more runs
      u7 [6395312..6395316) cell 6395312  cold=0 warm=0.196078
      u7 [6395330..6395332) cell 6395328  cold=0 warm=1
      u7 [6396128..6396132) cell 6396128  cold=0 warm=0.0267944
      u7 [6396163..6396164) cell 6396160  cold=0 warm=0.5
      u7 [6396178..6396180) cell 6396176  cold=0 warm=1
      u7 [6396192..6396196) cell 6396192  cold=0 warm=0.515128
      u7 [6396208..6396212) cell 6396208  cold=0 warm=1.03026
      u7 [6396224..6396228) cell 6396224  cold=0 warm=0.515128
      u7 ... 15 more runs
      u8 [6395312..6395316) cell 6395312  cold=0 warm=0.196078
      u8 [6395330..6395332) cell 6395328  cold=0 warm=1
      u8 [6396128..6396132) cell 6396128  cold=0 warm=0.0267944
      u8 [6396163..6396164) cell 6396160  cold=0 warm=0.5
      u8 [6396178..6396180) cell 6396176  cold=0 warm=1
      u8 [6396192..6396196) cell 6396192  cold=0 warm=0.515128
      u8 [6396208..6396212) cell 6396208  cold=0 warm=1.03026
      u8 [6396224..6396228) cell 6396224  cold=0 warm=0.515128
      u8 ... 15 more runs
PAIR 63 ->  0 :      0 differing bytes  units=[]

=== PLUGIN warm-vs-cold, variant=enum rate=44100, 64 pairs ===
    pairs with ANY differing byte over the whole 9x0xA83010 state : 50 of 64
    worst 1179 bytes
