id	name	min	max	default	flags
0	LCD Contrast	0	9	4	0x0
1	LED Brightness	0	9	7	0x0
2	KNOB INDICATOR	0	1	1	0x0
3	Auto Power Off	0	2	2	0x0
4	Startup	0	1	0	0x0
5	Startup PATCH Model	0	3	0	0x0
6	Startup PATCH Memory	-1	63	0	0x0
7	Startup PERFORM	0	63	0	0x0
8	Knob Mode	0	1	0	0x0
9	LED Demo	0	10	5	0x0
10	Shop Mode	0	1	0	0x0
11	USB Driver	0	1	0	0x0
12	Keyboard Velocity SW	0	1	0	0x0
13	Keyboard Fixed Velocity	0	126	126	0x0
14	Keyboard Velocity Curve	0	2	1	0x0
15	Keyboard Velocity Offset	-10	10	0	0x0
16	HOLD PEDAL Polarity	0	1	0	0x0
17	EXPRESSION PEDAL Polarity	0	1	0	0x0
18	Local SW	0	2	1	0x0
19	Master Tune (SYSTEM-1)	0	20	10	0x0
20	MASTER TUNE	-100	100	0	0x0
21	Boost Mode	0	1	0	0x0
22	Output Gain	-12	12	0	0x0
23	Tempo Sync	0	3	0	0x0
24	Start / Stop	0	1	1	0x0
25	Sync Output	0	1	1	0x0
26	Click (Metoronome) Mode	0	4	0	0x0
27	Click (Metoronome) Level	0	127	0	0x0
28	Click (Metoronome) Type	0	3	0	0x0
29	MIDI Device ID	0	15	0	0x0
30	Remote Keyboard	0	1	0	0x0
31	MIDI Omni Mode	0	1	0	0x0
32	MIDI Channel (PATCH)	1	16	1	0x0
33	MIDI Channel (PERFORM)	0	16	16	0x0
34	MIDI Channel (Upper)	1	16	1	0x0
35	MIDI Channel (Lower)	1	16	2	0x0
36	MIDI Tx Program Change	0	1	1	0x0
37	MIDI Tx Bank Select	0	1	1	0x0
38	MIDI Tx Edit Data	0	1	1	0x0
39	MIDI Rx Program Change	0	1	1	0x0
40	MIDI Rx Bank Select	0	1	1	0x0
41	MIDI Rx Edit Data	0	1	1	0x0
42	USB-MIDI Thru	0	1	0	0x0
43	MIDI Thru	0	1	1	0x0
44	CLOCK (CV) IN Fine Tune	-100	100	0	0x0
45	CLOCK (CV) IN Key Follow	-100	100	0	0x0
46	CLOCK (CV) IN Assign	0	127	0	0x0
48	Realtime Rec Mode	0	1	0	0x0
49	Input Gain	0	3	2	0x0
50	Patch Tempo Switch	0	1	0	0x0
60	PLUG-OUT Model (PLUG-OUT 0)	-1	255	-1	0x10000
61	PLUG-OUT Model (PLUG-OUT 1)	-1	255	-1	0x10000
62	PLUG-OUT Model (PLUG-OUT 2)	-1	255	-1	0x10000
63	PLUG-OUT Model (PLUG-OUT 3)	-1	255	-1	0x10000
120	_NULL_	0	0	0	0x20000
121	_NULL_	0	0	0	0x30000
122	_NULL_	0	0	0	0x40000
123	_NULL_	0	0	0	0x50000
124	_NULL_	0	0	0	0x60000
125	_NULL_	0	0	0	0x70000
126	_NULL_	0	0	0	0x80000
127	_NULL_	0	0	0	0x90000
128	Scale Select	-1	7	0	0xa0000
129	Scale Root	0	11	0	0xa0000
130	User Scale for C	-64	63	0	0xa0000
131	User Scale for C#	-64	63	0	0xa0000
132	User Scale for D	-64	63	0	0xa0000
133	User Scale for Eb	-64	63	0	0xa0000
134	User Scale for E	-64	63	0	0xa0000
135	User Scale for F	-64	63	0	0xa0000
136	User Scale for F#	-64	63	0	0xa0000
137	User Scale for G	-64	63	0	0xa0000
138	User Scale for G#	-64	63	0	0xa0000
139	User Scale for A	-64	63	0	0xa0000
140	User Scale for Bb	-64	63	0	0xa0000
141	User Scale for B	-64	63	0	0xa0000
188	_NULL_	0	0	0	0xb0000
189	MODEL (Read Only)	2	2	2	0xc0100
190	MANUAL FLAG (PATCH)	0	1	0	0xc0100
191	MANUAL FLAG (PERFORM Upper)	0	1	0	0xc0100
192	MANUAL FLAG (PERFORM Lower)	0	1	0	0xc0100
193	EDITED FLAG (PATCH)	0	1	0	0xc0100
194	EDITED FLAG (PERFORM Upper)	0	1	0	0xc0100
195	EDITED FLAG (PERFORM Lower)	0	1	0	0xc0100
196	PATCH or PERFORM	0	1	0	0xc0100
197	Current Memory (PATCH)	0	255	0	0xc0100
198	Current Memory (PERFORM Upper)	0	255	0	0xc0100
199	Current Memory (PERFORM Lower)	0	255	0	0xc0100
200	Current Memory (PERFORM)	0	63	0	0xc0100
201	Current Bank  (PATCH)	0	7	0	0xc0100
202	Current Bank  (PERFORM Upper)	0	7	0	0xc0100
203	Current Bank  (PERFORM Lower)	0	7	0	0xc0100
204	Current Bank (PERFORM)	0	7	0	0xc0100
205	MODEL (PATCH)	0	3	0	0xc0100
206	MODEL (PERFORM Upper)	0	3	0	0xc0100
207	MODEL (PERFORM Lower)	0	3	0	0xc0100
208	PANEL SELECT	0	1	0	0xc0100
209	SYSTEM MODE	0	1	0	0xc0100
249	OCTAVE	0	6	3	0xd0100
250	KEY HOLD	0	1	0	0xd0100
251	HOLD TYPE	0	2	0	0xd0100
252	TEMPO	400	3000	1280	0xd0100
253	INPUT	0	255	0	0xd0100
254	INPUT JACK USING (SYSTEM1m)	0	65535	0	0xd0100
309	_NULL_	0	0	0	0xe0100
310	SCATTER TYPE	0	9	0	0xf0100
311	SCATTER DEPTH	-7	7	0	0xf0100
312	SCATTER CONTROL 1	-100	100	0	0xf0100
313	SCATTER CONTROL 2	-100	100	0	0xf0100
314	SCATTER CONTROL 3	-100	100	0	0xf0100
315	SCATTER CONTROL 4	-100	100	0	0xf0100
316	SCATTER CONTROL 5	-100	100	0	0xf0100
317	SCATTER CONTROL 6	-100	100	0	0xf0100
318	SCATTER CONTROL 7	-100	100	0	0xf0100
319	SCATTER HOLD	0	1	0	0xf0100
370	_NULL_	0	0	0	0x100100
371	_NULL_	0	0	0	0x110100
372	_NULL_	0	0	0	0x120100
373	VOLUME	0	255	128	0x130200
374	TRANSPOSE	0	11	0	0x130200
375	TEMPO	400	3000	1280	0x130200
433	Note (voice 1)	0	127	36	0x140200
434	Note (voice 2)	0	127	36	0x140200
435	Note (voice 3)	0	127	36	0x140200
436	Note (voice 4)	0	127	36	0x140200
437	Note (voice 5)	0	127	36	0x140200
438	Note (voice 6)	0	127	36	0x140200
439	Note (voice 7)	0	127	36	0x140200
440	Note (voice 8)	0	127	36	0x140200
441	Note (voice 9)	0	127	36	0x140200
442	Note (voice 10)	0	127	36	0x140200
443	Note (voice 11)	0	127	36	0x140200
444	Note (voice 12)	0	127	36	0x140200
445	Note (voice 13)	0	127	36	0x140200
446	Note (voice 14)	0	127	36	0x140200
447	Note (voice 15)	0	127	36	0x140200
448	Note (voice 16)	0	127	36	0x140200
449	Note (CV/GATE)	0	127	36	0x140200
450	Gate (voice 1)	0	127	0	0x140200
451	Gate (voice 2)	0	127	0	0x140200
452	Gate (voice 3)	0	127	0	0x140200
453	Gate (voice 4)	0	127	0	0x140200
454	Gate (voice 5)	0	127	0	0x140200
455	Gate (voice 6)	0	127	0	0x140200
456	Gate (voice 7)	0	127	0	0x140200
457	Gate (voice 8)	0	127	0	0x140200
458	Gate (voice 9)	0	127	0	0x140200
459	Gate (voice 10)	0	127	0	0x140200
460	Gate (voice 11)	0	127	0	0x140200
461	Gate (voice 12)	0	127	0	0x140200
462	Gate (voice 13)	0	127	0	0x140200
463	Gate (voice 14)	0	127	0	0x140200
464	Gate (voice 15)	0	127	0	0x140200
465	Gate (voice 16)	0	127	0	0x140200
466	Gate (CV/GATE)	0	127	0	0x140200
467	Mute (voice 1)	0	1	0	0x140200
468	Mute (voice 2)	0	1	0	0x140200
469	Mute (voice 3)	0	1	0	0x140200
470	Mute (voice 4)	0	1	0	0x140200
471	Mute (voice 5)	0	1	0	0x140200
472	Mute (voice 6)	0	1	0	0x140200
473	Mute (voice 7)	0	1	0	0x140200
474	Mute (voice 8)	0	1	0	0x140200
475	Mute (voice 9)	0	1	0	0x140200
476	Mute (voice 10)	0	1	0	0x140200
477	Mute (voice 11)	0	1	0	0x140200
478	Mute (voice 12)	0	1	0	0x140200
479	Mute (voice 13)	0	1	0	0x140200
480	Mute (voice 14)	0	1	0	0x140200
481	Mute (voice 15)	0	1	0	0x140200
482	Mute (voice 16)	0	1	0	0x140200
483	Mute (CV/GATE)	0	1	0	0x140200
484	ModuleCvOutVoice	0	15	0	0x140200
493	Pitch Bend	-8192	8191	0	0x150200
494	Pitch Bend (CV/GATE)	-8192	8191	0	0x150200
495	Modulation (CC#1)	0	127	0	0x150200
496	Volume (CC#7)	0	127	127	0x150200
497	Pan (CC#10)	0	127	64	0x150200
498	Expression (CC#11)	0	127	127	0x150200
499	Hold Pedal (CC#64)	0	127	0	0x150200
500	Sustenuto Pedal (CC#66)	0	127	0	0x150200
501	Soft Pedal (CC#67)	0	127	0	0x150200
553	LFO RATE GRF SW	0	1	0	0x160200
554	VCF CUTOFF GRF SW	0	1	0	0x160200
555	BENDER GRF SW	0	1	0	0x160200
613	_NULL_	0	0	0	0x170200
614	PERFORM MODE	0	1	0	0x180300
615	PERFORM LEVEL	0	127	107	0x180300
616	PART BALANCE	0	127	64	0x180300
617	TEMPO SELECT	0	1	0	0x180300
618	PERFORM TEMPO	400	3000	1200	0x180300
619	OCTAVE	0	6	3	0x180300
620	TRANSPOSE	0	11	0	0x180300
621	ARPEGGIO SOURCE	0	1	0	0x180300
622	ARPEGGIO DESTINATION	0	2	2	0x180300
623	ARPEGGIO SW	0	1	0	0x180300
624	CHORD MEMORY SOURCE	0	1	0	0x180300
625	CHORD MEMORY DESTINATION	0	2	2	0x180300
626	CHORD MEMORY SW	0	1	0	0x180300
627	CV/GATE PARAMETERS	0	1	0	0x180300
628	INPUT VOCODER CARRIER	0	2	2	0x180300
629	INPUT PARAMETERS	0	1	0	0x180300
630	KEY HOLD	0	1	0	0x180300
657	PART SW	0	1	1	0x190300
658	PART Slot	0	3	0	0x190300
659	PART Model	0	255	0	0x190300
660	PART Memory	0	63	0	0x190300
661	PART LEVEL	0	127	107	0x190300
662	PART PAN	0	10	5	0x190300
663	PART OCTAVE	-3	3	0	0x190300
664	PART TRANSPOSE	-12	12	0	0x190300
665	PART FINE TUNE	-100	100	0	0x190300
666	PART KEY RANGE (Bottom)	0	127	0	0x190300
667	PART KEY RANGE (Top)	0	127	127	0x190300
668	PART BEND	0	1	1	0x190300
669	PART MOD	0	1	1	0x190300
670	PART PEDAL HOLD	0	1	1	0x190300
671	PART PEDAL EXPRESSION	0	1	1	0x190300
672	PART SEQ MUTE	0	1	0	0x190300
699	PART SW	0	1	1	0x1a0300
700	PART Slot	0	3	0	0x1a0300
701	PART Model	0	255	0	0x1a0300
702	PART Memory	0	63	0	0x1a0300
703	PART LEVEL	0	127	107	0x1a0300
704	PART PAN	0	10	5	0x1a0300
705	PART OCTAVE	-3	3	0	0x1a0300
706	PART TRANSPOSE	-12	12	0	0x1a0300
707	PART FINE TUNE	-100	100	0	0x1a0300
708	PART KEY RANGE (Bottom)	0	127	0	0x1a0300
709	PART KEY RANGE (Top)	0	127	127	0x1a0300
710	PART BEND	0	1	1	0x1a0300
711	PART MOD	0	1	1	0x1a0300
712	PART PEDAL HOLD	0	1	1	0x1a0300
713	PART PEDAL EXPRESSION	0	1	1	0x1a0300
714	PART SEQ MUTE	0	1	0	0x1a0300
741	_NULL_	0	0	0	0x1b0300
742	_NULL_	0	0	0	0x1c0300
743	_NULL_	0	0	0	0x1d0300
744	_NULL_	0	0	0	0x1e0300
745	_NULL_	0	0	0	0x1f0300
746	_NULL_	0	0	0	0x200300
747	_NULL_	0	0	0	0x210300
748	_NULL_	0	0	0	0x220300
749	_NULL_	0	0	0	0x230300
750	LFO WAVE	0	5	0	0x240400
751	LFO DELAY TIME	0	255	0	0x240400
752	LFO RATE	0	255	175	0x240400
753	VCO LFO MOD	0	255	128	0x240400
754	VCF LFO MOD	0	255	128	0x240400
755	VCA LFO MOD	0	255	128	0x240400
756	LFO KEY TRIG	0	1	0	0x240400
757	VCO1 WAVE	0	5	0	0x250400
758	VCO PWM DEPTH	0	255	0	0x250400
759	VCO PWM SOURCE	0	5	0	0x250400
760	VCO1 RANGE	0	5	3	0x250400
761	VCO1 CROSS MOD	0	255	0	0x250400
762	VCO2 WAVE	0	5	0	0x260400
763	(OSC2 COLOR)	0	255	0	0x260400
764	(OSC2 MOD)	0	5	0	0x260400
765	VCO2 RANGE	0	5	3	0x260400
766	VCO2 FINE TUNE	0	255	128	0x260400
767	VCO2 LOW FREQ	0	1	0	0x260400
768	VCO2 SYNC	0	1	0	0x260400
769	VCO2 SUB RANGE	-36	36	0	0x260400
770	MIXER VCO1	0	255	128	0x270400
771	MIXER VCO2	0	255	0	0x270400
772	(MIXER OSC3 / SUB OSC)	0	255	0	0x270400
773	(MIXER NOISE)	0	255	0	0x270400
774	(MIXER SUB OSC TYPE)	0	3	0	0x270400
775	(MIXER NOISE TYPE)	0	3	1	0x270400
776	VCO ENV MOD	0	255	128	0x280400
777	(PITCH ATTACK)	0	255	0	0x280400
778	(PITCH DECAY)	0	255	0	0x280400
779	VCF CUTOFF	0	255	255	0x290400
780	(FILTER LPF TYPE)	0	3	0	0x290400
781	VCF RESONANCE	0	255	0	0x290400
782	HPF CUTOFF	0	255	0	0x290400
783	VCF ENV MOD	0	255	128	0x290400
784	ENV1 ATTACK	0	255	0	0x290400
785	ENV1 DECAY	0	255	0	0x290400
786	ENV1 SUSTAIN	0	255	255	0x290400
787	ENV1 RELEASE	0	255	0	0x290400
788	VCF KEY FOLLOW	0	255	128	0x290400
789	ENV2 ATTACK	0	255	0	0x2a0400
790	ENV2 DECAY	0	255	0	0x2a0400
791	ENV2 SUSTAIN	0	255	255	0x2a0400
792	ENV2 RELEASE	0	255	0	0x2a0400
793	VCA TONE	0	255	128	0x2a0400
794	EFFECT LEVEL	0	255	0	0x2b0400
795	REVERB LEVEL	0	255	0	0x2b0400
796	DELAY LEVEL	0	255	0	0x2b0400
797	DELAY TIME	0	255	128	0x2b0400
798	PORTAMENTO	0	255	0	0x2c0400
799	LEGATO	0	1	0	0x2c0400
800	ASSIGN MODE	0	3	0	0x2c0400
801	BEND RANGE	0	23	2	0x2c0400
802	PORTA TYPE	0	1	0	0x2c0400
803	TEMPO SYNC	0	1	0	0x2c0400
804	(MOD ID 1)	0	255	0	0x2d0400
805	(MOD ID 2)	0	255	0	0x2d0400
806	(MOD ID 3)	0	255	0	0x2d0400
807	(MOD PRM 1)	0	255	0	0x2d0400
808	(MOD PRM 2)	0	255	0	0x2d0400
809	(MOD PRM 3)	0	255	0	0x2d0400
810	VCA LEVEL	0	255	128	0x2d0400
811	VCA LEVEL SW	0	1	1	0x2d0400
812	BEND SW VCO1	0	1	1	0x2d0400
813	BEND SW VCO2	0	1	1	0x2d0400
814	PATCH NAME 000-003	0	-1	0	0x2e0401
815	PATCH NAME 004-007	0	-1	0	0x2e0401
816	PATCH NAME 008-011	0	-1	0	0x2e0401
817	PATCH NAME 012-015	0	-1	0	0x2e0401
818	PATCH NAME 016-019	0	-1	0	0x2e0401
819	PATCH NAME 020-023	0	-1	0	0x2e0401
820	PATCH NAME 024-027	0	-1	0	0x2e0401
821	PATCH NAME 028-031	0	-1	0	0x2e0401
822	PATCH NAME 032-035	0	-1	0	0x2e0401
823	PATCH NAME 036-039	0	-1	0	0x2e0401
824	PATCH NAME 040-043	0	-1	0	0x2e0401
825	PATCH NAME 044-047	0	-1	0	0x2e0401
826	PATCH NAME 048-051	0	-1	0	0x2e0401
827	PATCH NAME 052-055	0	-1	0	0x2e0401
828	PATCH NAME 056-059	0	-1	0	0x2e0401
829	PATCH NAME 060-063	0	-1	0	0x2e0401
830	(INPUT JACK USING)	0	65535	0	0x2e0400
831	ARPEGGIO SW	0	1	0	0x2e0400
832	ARPEGGIO MODE	0	5	0	0x2e0400
833	ARPEGGIO RANGE	0	5	0	0x2e0400
834	SCATTER TYPE	0	9	0	0x2e0400
835	SCATTER DEPTH	-5	5	0	0x2e0400
836	OCTAVE SHIFT	-3	3	0	0x2e0400
837	KEY HOLD	0	1	0	0x2e0400
838	(LFO CV IN)	0	13	0	0x2e0401
839	(LFO RING IN)	0	13	0	0x2e0401
840	(LFO PITCH IN)	0	13	0	0x2e0401
841	(LFO FILTER IN)	0	13	0	0x2e0401
842	(LFO AMP IN)	0	13	0	0x2e0401
843	(OSC1 X-MOD IN)	0	13	0	0x2e0401
844	(OSC2 SYNC IN)	0	13	0	0x2e0401
845	(OSC2 RING IN)	0	13	0	0x2e0401
846	(OSC3 EXT IN)	0	13	0	0x2e0401
847	(P ENV GATE IN)	0	13	0	0x2e0401
848	(PITCH ENV IN)	0	13	0	0x2e0401
849	(F ENV GATE IN)	0	13	0	0x2e0401
850	(FILTER ENV IN)	0	13	0	0x2e0401
851	(A ENV GATE IN)	0	13	0	0x2e0401
852	(AMP ENV IN)	0	13	0	0x2e0401
853	LFO CV GAIN	0	255	128	0x2e0400
854	ENV1 KEY FOLLOW	0	1	0	0x2e0400
855	ENV2 KEY FOLLOW	0	1	0	0x2e0400
856	CONDITION	0	255	128	0x2e0400
857	BEND GAIN	0	3	0	0x2e0400
858	BEND SENS VCO	0	255	255	0x2e0400
859	BEND SENS VCF	0	255	255	0x2e0400
860	MOD SENS VCO	0	255	128	0x2e0400
861	MOD SENS VCF	0	255	128	0x2e0400
862	(LFO VARIATION)	0	2	0	0x2e0400
863	LFO TRIG ENV	0	1	0	0x2e0400
864	VCO1 MOD	0	1	0	0x2e0400
865	(OSC1 COARSE TUNE)	0	22	11	0x2e0400
866	(OSC1 FINE TUNE)	0	255	128	0x2e0400
867	VCO2 MOD	0	1	0	0x2e0400
868	(OSC3 WAVEFORM)	0	5	1	0x2e0400
869	CIRCUIT MOD	0	255	0	0x2e0400
870	(OSC3 TUNE)	0	255	128	0x2e0400
871	VCF ENV MOD SOURCE	0	1	0	0x2e0400
872	VCF SLOPE	0	5	2	0x2e0400
873	EFFECT TYPE	0	5	0	0x2e0400
874	EFFECT CTRL	0	255	128	0x2e0400
875	DELAY TYPE	0	5	0	0x2e0400
876	REVERB TYPE	0	5	2	0x2e0400
877	REVERB TIME	0	255	128	0x2e0400
878	LFO RATE H	0	1065353216	1060089776	0x2f0500
1028	VCF VELOCITY SENS	0	255	0	0x340500
1029	VCF CUTOFF H	0	1065353216	1065353216	0x340500
1058	VCA VELOCITY SENS	0	255	0	0x350500
1118	Patch Tempo	400	3000	1200	0x370500
1178	DELAY TAP TIME	0	100	50	0x390500
1179	DELAY FEEDBACK	0	255	120	0x390500
1180	DELAY HIGH CUT	0	14	7	0x390500
1181	DELAY DIRECT LEVEL	0	255	255	0x390500
1182	DELAY LF DAMP	0	81	0	0x390500
1183	DELAY LF DAMP FREQ	0	10	0	0x390500
1184	DELAY HF DAMP	0	81	0	0x390500
1185	DELAY HF DAMP FREQ	0	13	13	0x390500
1210	CHORUS PRE DELAY	0	80	20	0x3a0500
1211	CHORUS LOW CUT	0	17	2	0x3a0500
1212	CHORUS HIGH CUT	0	14	13	0x3a0500
1213	CHORUS_LFO SOURCE	0	1	0	0x3a0500
1214	CHORUS LFO EXT GAIN	0	255	64	0x3a0500
1215	CHORUS LFO EXT OFFSET	0	255	128	0x3a0500
1242	FLANGER MANUAL	0	255	128	0x3b0500
1243	FLANGER RESONANCE	0	255	230	0x3b0500
1244	FLANGER SEPARATIOIN	0	255	128	0x3b0500
1245	FLANGER LOW CUT	0	17	2	0x3b0500
1246	FLANGER LFO SOURCE	0	1	0	0x3b0500
1247	FLANGER LFO EXT GAIN	0	255	64	0x3b0500
1248	FLANGER LFO EXT OFFSET	0	255	128	0x3b0500
1274	MFX TYPE	0	255	0	0x3c0500
1275	MFX ASSIGN 1 TARGET	0	15	0	0x3c0500
1276	MFX ASSIGN 1 RANGE MIN	0	255	0	0x3c0500
1277	MFX ASSIGN 1 RANGE MAX	0	255	255	0x3c0500
1278	MFX ASSIGN 2 TARGET	0	15	0	0x3c0500
1279	MFX ASSIGN 2 RANGE MIN	0	255	0	0x3c0500
1280	MFX ASSIGN 2 RANGE MAX	0	255	255	0x3c0500
1281	MFX LFO SOURCE	0	1	0	0x3c0500
1282	MFX LFO EXT GAIN	0	255	64	0x3c0500
1283	MFX LFO EXT OFFSET	0	255	128	0x3c0500
1284	MFX PARAMETER 01	0	255	0	0x3c0500
1285	MFX PARAMETER 02	0	255	0	0x3c0500
1286	MFX PARAMETER 03	0	255	0	0x3c0500
1287	MFX PARAMETER 04	0	255	0	0x3c0500
1288	MFX PARAMETER 05	0	255	0	0x3c0500
1289	MFX PARAMETER 06	0	255	0	0x3c0500
1290	MFX PARAMETER 07	0	255	0	0x3c0500
1291	MFX PARAMETER 08	0	255	0	0x3c0500
1292	MFX PARAMETER 09	0	255	0	0x3c0500
1293	MFX PARAMETER 10	0	255	0	0x3c0500
1294	MFX PARAMETER 11	0	255	0	0x3c0500
1295	MFX PARAMETER 12	0	255	0	0x3c0500
1296	MFX PARAMETER 13	0	255	0	0x3c0500
1297	MFX PARAMETER 14	0	255	0	0x3c0500
1298	MFX PARAMETER 15	0	255	0	0x3c0500
1299	MFX PARAMETER 16	0	255	0	0x3c0500
1323	REVERB PRE DELAY	0	100	20	0x3d0500
1324	REVERB LOW CUT	0	17	2	0x3d0500
1325	REVERB HIGH CUT	0	14	11	0x3d0500
1326	REVERB DENSITY	0	10	10	0x3d0500
1327	REVERB DIRECT LEVEL	0	255	255	0x3d0500
1355	CHORD MEMORY SW	0	1	0	0x3e0500
1356	CHORD MEMORY Form	0	10	10	0x3e0500
1357	CHORD MEMORY Note (voice 1)	-1	127	60	0x3e0500
1358	CHORD MEMORY Note (voice 2)	-1	127	67	0x3e0500
1359	CHORD MEMORY Note (voice 3)	-1	127	72	0x3e0500
1360	CHORD MEMORY Note (voice 4)	-1	127	-1	0x3e0500
1361	CHORD MEMORY Note (voice 5)	-1	127	-1	0x3e0500
1362	CHORD MEMORY Note (voice 6)	-1	127	-1	0x3e0500
1363	CHORD MEMORY Note (voice 7)	-1	127	-1	0x3e0500
1364	CHORD MEMORY Note (voice 8)	-1	127	-1	0x3e0500
1365	CHORD MEMORY Note (voice 9)	-1	127	-1	0x3e0500
1366	CHORD MEMORY Note (voice 10)	-1	127	-1	0x3e0500
1367	CHORD MEMORY Note (voice 11)	-1	127	-1	0x3e0500
1368	CHORD MEMORY Note (voice 12)	-1	127	-1	0x3e0500
1369	CHORD MEMORY Note (voice 13)	-1	127	-1	0x3e0500
1370	CHORD MEMORY Note (voice 14)	-1	127	-1	0x3e0500
1371	CHORD MEMORY Note (voice 15)	-1	127	-1	0x3e0500
1372	CHORD MEMORY Note (voice 16)	-1	127	-1	0x3e0500
1428	STEP SEQ LENGTH	0	63	15	0x400600
1429	STEP SEQ FIRST STEP	0	63	0	0x400600
1430	STEP SEQ LAST STEP	0	63	15	0x400600
1431	STEP SEQ SCALE	0	5	1	0x400600
1432	STEP SEQ PLAY MODE	0	5	0	0x400600
1433	STEP SEQ GATE RATIO	0	255	128	0x400600
1434	STEP SEQ SHUFFLE	0	255	128	0x400600
1435	STEP SEQ SMOOTH	0	2	0	0x400600
1436	DUMMY1	0	1	0	0x400600
1437	DUMMY2	0	1	0	0x400600
1466	STEP SEQ Note (voice 1)	0	127	36	0x410600
1467	STEP SEQ Note (voice 2)	0	127	36	0x410600
1468	STEP SEQ Note (voice 3)	0	127	36	0x410600
1469	STEP SEQ Note (voice 4)	0	127	36	0x410600
1470	STEP SEQ Note (voice 5)	0	127	36	0x410600
1471	STEP SEQ Note (voice 6)	0	127	36	0x410600
1472	STEP SEQ Note (voice 7)	0	127	36	0x410600
1473	STEP SEQ Note (voice 8)	0	127	36	0x410600
1474	STEP SEQ Velo (voice 1)	0	127	0	0x410600
1475	STEP SEQ Velo (voice 2)	0	127	0	0x410600
1476	STEP SEQ Velo (voice 3)	0	127	0	0x410600
1477	STEP SEQ Velo (voice 4)	0	127	0	0x410600
1478	STEP SEQ Velo (voice 5)	0	127	0	0x410600
1479	STEP SEQ Velo (voice 6)	0	127	0	0x410600
1480	STEP SEQ Velo (voice 7)	0	127	0	0x410600
1481	STEP SEQ Velo (voice 8)	0	127	0	0x410600
1482	STEP SEQ Gate (voice 1)	1	100	50	0x410600
1483	STEP SEQ Gate (voice 2)	1	100	50	0x410600
1484	STEP SEQ Gate (voice 3)	1	100	50	0x410600
1485	STEP SEQ Gate (voice 4)	1	100	50	0x410600
1486	STEP SEQ Gate (voice 5)	1	100	50	0x410600
1487	STEP SEQ Gate (voice 6)	1	100	50	0x410600
1488	STEP SEQ Gate (voice 7)	1	100	50	0x410600
1489	STEP SEQ Gate (voice 8)	1	100	50	0x410600
1490	STEP SEQ Note Flag	0	-1	0	0x410601
1491	STEP SEQ Slide Flag	0	-1	0	0x410601
1492	STEP SEQ Mute Flag	0	-1	0	0x410601
1493	STEP SEQ Assign 1 Target	0	-1	0	0x410601
1494	STEP SEQ Assign 2 Target	0	-1	0	0x410601
1495	STEP SEQ Assign 3 Target	0	-1	0	0x410601
1496	STEP SEQ Assign 4 Target	0	-1	0	0x410601
1497	STEP SEQ Assign 1 Value	0	-1	0	0x410601
1498	STEP SEQ Assign 2 Value	0	-1	0	0x410601
1499	STEP SEQ Assign 3 Value	0	-1	0	0x410601
1500	STEP SEQ Assign 4 Value	0	-1	0	0x410601
1501	STEP SEQ Assign 1 Transient	0	5	0	0x410600
1502	STEP SEQ Assign 2 Transient	0	5	0	0x410600
1503	STEP SEQ Assign 3 Transient	0	5	0	0x410600
1504	STEP SEQ Assign 4 Transient	0	5	0	0x410600
1505	STEP SEQ Assign Flag	0	-1	0	0x410601
1520	STEP SEQ Note (voice 1)	0	127	36	0x420600
1521	STEP SEQ Note (voice 2)	0	127	36	0x420600
1522	STEP SEQ Note (voice 3)	0	127	36	0x420600
1523	STEP SEQ Note (voice 4)	0	127	36	0x420600
1524	STEP SEQ Note (voice 5)	0	127	36	0x420600
1525	STEP SEQ Note (voice 6)	0	127	36	0x420600
1526	STEP SEQ Note (voice 7)	0	127	36	0x420600
1527	STEP SEQ Note (voice 8)	0	127	36	0x420600
1528	STEP SEQ Velo (voice 1)	0	127	0	0x420600
1529	STEP SEQ Velo (voice 2)	0	127	0	0x420600
1530	STEP SEQ Velo (voice 3)	0	127	0	0x420600
1531	STEP SEQ Velo (voice 4)	0	127	0	0x420600
1532	STEP SEQ Velo (voice 5)	0	127	0	0x420600
1533	STEP SEQ Velo (voice 6)	0	127	0	0x420600
1534	STEP SEQ Velo (voice 7)	0	127	0	0x420600
1535	STEP SEQ Velo (voice 8)	0	127	0	0x420600
1536	STEP SEQ Gate (voice 1)	1	100	50	0x420600
1537	STEP SEQ Gate (voice 2)	1	100	50	0x420600
1538	STEP SEQ Gate (voice 3)	1	100	50	0x420600
1539	STEP SEQ Gate (voice 4)	1	100	50	0x420600
1540	STEP SEQ Gate (voice 5)	1	100	50	0x420600
1541	STEP SEQ Gate (voice 6)	1	100	50	0x420600
1542	STEP SEQ Gate (voice 7)	1	100	50	0x420600
1543	STEP SEQ Gate (voice 8)	1	100	50	0x420600
1544	STEP SEQ Note Flag	0	-1	0	0x420601
1545	STEP SEQ Slide Flag	0	-1	0	0x420601
1546	STEP SEQ Mute Flag	0	-1	0	0x420601
1547	STEP SEQ Assign 1 Target	0	-1	0	0x420601
1548	STEP SEQ Assign 2 Target	0	-1	0	0x420601
1549	STEP SEQ Assign 3 Target	0	-1	0	0x420601
1550	STEP SEQ Assign 4 Target	0	-1	0	0x420601
1551	STEP SEQ Assign 1 Value	0	-1	0	0x420601
1552	STEP SEQ Assign 2 Value	0	-1	0	0x420601
1553	STEP SEQ Assign 3 Value	0	-1	0	0x420601
1554	STEP SEQ Assign 4 Value	0	-1	0	0x420601
1555	STEP SEQ Assign 1 Transient	0	5	0	0x420600
1556	STEP SEQ Assign 2 Transient	0	5	0	0x420600
1557	STEP SEQ Assign 3 Transient	0	5	0	0x420600
1558	STEP SEQ Assign 4 Transient	0	5	0	0x420600
1559	STEP SEQ Assign Flag	0	-1	0	0x420601
1574	STEP SEQ Note (voice 1)	0	127	36	0x430600
1575	STEP SEQ Note (voice 2)	0	127	36	0x430600
1576	STEP SEQ Note (voice 3)	0	127	36	0x430600
1577	STEP SEQ Note (voice 4)	0	127	36	0x430600
1578	STEP SEQ Note (voice 5)	0	127	36	0x430600
1579	STEP SEQ Note (voice 6)	0	127	36	0x430600
1580	STEP SEQ Note (voice 7)	0	127	36	0x430600
1581	STEP SEQ Note (voice 8)	0	127	36	0x430600
1582	STEP SEQ Velo (voice 1)	0	127	0	0x430600
1583	STEP SEQ Velo (voice 2)	0	127	0	0x430600
1584	STEP SEQ Velo (voice 3)	0	127	0	0x430600
1585	STEP SEQ Velo (voice 4)	0	127	0	0x430600
1586	STEP SEQ Velo (voice 5)	0	127	0	0x430600
1587	STEP SEQ Velo (voice 6)	0	127	0	0x430600
1588	STEP SEQ Velo (voice 7)	0	127	0	0x430600
1589	STEP SEQ Velo (voice 8)	0	127	0	0x430600
1590	STEP SEQ Gate (voice 1)	1	100	50	0x430600
1591	STEP SEQ Gate (voice 2)	1	100	50	0x430600
1592	STEP SEQ Gate (voice 3)	1	100	50	0x430600
1593	STEP SEQ Gate (voice 4)	1	100	50	0x430600
1594	STEP SEQ Gate (voice 5)	1	100	50	0x430600
1595	STEP SEQ Gate (voice 6)	1	100	50	0x430600
1596	STEP SEQ Gate (voice 7)	1	100	50	0x430600
1597	STEP SEQ Gate (voice 8)	1	100	50	0x430600
1598	STEP SEQ Note Flag	0	-1	0	0x430601
1599	STEP SEQ Slide Flag	0	-1	0	0x430601
1600	STEP SEQ Mute Flag	0	-1	0	0x430601
1601	STEP SEQ Assign 1 Target	0	-1	0	0x430601
1602	STEP SEQ Assign 2 Target	0	-1	0	0x430601
1603	STEP SEQ Assign 3 Target	0	-1	0	0x430601
1604	STEP SEQ Assign 4 Target	0	-1	0	0x430601
1605	STEP SEQ Assign 1 Value	0	-1	0	0x430601
1606	STEP SEQ Assign 2 Value	0	-1	0	0x430601
1607	STEP SEQ Assign 3 Value	0	-1	0	0x430601
1608	STEP SEQ Assign 4 Value	0	-1	0	0x430601
1609	STEP SEQ Assign 1 Transient	0	5	0	0x430600
1610	STEP SEQ Assign 2 Transient	0	5	0	0x430600
1611	STEP SEQ Assign 3 Transient	0	5	0	0x430600
1612	STEP SEQ Assign 4 Transient	0	5	0	0x430600
1613	STEP SEQ Assign Flag	0	-1	0	0x430601
1628	STEP SEQ Note (voice 1)	0	127	36	0x440600
1629	STEP SEQ Note (voice 2)	0	127	36	0x440600
1630	STEP SEQ Note (voice 3)	0	127	36	0x440600
1631	STEP SEQ Note (voice 4)	0	127	36	0x440600
1632	STEP SEQ Note (voice 5)	0	127	36	0x440600
1633	STEP SEQ Note (voice 6)	0	127	36	0x440600
1634	STEP SEQ Note (voice 7)	0	127	36	0x440600
1635	STEP SEQ Note (voice 8)	0	127	36	0x440600
1636	STEP SEQ Velo (voice 1)	0	127	0	0x440600
1637	STEP SEQ Velo (voice 2)	0	127	0	0x440600
1638	STEP SEQ Velo (voice 3)	0	127	0	0x440600
1639	STEP SEQ Velo (voice 4)	0	127	0	0x440600
1640	STEP SEQ Velo (voice 5)	0	127	0	0x440600
1641	STEP SEQ Velo (voice 6)	0	127	0	0x440600
1642	STEP SEQ Velo (voice 7)	0	127	0	0x440600
1643	STEP SEQ Velo (voice 8)	0	127	0	0x440600
1644	STEP SEQ Gate (voice 1)	1	100	50	0x440600
1645	STEP SEQ Gate (voice 2)	1	100	50	0x440600
1646	STEP SEQ Gate (voice 3)	1	100	50	0x440600
1647	STEP SEQ Gate (voice 4)	1	100	50	0x440600
1648	STEP SEQ Gate (voice 5)	1	100	50	0x440600
1649	STEP SEQ Gate (voice 6)	1	100	50	0x440600
1650	STEP SEQ Gate (voice 7)	1	100	50	0x440600
1651	STEP SEQ Gate (voice 8)	1	100	50	0x440600
1652	STEP SEQ Note Flag	0	-1	0	0x440601
1653	STEP SEQ Slide Flag	0	-1	0	0x440601
1654	STEP SEQ Mute Flag	0	-1	0	0x440601
1655	STEP SEQ Assign 1 Target	0	-1	0	0x440601
1656	STEP SEQ Assign 2 Target	0	-1	0	0x440601
1657	STEP SEQ Assign 3 Target	0	-1	0	0x440601
1658	STEP SEQ Assign 4 Target	0	-1	0	0x440601
1659	STEP SEQ Assign 1 Value	0	-1	0	0x440601
1660	STEP SEQ Assign 2 Value	0	-1	0	0x440601
1661	STEP SEQ Assign 3 Value	0	-1	0	0x440601
1662	STEP SEQ Assign 4 Value	0	-1	0	0x440601
1663	STEP SEQ Assign 1 Transient	0	5	0	0x440600
1664	STEP SEQ Assign 2 Transient	0	5	0	0x440600
1665	STEP SEQ Assign 3 Transient	0	5	0	0x440600
1666	STEP SEQ Assign 4 Transient	0	5	0	0x440600
1667	STEP SEQ Assign Flag	0	-1	0	0x440601
1682	STEP SEQ Note (voice 1)	0	127	36	0x450600
1683	STEP SEQ Note (voice 2)	0	127	36	0x450600
1684	STEP SEQ Note (voice 3)	0	127	36	0x450600
1685	STEP SEQ Note (voice 4)	0	127	36	0x450600
1686	STEP SEQ Note (voice 5)	0	127	36	0x450600
1687	STEP SEQ Note (voice 6)	0	127	36	0x450600
1688	STEP SEQ Note (voice 7)	0	127	36	0x450600
1689	STEP SEQ Note (voice 8)	0	127	36	0x450600
1690	STEP SEQ Velo (voice 1)	0	127	0	0x450600
1691	STEP SEQ Velo (voice 2)	0	127	0	0x450600
1692	STEP SEQ Velo (voice 3)	0	127	0	0x450600
1693	STEP SEQ Velo (voice 4)	0	127	0	0x450600
1694	STEP SEQ Velo (voice 5)	0	127	0	0x450600
1695	STEP SEQ Velo (voice 6)	0	127	0	0x450600
1696	STEP SEQ Velo (voice 7)	0	127	0	0x450600
1697	STEP SEQ Velo (voice 8)	0	127	0	0x450600
1698	STEP SEQ Gate (voice 1)	1	100	50	0x450600
1699	STEP SEQ Gate (voice 2)	1	100	50	0x450600
1700	STEP SEQ Gate (voice 3)	1	100	50	0x450600
1701	STEP SEQ Gate (voice 4)	1	100	50	0x450600
1702	STEP SEQ Gate (voice 5)	1	100	50	0x450600
1703	STEP SEQ Gate (voice 6)	1	100	50	0x450600
1704	STEP SEQ Gate (voice 7)	1	100	50	0x450600
1705	STEP SEQ Gate (voice 8)	1	100	50	0x450600
1706	STEP SEQ Note Flag	0	-1	0	0x450601
1707	STEP SEQ Slide Flag	0	-1	0	0x450601
1708	STEP SEQ Mute Flag	0	-1	0	0x450601
1709	STEP SEQ Assign 1 Target	0	-1	0	0x450601
1710	STEP SEQ Assign 2 Target	0	-1	0	0x450601
1711	STEP SEQ Assign 3 Target	0	-1	0	0x450601
1712	STEP SEQ Assign 4 Target	0	-1	0	0x450601
1713	STEP SEQ Assign 1 Value	0	-1	0	0x450601
1714	STEP SEQ Assign 2 Value	0	-1	0	0x450601
1715	STEP SEQ Assign 3 Value	0	-1	0	0x450601
1716	STEP SEQ Assign 4 Value	0	-1	0	0x450601
1717	STEP SEQ Assign 1 Transient	0	5	0	0x450600
1718	STEP SEQ Assign 2 Transient	0	5	0	0x450600
1719	STEP SEQ Assign 3 Transient	0	5	0	0x450600
1720	STEP SEQ Assign 4 Transient	0	5	0	0x450600
1721	STEP SEQ Assign Flag	0	-1	0	0x450601
1736	STEP SEQ Note (voice 1)	0	127	36	0x460600
1737	STEP SEQ Note (voice 2)	0	127	36	0x460600
1738	STEP SEQ Note (voice 3)	0	127	36	0x460600
1739	STEP SEQ Note (voice 4)	0	127	36	0x460600
1740	STEP SEQ Note (voice 5)	0	127	36	0x460600
1741	STEP SEQ Note (voice 6)	0	127	36	0x460600
1742	STEP SEQ Note (voice 7)	0	127	36	0x460600
1743	STEP SEQ Note (voice 8)	0	127	36	0x460600
1744	STEP SEQ Velo (voice 1)	0	127	0	0x460600
1745	STEP SEQ Velo (voice 2)	0	127	0	0x460600
1746	STEP SEQ Velo (voice 3)	0	127	0	0x460600
1747	STEP SEQ Velo (voice 4)	0	127	0	0x460600
1748	STEP SEQ Velo (voice 5)	0	127	0	0x460600
1749	STEP SEQ Velo (voice 6)	0	127	0	0x460600
1750	STEP SEQ Velo (voice 7)	0	127	0	0x460600
1751	STEP SEQ Velo (voice 8)	0	127	0	0x460600
1752	STEP SEQ Gate (voice 1)	1	100	50	0x460600
1753	STEP SEQ Gate (voice 2)	1	100	50	0x460600
1754	STEP SEQ Gate (voice 3)	1	100	50	0x460600
1755	STEP SEQ Gate (voice 4)	1	100	50	0x460600
1756	STEP SEQ Gate (voice 5)	1	100	50	0x460600
1757	STEP SEQ Gate (voice 6)	1	100	50	0x460600
1758	STEP SEQ Gate (voice 7)	1	100	50	0x460600
1759	STEP SEQ Gate (voice 8)	1	100	50	0x460600
1760	STEP SEQ Note Flag	0	-1	0	0x460601
1761	STEP SEQ Slide Flag	0	-1	0	0x460601
1762	STEP SEQ Mute Flag	0	-1	0	0x460601
1763	STEP SEQ Assign 1 Target	0	-1	0	0x460601
1764	STEP SEQ Assign 2 Target	0	-1	0	0x460601
1765	STEP SEQ Assign 3 Target	0	-1	0	0x460601
1766	STEP SEQ Assign 4 Target	0	-1	0	0x460601
1767	STEP SEQ Assign 1 Value	0	-1	0	0x460601
1768	STEP SEQ Assign 2 Value	0	-1	0	0x460601
1769	STEP SEQ Assign 3 Value	0	-1	0	0x460601
1770	STEP SEQ Assign 4 Value	0	-1	0	0x460601
1771	STEP SEQ Assign 1 Transient	0	5	0	0x460600
1772	STEP SEQ Assign 2 Transient	0	5	0	0x460600
1773	STEP SEQ Assign 3 Transient	0	5	0	0x460600
1774	STEP SEQ Assign 4 Transient	0	5	0	0x460600
1775	STEP SEQ Assign Flag	0	-1	0	0x460601
1790	STEP SEQ Note (voice 1)	0	127	36	0x470600
1791	STEP SEQ Note (voice 2)	0	127	36	0x470600
1792	STEP SEQ Note (voice 3)	0	127	36	0x470600
1793	STEP SEQ Note (voice 4)	0	127	36	0x470600
1794	STEP SEQ Note (voice 5)	0	127	36	0x470600
1795	STEP SEQ Note (voice 6)	0	127	36	0x470600
1796	STEP SEQ Note (voice 7)	0	127	36	0x470600
1797	STEP SEQ Note (voice 8)	0	127	36	0x470600
1798	STEP SEQ Velo (voice 1)	0	127	0	0x470600
1799	STEP SEQ Velo (voice 2)	0	127	0	0x470600
1800	STEP SEQ Velo (voice 3)	0	127	0	0x470600
1801	STEP SEQ Velo (voice 4)	0	127	0	0x470600
1802	STEP SEQ Velo (voice 5)	0	127	0	0x470600
1803	STEP SEQ Velo (voice 6)	0	127	0	0x470600
1804	STEP SEQ Velo (voice 7)	0	127	0	0x470600
1805	STEP SEQ Velo (voice 8)	0	127	0	0x470600
1806	STEP SEQ Gate (voice 1)	1	100	50	0x470600
1807	STEP SEQ Gate (voice 2)	1	100	50	0x470600
1808	STEP SEQ Gate (voice 3)	1	100	50	0x470600
1809	STEP SEQ Gate (voice 4)	1	100	50	0x470600
1810	STEP SEQ Gate (voice 5)	1	100	50	0x470600
1811	STEP SEQ Gate (voice 6)	1	100	50	0x470600
1812	STEP SEQ Gate (voice 7)	1	100	50	0x470600
1813	STEP SEQ Gate (voice 8)	1	100	50	0x470600
1814	STEP SEQ Note Flag	0	-1	0	0x470601
1815	STEP SEQ Slide Flag	0	-1	0	0x470601
1816	STEP SEQ Mute Flag	0	-1	0	0x470601
1817	STEP SEQ Assign 1 Target	0	-1	0	0x470601
1818	STEP SEQ Assign 2 Target	0	-1	0	0x470601
1819	STEP SEQ Assign 3 Target	0	-1	0	0x470601
1820	STEP SEQ Assign 4 Target	0	-1	0	0x470601
1821	STEP SEQ Assign 1 Value	0	-1	0	0x470601
1822	STEP SEQ Assign 2 Value	0	-1	0	0x470601
1823	STEP SEQ Assign 3 Value	0	-1	0	0x470601
1824	STEP SEQ Assign 4 Value	0	-1	0	0x470601
1825	STEP SEQ Assign 1 Transient	0	5	0	0x470600
1826	STEP SEQ Assign 2 Transient	0	5	0	0x470600
1827	STEP SEQ Assign 3 Transient	0	5	0	0x470600
1828	STEP SEQ Assign 4 Transient	0	5	0	0x470600
1829	STEP SEQ Assign Flag	0	-1	0	0x470601
1844	STEP SEQ Note (voice 1)	0	127	36	0x480600
1845	STEP SEQ Note (voice 2)	0	127	36	0x480600
1846	STEP SEQ Note (voice 3)	0	127	36	0x480600
1847	STEP SEQ Note (voice 4)	0	127	36	0x480600
1848	STEP SEQ Note (voice 5)	0	127	36	0x480600
1849	STEP SEQ Note (voice 6)	0	127	36	0x480600
1850	STEP SEQ Note (voice 7)	0	127	36	0x480600
1851	STEP SEQ Note (voice 8)	0	127	36	0x480600
1852	STEP SEQ Velo (voice 1)	0	127	0	0x480600
1853	STEP SEQ Velo (voice 2)	0	127	0	0x480600
1854	STEP SEQ Velo (voice 3)	0	127	0	0x480600
1855	STEP SEQ Velo (voice 4)	0	127	0	0x480600
1856	STEP SEQ Velo (voice 5)	0	127	0	0x480600
1857	STEP SEQ Velo (voice 6)	0	127	0	0x480600
1858	STEP SEQ Velo (voice 7)	0	127	0	0x480600
1859	STEP SEQ Velo (voice 8)	0	127	0	0x480600
1860	STEP SEQ Gate (voice 1)	1	100	50	0x480600
1861	STEP SEQ Gate (voice 2)	1	100	50	0x480600
1862	STEP SEQ Gate (voice 3)	1	100	50	0x480600
1863	STEP SEQ Gate (voice 4)	1	100	50	0x480600
1864	STEP SEQ Gate (voice 5)	1	100	50	0x480600
1865	STEP SEQ Gate (voice 6)	1	100	50	0x480600
1866	STEP SEQ Gate (voice 7)	1	100	50	0x480600
1867	STEP SEQ Gate (voice 8)	1	100	50	0x480600
1868	STEP SEQ Note Flag	0	-1	0	0x480601
1869	STEP SEQ Slide Flag	0	-1	0	0x480601
1870	STEP SEQ Mute Flag	0	-1	0	0x480601
1871	STEP SEQ Assign 1 Target	0	-1	0	0x480601
1872	STEP SEQ Assign 2 Target	0	-1	0	0x480601
1873	STEP SEQ Assign 3 Target	0	-1	0	0x480601
1874	STEP SEQ Assign 4 Target	0	-1	0	0x480601
1875	STEP SEQ Assign 1 Value	0	-1	0	0x480601
1876	STEP SEQ Assign 2 Value	0	-1	0	0x480601
1877	STEP SEQ Assign 3 Value	0	-1	0	0x480601
1878	STEP SEQ Assign 4 Value	0	-1	0	0x480601
1879	STEP SEQ Assign 1 Transient	0	5	0	0x480600
1880	STEP SEQ Assign 2 Transient	0	5	0	0x480600
1881	STEP SEQ Assign 3 Transient	0	5	0	0x480600
1882	STEP SEQ Assign 4 Transient	0	5	0	0x480600
1883	STEP SEQ Assign Flag	0	-1	0	0x480601
1898	STEP SEQ Note (voice 1)	0	127	36	0x490600
1899	STEP SEQ Note (voice 2)	0	127	36	0x490600
1900	STEP SEQ Note (voice 3)	0	127	36	0x490600
1901	STEP SEQ Note (voice 4)	0	127	36	0x490600
1902	STEP SEQ Note (voice 5)	0	127	36	0x490600
1903	STEP SEQ Note (voice 6)	0	127	36	0x490600
1904	STEP SEQ Note (voice 7)	0	127	36	0x490600
1905	STEP SEQ Note (voice 8)	0	127	36	0x490600
1906	STEP SEQ Velo (voice 1)	0	127	0	0x490600
1907	STEP SEQ Velo (voice 2)	0	127	0	0x490600
1908	STEP SEQ Velo (voice 3)	0	127	0	0x490600
1909	STEP SEQ Velo (voice 4)	0	127	0	0x490600
1910	STEP SEQ Velo (voice 5)	0	127	0	0x490600
1911	STEP SEQ Velo (voice 6)	0	127	0	0x490600
1912	STEP SEQ Velo (voice 7)	0	127	0	0x490600
1913	STEP SEQ Velo (voice 8)	0	127	0	0x490600
1914	STEP SEQ Gate (voice 1)	1	100	50	0x490600
1915	STEP SEQ Gate (voice 2)	1	100	50	0x490600
1916	STEP SEQ Gate (voice 3)	1	100	50	0x490600
1917	STEP SEQ Gate (voice 4)	1	100	50	0x490600
1918	STEP SEQ Gate (voice 5)	1	100	50	0x490600
1919	STEP SEQ Gate (voice 6)	1	100	50	0x490600
1920	STEP SEQ Gate (voice 7)	1	100	50	0x490600
1921	STEP SEQ Gate (voice 8)	1	100	50	0x490600
1922	STEP SEQ Note Flag	0	-1	0	0x490601
1923	STEP SEQ Slide Flag	0	-1	0	0x490601
1924	STEP SEQ Mute Flag	0	-1	0	0x490601
1925	STEP SEQ Assign 1 Target	0	-1	0	0x490601
1926	STEP SEQ Assign 2 Target	0	-1	0	0x490601
1927	STEP SEQ Assign 3 Target	0	-1	0	0x490601
1928	STEP SEQ Assign 4 Target	0	-1	0	0x490601
1929	STEP SEQ Assign 1 Value	0	-1	0	0x490601
1930	STEP SEQ Assign 2 Value	0	-1	0	0x490601
1931	STEP SEQ Assign 3 Value	0	-1	0	0x490601
1932	STEP SEQ Assign 4 Value	0	-1	0	0x490601
1933	STEP SEQ Assign 1 Transient	0	5	0	0x490600
1934	STEP SEQ Assign 2 Transient	0	5	0	0x490600
1935	STEP SEQ Assign 3 Transient	0	5	0	0x490600
1936	STEP SEQ Assign 4 Transient	0	5	0	0x490600
1937	STEP SEQ Assign Flag	0	-1	0	0x490601
1952	STEP SEQ Note (voice 1)	0	127	36	0x4a0600
1953	STEP SEQ Note (voice 2)	0	127	36	0x4a0600
1954	STEP SEQ Note (voice 3)	0	127	36	0x4a0600
1955	STEP SEQ Note (voice 4)	0	127	36	0x4a0600
1956	STEP SEQ Note (voice 5)	0	127	36	0x4a0600
1957	STEP SEQ Note (voice 6)	0	127	36	0x4a0600
1958	STEP SEQ Note (voice 7)	0	127	36	0x4a0600
1959	STEP SEQ Note (voice 8)	0	127	36	0x4a0600
1960	STEP SEQ Velo (voice 1)	0	127	0	0x4a0600
1961	STEP SEQ Velo (voice 2)	0	127	0	0x4a0600
1962	STEP SEQ Velo (voice 3)	0	127	0	0x4a0600
1963	STEP SEQ Velo (voice 4)	0	127	0	0x4a0600
1964	STEP SEQ Velo (voice 5)	0	127	0	0x4a0600
1965	STEP SEQ Velo (voice 6)	0	127	0	0x4a0600
1966	STEP SEQ Velo (voice 7)	0	127	0	0x4a0600
1967	STEP SEQ Velo (voice 8)	0	127	0	0x4a0600
1968	STEP SEQ Gate (voice 1)	1	100	50	0x4a0600
1969	STEP SEQ Gate (voice 2)	1	100	50	0x4a0600
1970	STEP SEQ Gate (voice 3)	1	100	50	0x4a0600
1971	STEP SEQ Gate (voice 4)	1	100	50	0x4a0600
1972	STEP SEQ Gate (voice 5)	1	100	50	0x4a0600
1973	STEP SEQ Gate (voice 6)	1	100	50	0x4a0600
1974	STEP SEQ Gate (voice 7)	1	100	50	0x4a0600
1975	STEP SEQ Gate (voice 8)	1	100	50	0x4a0600
1976	STEP SEQ Note Flag	0	-1	0	0x4a0601
1977	STEP SEQ Slide Flag	0	-1	0	0x4a0601
1978	STEP SEQ Mute Flag	0	-1	0	0x4a0601
1979	STEP SEQ Assign 1 Target	0	-1	0	0x4a0601
1980	STEP SEQ Assign 2 Target	0	-1	0	0x4a0601
1981	STEP SEQ Assign 3 Target	0	-1	0	0x4a0601
1982	STEP SEQ Assign 4 Target	0	-1	0	0x4a0601
1983	STEP SEQ Assign 1 Value	0	-1	0	0x4a0601
1984	STEP SEQ Assign 2 Value	0	-1	0	0x4a0601
1985	STEP SEQ Assign 3 Value	0	-1	0	0x4a0601
1986	STEP SEQ Assign 4 Value	0	-1	0	0x4a0601
1987	STEP SEQ Assign 1 Transient	0	5	0	0x4a0600
1988	STEP SEQ Assign 2 Transient	0	5	0	0x4a0600
1989	STEP SEQ Assign 3 Transient	0	5	0	0x4a0600
1990	STEP SEQ Assign 4 Transient	0	5	0	0x4a0600
1991	STEP SEQ Assign Flag	0	-1	0	0x4a0601
2006	STEP SEQ Note (voice 1)	0	127	36	0x4b0600
2007	STEP SEQ Note (voice 2)	0	127	36	0x4b0600
2008	STEP SEQ Note (voice 3)	0	127	36	0x4b0600
2009	STEP SEQ Note (voice 4)	0	127	36	0x4b0600
2010	STEP SEQ Note (voice 5)	0	127	36	0x4b0600
2011	STEP SEQ Note (voice 6)	0	127	36	0x4b0600
2012	STEP SEQ Note (voice 7)	0	127	36	0x4b0600
2013	STEP SEQ Note (voice 8)	0	127	36	0x4b0600
2014	STEP SEQ Velo (voice 1)	0	127	0	0x4b0600
2015	STEP SEQ Velo (voice 2)	0	127	0	0x4b0600
2016	STEP SEQ Velo (voice 3)	0	127	0	0x4b0600
2017	STEP SEQ Velo (voice 4)	0	127	0	0x4b0600
2018	STEP SEQ Velo (voice 5)	0	127	0	0x4b0600
2019	STEP SEQ Velo (voice 6)	0	127	0	0x4b0600
2020	STEP SEQ Velo (voice 7)	0	127	0	0x4b0600
2021	STEP SEQ Velo (voice 8)	0	127	0	0x4b0600
2022	STEP SEQ Gate (voice 1)	1	100	50	0x4b0600
2023	STEP SEQ Gate (voice 2)	1	100	50	0x4b0600
2024	STEP SEQ Gate (voice 3)	1	100	50	0x4b0600
2025	STEP SEQ Gate (voice 4)	1	100	50	0x4b0600
2026	STEP SEQ Gate (voice 5)	1	100	50	0x4b0600
2027	STEP SEQ Gate (voice 6)	1	100	50	0x4b0600
2028	STEP SEQ Gate (voice 7)	1	100	50	0x4b0600
2029	STEP SEQ Gate (voice 8)	1	100	50	0x4b0600
2030	STEP SEQ Note Flag	0	-1	0	0x4b0601
2031	STEP SEQ Slide Flag	0	-1	0	0x4b0601
2032	STEP SEQ Mute Flag	0	-1	0	0x4b0601
2033	STEP SEQ Assign 1 Target	0	-1	0	0x4b0601
2034	STEP SEQ Assign 2 Target	0	-1	0	0x4b0601
2035	STEP SEQ Assign 3 Target	0	-1	0	0x4b0601
2036	STEP SEQ Assign 4 Target	0	-1	0	0x4b0601
2037	STEP SEQ Assign 1 Value	0	-1	0	0x4b0601
2038	STEP SEQ Assign 2 Value	0	-1	0	0x4b0601
2039	STEP SEQ Assign 3 Value	0	-1	0	0x4b0601
2040	STEP SEQ Assign 4 Value	0	-1	0	0x4b0601
2041	STEP SEQ Assign 1 Transient	0	5	0	0x4b0600
2042	STEP SEQ Assign 2 Transient	0	5	0	0x4b0600
2043	STEP SEQ Assign 3 Transient	0	5	0	0x4b0600
2044	STEP SEQ Assign 4 Transient	0	5	0	0x4b0600
2045	STEP SEQ Assign Flag	0	-1	0	0x4b0601
2060	STEP SEQ Note (voice 1)	0	127	36	0x4c0600
2061	STEP SEQ Note (voice 2)	0	127	36	0x4c0600
2062	STEP SEQ Note (voice 3)	0	127	36	0x4c0600
2063	STEP SEQ Note (voice 4)	0	127	36	0x4c0600
2064	STEP SEQ Note (voice 5)	0	127	36	0x4c0600
2065	STEP SEQ Note (voice 6)	0	127	36	0x4c0600
2066	STEP SEQ Note (voice 7)	0	127	36	0x4c0600
2067	STEP SEQ Note (voice 8)	0	127	36	0x4c0600
2068	STEP SEQ Velo (voice 1)	0	127	0	0x4c0600
2069	STEP SEQ Velo (voice 2)	0	127	0	0x4c0600
2070	STEP SEQ Velo (voice 3)	0	127	0	0x4c0600
2071	STEP SEQ Velo (voice 4)	0	127	0	0x4c0600
2072	STEP SEQ Velo (voice 5)	0	127	0	0x4c0600
2073	STEP SEQ Velo (voice 6)	0	127	0	0x4c0600
2074	STEP SEQ Velo (voice 7)	0	127	0	0x4c0600
2075	STEP SEQ Velo (voice 8)	0	127	0	0x4c0600
2076	STEP SEQ Gate (voice 1)	1	100	50	0x4c0600
2077	STEP SEQ Gate (voice 2)	1	100	50	0x4c0600
2078	STEP SEQ Gate (voice 3)	1	100	50	0x4c0600
2079	STEP SEQ Gate (voice 4)	1	100	50	0x4c0600
2080	STEP SEQ Gate (voice 5)	1	100	50	0x4c0600
2081	STEP SEQ Gate (voice 6)	1	100	50	0x4c0600
2082	STEP SEQ Gate (voice 7)	1	100	50	0x4c0600
2083	STEP SEQ Gate (voice 8)	1	100	50	0x4c0600
2084	STEP SEQ Note Flag	0	-1	0	0x4c0601
2085	STEP SEQ Slide Flag	0	-1	0	0x4c0601
2086	STEP SEQ Mute Flag	0	-1	0	0x4c0601
2087	STEP SEQ Assign 1 Target	0	-1	0	0x4c0601
2088	STEP SEQ Assign 2 Target	0	-1	0	0x4c0601
2089	STEP SEQ Assign 3 Target	0	-1	0	0x4c0601
2090	STEP SEQ Assign 4 Target	0	-1	0	0x4c0601
2091	STEP SEQ Assign 1 Value	0	-1	0	0x4c0601
2092	STEP SEQ Assign 2 Value	0	-1	0	0x4c0601
2093	STEP SEQ Assign 3 Value	0	-1	0	0x4c0601
2094	STEP SEQ Assign 4 Value	0	-1	0	0x4c0601
2095	STEP SEQ Assign 1 Transient	0	5	0	0x4c0600
2096	STEP SEQ Assign 2 Transient	0	5	0	0x4c0600
2097	STEP SEQ Assign 3 Transient	0	5	0	0x4c0600
2098	STEP SEQ Assign 4 Transient	0	5	0	0x4c0600
2099	STEP SEQ Assign Flag	0	-1	0	0x4c0601
2114	STEP SEQ Note (voice 1)	0	127	36	0x4d0600
2115	STEP SEQ Note (voice 2)	0	127	36	0x4d0600
2116	STEP SEQ Note (voice 3)	0	127	36	0x4d0600
2117	STEP SEQ Note (voice 4)	0	127	36	0x4d0600
2118	STEP SEQ Note (voice 5)	0	127	36	0x4d0600
2119	STEP SEQ Note (voice 6)	0	127	36	0x4d0600
2120	STEP SEQ Note (voice 7)	0	127	36	0x4d0600
2121	STEP SEQ Note (voice 8)	0	127	36	0x4d0600
2122	STEP SEQ Velo (voice 1)	0	127	0	0x4d0600
2123	STEP SEQ Velo (voice 2)	0	127	0	0x4d0600
2124	STEP SEQ Velo (voice 3)	0	127	0	0x4d0600
2125	STEP SEQ Velo (voice 4)	0	127	0	0x4d0600
2126	STEP SEQ Velo (voice 5)	0	127	0	0x4d0600
2127	STEP SEQ Velo (voice 6)	0	127	0	0x4d0600
2128	STEP SEQ Velo (voice 7)	0	127	0	0x4d0600
2129	STEP SEQ Velo (voice 8)	0	127	0	0x4d0600
2130	STEP SEQ Gate (voice 1)	1	100	50	0x4d0600
2131	STEP SEQ Gate (voice 2)	1	100	50	0x4d0600
2132	STEP SEQ Gate (voice 3)	1	100	50	0x4d0600
2133	STEP SEQ Gate (voice 4)	1	100	50	0x4d0600
2134	STEP SEQ Gate (voice 5)	1	100	50	0x4d0600
2135	STEP SEQ Gate (voice 6)	1	100	50	0x4d0600
2136	STEP SEQ Gate (voice 7)	1	100	50	0x4d0600
2137	STEP SEQ Gate (voice 8)	1	100	50	0x4d0600
2138	STEP SEQ Note Flag	0	-1	0	0x4d0601
2139	STEP SEQ Slide Flag	0	-1	0	0x4d0601
2140	STEP SEQ Mute Flag	0	-1	0	0x4d0601
2141	STEP SEQ Assign 1 Target	0	-1	0	0x4d0601
2142	STEP SEQ Assign 2 Target	0	-1	0	0x4d0601
2143	STEP SEQ Assign 3 Target	0	-1	0	0x4d0601
2144	STEP SEQ Assign 4 Target	0	-1	0	0x4d0601
2145	STEP SEQ Assign 1 Value	0	-1	0	0x4d0601
2146	STEP SEQ Assign 2 Value	0	-1	0	0x4d0601
2147	STEP SEQ Assign 3 Value	0	-1	0	0x4d0601
2148	STEP SEQ Assign 4 Value	0	-1	0	0x4d0601
2149	STEP SEQ Assign 1 Transient	0	5	0	0x4d0600
2150	STEP SEQ Assign 2 Transient	0	5	0	0x4d0600
2151	STEP SEQ Assign 3 Transient	0	5	0	0x4d0600
2152	STEP SEQ Assign 4 Transient	0	5	0	0x4d0600
2153	STEP SEQ Assign Flag	0	-1	0	0x4d0601
2168	STEP SEQ Note (voice 1)	0	127	36	0x4e0600
2169	STEP SEQ Note (voice 2)	0	127	36	0x4e0600
2170	STEP SEQ Note (voice 3)	0	127	36	0x4e0600
2171	STEP SEQ Note (voice 4)	0	127	36	0x4e0600
2172	STEP SEQ Note (voice 5)	0	127	36	0x4e0600
2173	STEP SEQ Note (voice 6)	0	127	36	0x4e0600
2174	STEP SEQ Note (voice 7)	0	127	36	0x4e0600
2175	STEP SEQ Note (voice 8)	0	127	36	0x4e0600
2176	STEP SEQ Velo (voice 1)	0	127	0	0x4e0600
2177	STEP SEQ Velo (voice 2)	0	127	0	0x4e0600
2178	STEP SEQ Velo (voice 3)	0	127	0	0x4e0600
2179	STEP SEQ Velo (voice 4)	0	127	0	0x4e0600
2180	STEP SEQ Velo (voice 5)	0	127	0	0x4e0600
2181	STEP SEQ Velo (voice 6)	0	127	0	0x4e0600
2182	STEP SEQ Velo (voice 7)	0	127	0	0x4e0600
2183	STEP SEQ Velo (voice 8)	0	127	0	0x4e0600
2184	STEP SEQ Gate (voice 1)	1	100	50	0x4e0600
2185	STEP SEQ Gate (voice 2)	1	100	50	0x4e0600
2186	STEP SEQ Gate (voice 3)	1	100	50	0x4e0600
2187	STEP SEQ Gate (voice 4)	1	100	50	0x4e0600
2188	STEP SEQ Gate (voice 5)	1	100	50	0x4e0600
2189	STEP SEQ Gate (voice 6)	1	100	50	0x4e0600
2190	STEP SEQ Gate (voice 7)	1	100	50	0x4e0600
2191	STEP SEQ Gate (voice 8)	1	100	50	0x4e0600
2192	STEP SEQ Note Flag	0	-1	0	0x4e0601
2193	STEP SEQ Slide Flag	0	-1	0	0x4e0601
2194	STEP SEQ Mute Flag	0	-1	0	0x4e0601
2195	STEP SEQ Assign 1 Target	0	-1	0	0x4e0601
2196	STEP SEQ Assign 2 Target	0	-1	0	0x4e0601
2197	STEP SEQ Assign 3 Target	0	-1	0	0x4e0601
2198	STEP SEQ Assign 4 Target	0	-1	0	0x4e0601
2199	STEP SEQ Assign 1 Value	0	-1	0	0x4e0601
2200	STEP SEQ Assign 2 Value	0	-1	0	0x4e0601
2201	STEP SEQ Assign 3 Value	0	-1	0	0x4e0601
2202	STEP SEQ Assign 4 Value	0	-1	0	0x4e0601
2203	STEP SEQ Assign 1 Transient	0	5	0	0x4e0600
2204	STEP SEQ Assign 2 Transient	0	5	0	0x4e0600
2205	STEP SEQ Assign 3 Transient	0	5	0	0x4e0600
2206	STEP SEQ Assign 4 Transient	0	5	0	0x4e0600
2207	STEP SEQ Assign Flag	0	-1	0	0x4e0601
2222	STEP SEQ Note (voice 1)	0	127	36	0x4f0600
2223	STEP SEQ Note (voice 2)	0	127	36	0x4f0600
2224	STEP SEQ Note (voice 3)	0	127	36	0x4f0600
2225	STEP SEQ Note (voice 4)	0	127	36	0x4f0600
2226	STEP SEQ Note (voice 5)	0	127	36	0x4f0600
2227	STEP SEQ Note (voice 6)	0	127	36	0x4f0600
2228	STEP SEQ Note (voice 7)	0	127	36	0x4f0600
2229	STEP SEQ Note (voice 8)	0	127	36	0x4f0600
2230	STEP SEQ Velo (voice 1)	0	127	0	0x4f0600
2231	STEP SEQ Velo (voice 2)	0	127	0	0x4f0600
2232	STEP SEQ Velo (voice 3)	0	127	0	0x4f0600
2233	STEP SEQ Velo (voice 4)	0	127	0	0x4f0600
2234	STEP SEQ Velo (voice 5)	0	127	0	0x4f0600
2235	STEP SEQ Velo (voice 6)	0	127	0	0x4f0600
2236	STEP SEQ Velo (voice 7)	0	127	0	0x4f0600
2237	STEP SEQ Velo (voice 8)	0	127	0	0x4f0600
2238	STEP SEQ Gate (voice 1)	1	100	50	0x4f0600
2239	STEP SEQ Gate (voice 2)	1	100	50	0x4f0600
2240	STEP SEQ Gate (voice 3)	1	100	50	0x4f0600
2241	STEP SEQ Gate (voice 4)	1	100	50	0x4f0600
2242	STEP SEQ Gate (voice 5)	1	100	50	0x4f0600
2243	STEP SEQ Gate (voice 6)	1	100	50	0x4f0600
2244	STEP SEQ Gate (voice 7)	1	100	50	0x4f0600
2245	STEP SEQ Gate (voice 8)	1	100	50	0x4f0600
2246	STEP SEQ Note Flag	0	-1	0	0x4f0601
2247	STEP SEQ Slide Flag	0	-1	0	0x4f0601
2248	STEP SEQ Mute Flag	0	-1	0	0x4f0601
2249	STEP SEQ Assign 1 Target	0	-1	0	0x4f0601
2250	STEP SEQ Assign 2 Target	0	-1	0	0x4f0601
2251	STEP SEQ Assign 3 Target	0	-1	0	0x4f0601
2252	STEP SEQ Assign 4 Target	0	-1	0	0x4f0601
2253	STEP SEQ Assign 1 Value	0	-1	0	0x4f0601
2254	STEP SEQ Assign 2 Value	0	-1	0	0x4f0601
2255	STEP SEQ Assign 3 Value	0	-1	0	0x4f0601
2256	STEP SEQ Assign 4 Value	0	-1	0	0x4f0601
2257	STEP SEQ Assign 1 Transient	0	5	0	0x4f0600
2258	STEP SEQ Assign 2 Transient	0	5	0	0x4f0600
2259	STEP SEQ Assign 3 Transient	0	5	0	0x4f0600
2260	STEP SEQ Assign 4 Transient	0	5	0	0x4f0600
2261	STEP SEQ Assign Flag	0	-1	0	0x4f0601
2276	STEP SEQ Note (voice 1)	0	127	36	0x500600
2277	STEP SEQ Note (voice 2)	0	127	36	0x500600
2278	STEP SEQ Note (voice 3)	0	127	36	0x500600
2279	STEP SEQ Note (voice 4)	0	127	36	0x500600
2280	STEP SEQ Note (voice 5)	0	127	36	0x500600
2281	STEP SEQ Note (voice 6)	0	127	36	0x500600
2282	STEP SEQ Note (voice 7)	0	127	36	0x500600
2283	STEP SEQ Note (voice 8)	0	127	36	0x500600
2284	STEP SEQ Velo (voice 1)	0	127	0	0x500600
2285	STEP SEQ Velo (voice 2)	0	127	0	0x500600
2286	STEP SEQ Velo (voice 3)	0	127	0	0x500600
2287	STEP SEQ Velo (voice 4)	0	127	0	0x500600
2288	STEP SEQ Velo (voice 5)	0	127	0	0x500600
2289	STEP SEQ Velo (voice 6)	0	127	0	0x500600
2290	STEP SEQ Velo (voice 7)	0	127	0	0x500600
2291	STEP SEQ Velo (voice 8)	0	127	0	0x500600
2292	STEP SEQ Gate (voice 1)	1	100	50	0x500600
2293	STEP SEQ Gate (voice 2)	1	100	50	0x500600
2294	STEP SEQ Gate (voice 3)	1	100	50	0x500600
2295	STEP SEQ Gate (voice 4)	1	100	50	0x500600
2296	STEP SEQ Gate (voice 5)	1	100	50	0x500600
2297	STEP SEQ Gate (voice 6)	1	100	50	0x500600
2298	STEP SEQ Gate (voice 7)	1	100	50	0x500600
2299	STEP SEQ Gate (voice 8)	1	100	50	0x500600
2300	STEP SEQ Note Flag	0	-1	0	0x500601
2301	STEP SEQ Slide Flag	0	-1	0	0x500601
2302	STEP SEQ Mute Flag	0	-1	0	0x500601
2303	STEP SEQ Assign 1 Target	0	-1	0	0x500601
2304	STEP SEQ Assign 2 Target	0	-1	0	0x500601
2305	STEP SEQ Assign 3 Target	0	-1	0	0x500601
2306	STEP SEQ Assign 4 Target	0	-1	0	0x500601
2307	STEP SEQ Assign 1 Value	0	-1	0	0x500601
2308	STEP SEQ Assign 2 Value	0	-1	0	0x500601
2309	STEP SEQ Assign 3 Value	0	-1	0	0x500601
2310	STEP SEQ Assign 4 Value	0	-1	0	0x500601
2311	STEP SEQ Assign 1 Transient	0	5	0	0x500600
2312	STEP SEQ Assign 2 Transient	0	5	0	0x500600
2313	STEP SEQ Assign 3 Transient	0	5	0	0x500600
2314	STEP SEQ Assign 4 Transient	0	5	0	0x500600
2315	STEP SEQ Assign Flag	0	-1	0	0x500601
2330	STEP SEQ Note (voice 1)	0	127	36	0x510600
2331	STEP SEQ Note (voice 2)	0	127	36	0x510600
2332	STEP SEQ Note (voice 3)	0	127	36	0x510600
2333	STEP SEQ Note (voice 4)	0	127	36	0x510600
2334	STEP SEQ Note (voice 5)	0	127	36	0x510600
2335	STEP SEQ Note (voice 6)	0	127	36	0x510600
2336	STEP SEQ Note (voice 7)	0	127	36	0x510600
2337	STEP SEQ Note (voice 8)	0	127	36	0x510600
2338	STEP SEQ Velo (voice 1)	0	127	0	0x510600
2339	STEP SEQ Velo (voice 2)	0	127	0	0x510600
2340	STEP SEQ Velo (voice 3)	0	127	0	0x510600
2341	STEP SEQ Velo (voice 4)	0	127	0	0x510600
2342	STEP SEQ Velo (voice 5)	0	127	0	0x510600
2343	STEP SEQ Velo (voice 6)	0	127	0	0x510600
2344	STEP SEQ Velo (voice 7)	0	127	0	0x510600
2345	STEP SEQ Velo (voice 8)	0	127	0	0x510600
2346	STEP SEQ Gate (voice 1)	1	100	50	0x510600
2347	STEP SEQ Gate (voice 2)	1	100	50	0x510600
2348	STEP SEQ Gate (voice 3)	1	100	50	0x510600
2349	STEP SEQ Gate (voice 4)	1	100	50	0x510600
2350	STEP SEQ Gate (voice 5)	1	100	50	0x510600
2351	STEP SEQ Gate (voice 6)	1	100	50	0x510600
2352	STEP SEQ Gate (voice 7)	1	100	50	0x510600
2353	STEP SEQ Gate (voice 8)	1	100	50	0x510600
2354	STEP SEQ Note Flag	0	-1	0	0x510601
2355	STEP SEQ Slide Flag	0	-1	0	0x510601
2356	STEP SEQ Mute Flag	0	-1	0	0x510601
2357	STEP SEQ Assign 1 Target	0	-1	0	0x510601
2358	STEP SEQ Assign 2 Target	0	-1	0	0x510601
2359	STEP SEQ Assign 3 Target	0	-1	0	0x510601
2360	STEP SEQ Assign 4 Target	0	-1	0	0x510601
2361	STEP SEQ Assign 1 Value	0	-1	0	0x510601
2362	STEP SEQ Assign 2 Value	0	-1	0	0x510601
2363	STEP SEQ Assign 3 Value	0	-1	0	0x510601
2364	STEP SEQ Assign 4 Value	0	-1	0	0x510601
2365	STEP SEQ Assign 1 Transient	0	5	0	0x510600
2366	STEP SEQ Assign 2 Transient	0	5	0	0x510600
2367	STEP SEQ Assign 3 Transient	0	5	0	0x510600
2368	STEP SEQ Assign 4 Transient	0	5	0	0x510600
2369	STEP SEQ Assign Flag	0	-1	0	0x510601
2384	STEP SEQ Note (voice 1)	0	127	36	0x520600
2385	STEP SEQ Note (voice 2)	0	127	36	0x520600
2386	STEP SEQ Note (voice 3)	0	127	36	0x520600
2387	STEP SEQ Note (voice 4)	0	127	36	0x520600
2388	STEP SEQ Note (voice 5)	0	127	36	0x520600
2389	STEP SEQ Note (voice 6)	0	127	36	0x520600
2390	STEP SEQ Note (voice 7)	0	127	36	0x520600
2391	STEP SEQ Note (voice 8)	0	127	36	0x520600
2392	STEP SEQ Velo (voice 1)	0	127	0	0x520600
2393	STEP SEQ Velo (voice 2)	0	127	0	0x520600
2394	STEP SEQ Velo (voice 3)	0	127	0	0x520600
2395	STEP SEQ Velo (voice 4)	0	127	0	0x520600
2396	STEP SEQ Velo (voice 5)	0	127	0	0x520600
2397	STEP SEQ Velo (voice 6)	0	127	0	0x520600
2398	STEP SEQ Velo (voice 7)	0	127	0	0x520600
2399	STEP SEQ Velo (voice 8)	0	127	0	0x520600
2400	STEP SEQ Gate (voice 1)	1	100	50	0x520600
2401	STEP SEQ Gate (voice 2)	1	100	50	0x520600
2402	STEP SEQ Gate (voice 3)	1	100	50	0x520600
2403	STEP SEQ Gate (voice 4)	1	100	50	0x520600
2404	STEP SEQ Gate (voice 5)	1	100	50	0x520600
2405	STEP SEQ Gate (voice 6)	1	100	50	0x520600
2406	STEP SEQ Gate (voice 7)	1	100	50	0x520600
2407	STEP SEQ Gate (voice 8)	1	100	50	0x520600
2408	STEP SEQ Note Flag	0	-1	0	0x520601
2409	STEP SEQ Slide Flag	0	-1	0	0x520601
2410	STEP SEQ Mute Flag	0	-1	0	0x520601
2411	STEP SEQ Assign 1 Target	0	-1	0	0x520601
2412	STEP SEQ Assign 2 Target	0	-1	0	0x520601
2413	STEP SEQ Assign 3 Target	0	-1	0	0x520601
2414	STEP SEQ Assign 4 Target	0	-1	0	0x520601
2415	STEP SEQ Assign 1 Value	0	-1	0	0x520601
2416	STEP SEQ Assign 2 Value	0	-1	0	0x520601
2417	STEP SEQ Assign 3 Value	0	-1	0	0x520601
2418	STEP SEQ Assign 4 Value	0	-1	0	0x520601
2419	STEP SEQ Assign 1 Transient	0	5	0	0x520600
2420	STEP SEQ Assign 2 Transient	0	5	0	0x520600
2421	STEP SEQ Assign 3 Transient	0	5	0	0x520600
2422	STEP SEQ Assign 4 Transient	0	5	0	0x520600
2423	STEP SEQ Assign Flag	0	-1	0	0x520601
2438	STEP SEQ Note (voice 1)	0	127	36	0x530600
2439	STEP SEQ Note (voice 2)	0	127	36	0x530600
2440	STEP SEQ Note (voice 3)	0	127	36	0x530600
2441	STEP SEQ Note (voice 4)	0	127	36	0x530600
2442	STEP SEQ Note (voice 5)	0	127	36	0x530600
2443	STEP SEQ Note (voice 6)	0	127	36	0x530600
2444	STEP SEQ Note (voice 7)	0	127	36	0x530600
2445	STEP SEQ Note (voice 8)	0	127	36	0x530600
2446	STEP SEQ Velo (voice 1)	0	127	0	0x530600
2447	STEP SEQ Velo (voice 2)	0	127	0	0x530600
2448	STEP SEQ Velo (voice 3)	0	127	0	0x530600
2449	STEP SEQ Velo (voice 4)	0	127	0	0x530600
2450	STEP SEQ Velo (voice 5)	0	127	0	0x530600
2451	STEP SEQ Velo (voice 6)	0	127	0	0x530600
2452	STEP SEQ Velo (voice 7)	0	127	0	0x530600
2453	STEP SEQ Velo (voice 8)	0	127	0	0x530600
2454	STEP SEQ Gate (voice 1)	1	100	50	0x530600
2455	STEP SEQ Gate (voice 2)	1	100	50	0x530600
2456	STEP SEQ Gate (voice 3)	1	100	50	0x530600
2457	STEP SEQ Gate (voice 4)	1	100	50	0x530600
2458	STEP SEQ Gate (voice 5)	1	100	50	0x530600
2459	STEP SEQ Gate (voice 6)	1	100	50	0x530600
2460	STEP SEQ Gate (voice 7)	1	100	50	0x530600
2461	STEP SEQ Gate (voice 8)	1	100	50	0x530600
2462	STEP SEQ Note Flag	0	-1	0	0x530601
2463	STEP SEQ Slide Flag	0	-1	0	0x530601
2464	STEP SEQ Mute Flag	0	-1	0	0x530601
2465	STEP SEQ Assign 1 Target	0	-1	0	0x530601
2466	STEP SEQ Assign 2 Target	0	-1	0	0x530601
2467	STEP SEQ Assign 3 Target	0	-1	0	0x530601
2468	STEP SEQ Assign 4 Target	0	-1	0	0x530601
2469	STEP SEQ Assign 1 Value	0	-1	0	0x530601
2470	STEP SEQ Assign 2 Value	0	-1	0	0x530601
2471	STEP SEQ Assign 3 Value	0	-1	0	0x530601
2472	STEP SEQ Assign 4 Value	0	-1	0	0x530601
2473	STEP SEQ Assign 1 Transient	0	5	0	0x530600
2474	STEP SEQ Assign 2 Transient	0	5	0	0x530600
2475	STEP SEQ Assign 3 Transient	0	5	0	0x530600
2476	STEP SEQ Assign 4 Transient	0	5	0	0x530600
2477	STEP SEQ Assign Flag	0	-1	0	0x530601
2492	STEP SEQ Note (voice 1)	0	127	36	0x540600
2493	STEP SEQ Note (voice 2)	0	127	36	0x540600
2494	STEP SEQ Note (voice 3)	0	127	36	0x540600
2495	STEP SEQ Note (voice 4)	0	127	36	0x540600
2496	STEP SEQ Note (voice 5)	0	127	36	0x540600
2497	STEP SEQ Note (voice 6)	0	127	36	0x540600
2498	STEP SEQ Note (voice 7)	0	127	36	0x540600
2499	STEP SEQ Note (voice 8)	0	127	36	0x540600
2500	STEP SEQ Velo (voice 1)	0	127	0	0x540600
2501	STEP SEQ Velo (voice 2)	0	127	0	0x540600
2502	STEP SEQ Velo (voice 3)	0	127	0	0x540600
2503	STEP SEQ Velo (voice 4)	0	127	0	0x540600
2504	STEP SEQ Velo (voice 5)	0	127	0	0x540600
2505	STEP SEQ Velo (voice 6)	0	127	0	0x540600
2506	STEP SEQ Velo (voice 7)	0	127	0	0x540600
2507	STEP SEQ Velo (voice 8)	0	127	0	0x540600
2508	STEP SEQ Gate (voice 1)	1	100	50	0x540600
2509	STEP SEQ Gate (voice 2)	1	100	50	0x540600
2510	STEP SEQ Gate (voice 3)	1	100	50	0x540600
2511	STEP SEQ Gate (voice 4)	1	100	50	0x540600
2512	STEP SEQ Gate (voice 5)	1	100	50	0x540600
2513	STEP SEQ Gate (voice 6)	1	100	50	0x540600
2514	STEP SEQ Gate (voice 7)	1	100	50	0x540600
2515	STEP SEQ Gate (voice 8)	1	100	50	0x540600
2516	STEP SEQ Note Flag	0	-1	0	0x540601
2517	STEP SEQ Slide Flag	0	-1	0	0x540601
2518	STEP SEQ Mute Flag	0	-1	0	0x540601
2519	STEP SEQ Assign 1 Target	0	-1	0	0x540601
2520	STEP SEQ Assign 2 Target	0	-1	0	0x540601
2521	STEP SEQ Assign 3 Target	0	-1	0	0x540601
2522	STEP SEQ Assign 4 Target	0	-1	0	0x540601
2523	STEP SEQ Assign 1 Value	0	-1	0	0x540601
2524	STEP SEQ Assign 2 Value	0	-1	0	0x540601
2525	STEP SEQ Assign 3 Value	0	-1	0	0x540601
2526	STEP SEQ Assign 4 Value	0	-1	0	0x540601
2527	STEP SEQ Assign 1 Transient	0	5	0	0x540600
2528	STEP SEQ Assign 2 Transient	0	5	0	0x540600
2529	STEP SEQ Assign 3 Transient	0	5	0	0x540600
2530	STEP SEQ Assign 4 Transient	0	5	0	0x540600
2531	STEP SEQ Assign Flag	0	-1	0	0x540601
2546	STEP SEQ Note (voice 1)	0	127	36	0x550600
2547	STEP SEQ Note (voice 2)	0	127	36	0x550600
2548	STEP SEQ Note (voice 3)	0	127	36	0x550600
2549	STEP SEQ Note (voice 4)	0	127	36	0x550600
2550	STEP SEQ Note (voice 5)	0	127	36	0x550600
2551	STEP SEQ Note (voice 6)	0	127	36	0x550600
2552	STEP SEQ Note (voice 7)	0	127	36	0x550600
2553	STEP SEQ Note (voice 8)	0	127	36	0x550600
2554	STEP SEQ Velo (voice 1)	0	127	0	0x550600
2555	STEP SEQ Velo (voice 2)	0	127	0	0x550600
2556	STEP SEQ Velo (voice 3)	0	127	0	0x550600
2557	STEP SEQ Velo (voice 4)	0	127	0	0x550600
2558	STEP SEQ Velo (voice 5)	0	127	0	0x550600
2559	STEP SEQ Velo (voice 6)	0	127	0	0x550600
2560	STEP SEQ Velo (voice 7)	0	127	0	0x550600
2561	STEP SEQ Velo (voice 8)	0	127	0	0x550600
2562	STEP SEQ Gate (voice 1)	1	100	50	0x550600
2563	STEP SEQ Gate (voice 2)	1	100	50	0x550600
2564	STEP SEQ Gate (voice 3)	1	100	50	0x550600
2565	STEP SEQ Gate (voice 4)	1	100	50	0x550600
2566	STEP SEQ Gate (voice 5)	1	100	50	0x550600
2567	STEP SEQ Gate (voice 6)	1	100	50	0x550600
2568	STEP SEQ Gate (voice 7)	1	100	50	0x550600
2569	STEP SEQ Gate (voice 8)	1	100	50	0x550600
2570	STEP SEQ Note Flag	0	-1	0	0x550601
2571	STEP SEQ Slide Flag	0	-1	0	0x550601
2572	STEP SEQ Mute Flag	0	-1	0	0x550601
2573	STEP SEQ Assign 1 Target	0	-1	0	0x550601
2574	STEP SEQ Assign 2 Target	0	-1	0	0x550601
2575	STEP SEQ Assign 3 Target	0	-1	0	0x550601
2576	STEP SEQ Assign 4 Target	0	-1	0	0x550601
2577	STEP SEQ Assign 1 Value	0	-1	0	0x550601
2578	STEP SEQ Assign 2 Value	0	-1	0	0x550601
2579	STEP SEQ Assign 3 Value	0	-1	0	0x550601
2580	STEP SEQ Assign 4 Value	0	-1	0	0x550601
2581	STEP SEQ Assign 1 Transient	0	5	0	0x550600
2582	STEP SEQ Assign 2 Transient	0	5	0	0x550600
2583	STEP SEQ Assign 3 Transient	0	5	0	0x550600
2584	STEP SEQ Assign 4 Transient	0	5	0	0x550600
2585	STEP SEQ Assign Flag	0	-1	0	0x550601
2600	STEP SEQ Note (voice 1)	0	127	36	0x560600
2601	STEP SEQ Note (voice 2)	0	127	36	0x560600
2602	STEP SEQ Note (voice 3)	0	127	36	0x560600
2603	STEP SEQ Note (voice 4)	0	127	36	0x560600
2604	STEP SEQ Note (voice 5)	0	127	36	0x560600
2605	STEP SEQ Note (voice 6)	0	127	36	0x560600
2606	STEP SEQ Note (voice 7)	0	127	36	0x560600
2607	STEP SEQ Note (voice 8)	0	127	36	0x560600
2608	STEP SEQ Velo (voice 1)	0	127	0	0x560600
2609	STEP SEQ Velo (voice 2)	0	127	0	0x560600
2610	STEP SEQ Velo (voice 3)	0	127	0	0x560600
2611	STEP SEQ Velo (voice 4)	0	127	0	0x560600
2612	STEP SEQ Velo (voice 5)	0	127	0	0x560600
2613	STEP SEQ Velo (voice 6)	0	127	0	0x560600
2614	STEP SEQ Velo (voice 7)	0	127	0	0x560600
2615	STEP SEQ Velo (voice 8)	0	127	0	0x560600
2616	STEP SEQ Gate (voice 1)	1	100	50	0x560600
2617	STEP SEQ Gate (voice 2)	1	100	50	0x560600
2618	STEP SEQ Gate (voice 3)	1	100	50	0x560600
2619	STEP SEQ Gate (voice 4)	1	100	50	0x560600
2620	STEP SEQ Gate (voice 5)	1	100	50	0x560600
2621	STEP SEQ Gate (voice 6)	1	100	50	0x560600
2622	STEP SEQ Gate (voice 7)	1	100	50	0x560600
2623	STEP SEQ Gate (voice 8)	1	100	50	0x560600
2624	STEP SEQ Note Flag	0	-1	0	0x560601
2625	STEP SEQ Slide Flag	0	-1	0	0x560601
2626	STEP SEQ Mute Flag	0	-1	0	0x560601
2627	STEP SEQ Assign 1 Target	0	-1	0	0x560601
2628	STEP SEQ Assign 2 Target	0	-1	0	0x560601
2629	STEP SEQ Assign 3 Target	0	-1	0	0x560601
2630	STEP SEQ Assign 4 Target	0	-1	0	0x560601
2631	STEP SEQ Assign 1 Value	0	-1	0	0x560601
2632	STEP SEQ Assign 2 Value	0	-1	0	0x560601
2633	STEP SEQ Assign 3 Value	0	-1	0	0x560601
2634	STEP SEQ Assign 4 Value	0	-1	0	0x560601
2635	STEP SEQ Assign 1 Transient	0	5	0	0x560600
2636	STEP SEQ Assign 2 Transient	0	5	0	0x560600
2637	STEP SEQ Assign 3 Transient	0	5	0	0x560600
2638	STEP SEQ Assign 4 Transient	0	5	0	0x560600
2639	STEP SEQ Assign Flag	0	-1	0	0x560601
2654	STEP SEQ Note (voice 1)	0	127	36	0x570600
2655	STEP SEQ Note (voice 2)	0	127	36	0x570600
2656	STEP SEQ Note (voice 3)	0	127	36	0x570600
2657	STEP SEQ Note (voice 4)	0	127	36	0x570600
2658	STEP SEQ Note (voice 5)	0	127	36	0x570600
2659	STEP SEQ Note (voice 6)	0	127	36	0x570600
2660	STEP SEQ Note (voice 7)	0	127	36	0x570600
2661	STEP SEQ Note (voice 8)	0	127	36	0x570600
2662	STEP SEQ Velo (voice 1)	0	127	0	0x570600
2663	STEP SEQ Velo (voice 2)	0	127	0	0x570600
2664	STEP SEQ Velo (voice 3)	0	127	0	0x570600
2665	STEP SEQ Velo (voice 4)	0	127	0	0x570600
2666	STEP SEQ Velo (voice 5)	0	127	0	0x570600
2667	STEP SEQ Velo (voice 6)	0	127	0	0x570600
2668	STEP SEQ Velo (voice 7)	0	127	0	0x570600
2669	STEP SEQ Velo (voice 8)	0	127	0	0x570600
2670	STEP SEQ Gate (voice 1)	1	100	50	0x570600
2671	STEP SEQ Gate (voice 2)	1	100	50	0x570600
2672	STEP SEQ Gate (voice 3)	1	100	50	0x570600
2673	STEP SEQ Gate (voice 4)	1	100	50	0x570600
2674	STEP SEQ Gate (voice 5)	1	100	50	0x570600
2675	STEP SEQ Gate (voice 6)	1	100	50	0x570600
2676	STEP SEQ Gate (voice 7)	1	100	50	0x570600
2677	STEP SEQ Gate (voice 8)	1	100	50	0x570600
2678	STEP SEQ Note Flag	0	-1	0	0x570601
2679	STEP SEQ Slide Flag	0	-1	0	0x570601
2680	STEP SEQ Mute Flag	0	-1	0	0x570601
2681	STEP SEQ Assign 1 Target	0	-1	0	0x570601
2682	STEP SEQ Assign 2 Target	0	-1	0	0x570601
2683	STEP SEQ Assign 3 Target	0	-1	0	0x570601
2684	STEP SEQ Assign 4 Target	0	-1	0	0x570601
2685	STEP SEQ Assign 1 Value	0	-1	0	0x570601
2686	STEP SEQ Assign 2 Value	0	-1	0	0x570601
2687	STEP SEQ Assign 3 Value	0	-1	0	0x570601
2688	STEP SEQ Assign 4 Value	0	-1	0	0x570601
2689	STEP SEQ Assign 1 Transient	0	5	0	0x570600
2690	STEP SEQ Assign 2 Transient	0	5	0	0x570600
2691	STEP SEQ Assign 3 Transient	0	5	0	0x570600
2692	STEP SEQ Assign 4 Transient	0	5	0	0x570600
2693	STEP SEQ Assign Flag	0	-1	0	0x570601
2708	STEP SEQ Note (voice 1)	0	127	36	0x580600
2709	STEP SEQ Note (voice 2)	0	127	36	0x580600
2710	STEP SEQ Note (voice 3)	0	127	36	0x580600
2711	STEP SEQ Note (voice 4)	0	127	36	0x580600
2712	STEP SEQ Note (voice 5)	0	127	36	0x580600
2713	STEP SEQ Note (voice 6)	0	127	36	0x580600
2714	STEP SEQ Note (voice 7)	0	127	36	0x580600
2715	STEP SEQ Note (voice 8)	0	127	36	0x580600
2716	STEP SEQ Velo (voice 1)	0	127	0	0x580600
2717	STEP SEQ Velo (voice 2)	0	127	0	0x580600
2718	STEP SEQ Velo (voice 3)	0	127	0	0x580600
2719	STEP SEQ Velo (voice 4)	0	127	0	0x580600
2720	STEP SEQ Velo (voice 5)	0	127	0	0x580600
2721	STEP SEQ Velo (voice 6)	0	127	0	0x580600
2722	STEP SEQ Velo (voice 7)	0	127	0	0x580600
2723	STEP SEQ Velo (voice 8)	0	127	0	0x580600
2724	STEP SEQ Gate (voice 1)	1	100	50	0x580600
2725	STEP SEQ Gate (voice 2)	1	100	50	0x580600
2726	STEP SEQ Gate (voice 3)	1	100	50	0x580600
2727	STEP SEQ Gate (voice 4)	1	100	50	0x580600
2728	STEP SEQ Gate (voice 5)	1	100	50	0x580600
2729	STEP SEQ Gate (voice 6)	1	100	50	0x580600
2730	STEP SEQ Gate (voice 7)	1	100	50	0x580600
2731	STEP SEQ Gate (voice 8)	1	100	50	0x580600
2732	STEP SEQ Note Flag	0	-1	0	0x580601
2733	STEP SEQ Slide Flag	0	-1	0	0x580601
2734	STEP SEQ Mute Flag	0	-1	0	0x580601
2735	STEP SEQ Assign 1 Target	0	-1	0	0x580601
2736	STEP SEQ Assign 2 Target	0	-1	0	0x580601
2737	STEP SEQ Assign 3 Target	0	-1	0	0x580601
2738	STEP SEQ Assign 4 Target	0	-1	0	0x580601
2739	STEP SEQ Assign 1 Value	0	-1	0	0x580601
2740	STEP SEQ Assign 2 Value	0	-1	0	0x580601
2741	STEP SEQ Assign 3 Value	0	-1	0	0x580601
2742	STEP SEQ Assign 4 Value	0	-1	0	0x580601
2743	STEP SEQ Assign 1 Transient	0	5	0	0x580600
2744	STEP SEQ Assign 2 Transient	0	5	0	0x580600
2745	STEP SEQ Assign 3 Transient	0	5	0	0x580600
2746	STEP SEQ Assign 4 Transient	0	5	0	0x580600
2747	STEP SEQ Assign Flag	0	-1	0	0x580601
2762	STEP SEQ Note (voice 1)	0	127	36	0x590600
2763	STEP SEQ Note (voice 2)	0	127	36	0x590600
2764	STEP SEQ Note (voice 3)	0	127	36	0x590600
2765	STEP SEQ Note (voice 4)	0	127	36	0x590600
2766	STEP SEQ Note (voice 5)	0	127	36	0x590600
2767	STEP SEQ Note (voice 6)	0	127	36	0x590600
2768	STEP SEQ Note (voice 7)	0	127	36	0x590600
2769	STEP SEQ Note (voice 8)	0	127	36	0x590600
2770	STEP SEQ Velo (voice 1)	0	127	0	0x590600
2771	STEP SEQ Velo (voice 2)	0	127	0	0x590600
2772	STEP SEQ Velo (voice 3)	0	127	0	0x590600
2773	STEP SEQ Velo (voice 4)	0	127	0	0x590600
2774	STEP SEQ Velo (voice 5)	0	127	0	0x590600
2775	STEP SEQ Velo (voice 6)	0	127	0	0x590600
2776	STEP SEQ Velo (voice 7)	0	127	0	0x590600
2777	STEP SEQ Velo (voice 8)	0	127	0	0x590600
2778	STEP SEQ Gate (voice 1)	1	100	50	0x590600
2779	STEP SEQ Gate (voice 2)	1	100	50	0x590600
2780	STEP SEQ Gate (voice 3)	1	100	50	0x590600
2781	STEP SEQ Gate (voice 4)	1	100	50	0x590600
2782	STEP SEQ Gate (voice 5)	1	100	50	0x590600
2783	STEP SEQ Gate (voice 6)	1	100	50	0x590600
2784	STEP SEQ Gate (voice 7)	1	100	50	0x590600
2785	STEP SEQ Gate (voice 8)	1	100	50	0x590600
2786	STEP SEQ Note Flag	0	-1	0	0x590601
2787	STEP SEQ Slide Flag	0	-1	0	0x590601
2788	STEP SEQ Mute Flag	0	-1	0	0x590601
2789	STEP SEQ Assign 1 Target	0	-1	0	0x590601
2790	STEP SEQ Assign 2 Target	0	-1	0	0x590601
2791	STEP SEQ Assign 3 Target	0	-1	0	0x590601
2792	STEP SEQ Assign 4 Target	0	-1	0	0x590601
2793	STEP SEQ Assign 1 Value	0	-1	0	0x590601
2794	STEP SEQ Assign 2 Value	0	-1	0	0x590601
2795	STEP SEQ Assign 3 Value	0	-1	0	0x590601
2796	STEP SEQ Assign 4 Value	0	-1	0	0x590601
2797	STEP SEQ Assign 1 Transient	0	5	0	0x590600
2798	STEP SEQ Assign 2 Transient	0	5	0	0x590600
2799	STEP SEQ Assign 3 Transient	0	5	0	0x590600
2800	STEP SEQ Assign 4 Transient	0	5	0	0x590600
2801	STEP SEQ Assign Flag	0	-1	0	0x590601
2816	STEP SEQ Note (voice 1)	0	127	36	0x5a0600
2817	STEP SEQ Note (voice 2)	0	127	36	0x5a0600
2818	STEP SEQ Note (voice 3)	0	127	36	0x5a0600
2819	STEP SEQ Note (voice 4)	0	127	36	0x5a0600
2820	STEP SEQ Note (voice 5)	0	127	36	0x5a0600
2821	STEP SEQ Note (voice 6)	0	127	36	0x5a0600
2822	STEP SEQ Note (voice 7)	0	127	36	0x5a0600
2823	STEP SEQ Note (voice 8)	0	127	36	0x5a0600
2824	STEP SEQ Velo (voice 1)	0	127	0	0x5a0600
2825	STEP SEQ Velo (voice 2)	0	127	0	0x5a0600
2826	STEP SEQ Velo (voice 3)	0	127	0	0x5a0600
2827	STEP SEQ Velo (voice 4)	0	127	0	0x5a0600
2828	STEP SEQ Velo (voice 5)	0	127	0	0x5a0600
2829	STEP SEQ Velo (voice 6)	0	127	0	0x5a0600
2830	STEP SEQ Velo (voice 7)	0	127	0	0x5a0600
2831	STEP SEQ Velo (voice 8)	0	127	0	0x5a0600
2832	STEP SEQ Gate (voice 1)	1	100	50	0x5a0600
2833	STEP SEQ Gate (voice 2)	1	100	50	0x5a0600
2834	STEP SEQ Gate (voice 3)	1	100	50	0x5a0600
2835	STEP SEQ Gate (voice 4)	1	100	50	0x5a0600
2836	STEP SEQ Gate (voice 5)	1	100	50	0x5a0600
2837	STEP SEQ Gate (voice 6)	1	100	50	0x5a0600
2838	STEP SEQ Gate (voice 7)	1	100	50	0x5a0600
2839	STEP SEQ Gate (voice 8)	1	100	50	0x5a0600
2840	STEP SEQ Note Flag	0	-1	0	0x5a0601
2841	STEP SEQ Slide Flag	0	-1	0	0x5a0601
2842	STEP SEQ Mute Flag	0	-1	0	0x5a0601
2843	STEP SEQ Assign 1 Target	0	-1	0	0x5a0601
2844	STEP SEQ Assign 2 Target	0	-1	0	0x5a0601
2845	STEP SEQ Assign 3 Target	0	-1	0	0x5a0601
2846	STEP SEQ Assign 4 Target	0	-1	0	0x5a0601
2847	STEP SEQ Assign 1 Value	0	-1	0	0x5a0601
2848	STEP SEQ Assign 2 Value	0	-1	0	0x5a0601
2849	STEP SEQ Assign 3 Value	0	-1	0	0x5a0601
2850	STEP SEQ Assign 4 Value	0	-1	0	0x5a0601
2851	STEP SEQ Assign 1 Transient	0	5	0	0x5a0600
2852	STEP SEQ Assign 2 Transient	0	5	0	0x5a0600
2853	STEP SEQ Assign 3 Transient	0	5	0	0x5a0600
2854	STEP SEQ Assign 4 Transient	0	5	0	0x5a0600
2855	STEP SEQ Assign Flag	0	-1	0	0x5a0601
2870	STEP SEQ Note (voice 1)	0	127	36	0x5b0600
2871	STEP SEQ Note (voice 2)	0	127	36	0x5b0600
2872	STEP SEQ Note (voice 3)	0	127	36	0x5b0600
2873	STEP SEQ Note (voice 4)	0	127	36	0x5b0600
2874	STEP SEQ Note (voice 5)	0	127	36	0x5b0600
2875	STEP SEQ Note (voice 6)	0	127	36	0x5b0600
2876	STEP SEQ Note (voice 7)	0	127	36	0x5b0600
2877	STEP SEQ Note (voice 8)	0	127	36	0x5b0600
2878	STEP SEQ Velo (voice 1)	0	127	0	0x5b0600
2879	STEP SEQ Velo (voice 2)	0	127	0	0x5b0600
2880	STEP SEQ Velo (voice 3)	0	127	0	0x5b0600
2881	STEP SEQ Velo (voice 4)	0	127	0	0x5b0600
2882	STEP SEQ Velo (voice 5)	0	127	0	0x5b0600
2883	STEP SEQ Velo (voice 6)	0	127	0	0x5b0600
2884	STEP SEQ Velo (voice 7)	0	127	0	0x5b0600
2885	STEP SEQ Velo (voice 8)	0	127	0	0x5b0600
2886	STEP SEQ Gate (voice 1)	1	100	50	0x5b0600
2887	STEP SEQ Gate (voice 2)	1	100	50	0x5b0600
2888	STEP SEQ Gate (voice 3)	1	100	50	0x5b0600
2889	STEP SEQ Gate (voice 4)	1	100	50	0x5b0600
2890	STEP SEQ Gate (voice 5)	1	100	50	0x5b0600
2891	STEP SEQ Gate (voice 6)	1	100	50	0x5b0600
2892	STEP SEQ Gate (voice 7)	1	100	50	0x5b0600
2893	STEP SEQ Gate (voice 8)	1	100	50	0x5b0600
2894	STEP SEQ Note Flag	0	-1	0	0x5b0601
2895	STEP SEQ Slide Flag	0	-1	0	0x5b0601
2896	STEP SEQ Mute Flag	0	-1	0	0x5b0601
2897	STEP SEQ Assign 1 Target	0	-1	0	0x5b0601
2898	STEP SEQ Assign 2 Target	0	-1	0	0x5b0601
2899	STEP SEQ Assign 3 Target	0	-1	0	0x5b0601
2900	STEP SEQ Assign 4 Target	0	-1	0	0x5b0601
2901	STEP SEQ Assign 1 Value	0	-1	0	0x5b0601
2902	STEP SEQ Assign 2 Value	0	-1	0	0x5b0601
2903	STEP SEQ Assign 3 Value	0	-1	0	0x5b0601
2904	STEP SEQ Assign 4 Value	0	-1	0	0x5b0601
2905	STEP SEQ Assign 1 Transient	0	5	0	0x5b0600
2906	STEP SEQ Assign 2 Transient	0	5	0	0x5b0600
2907	STEP SEQ Assign 3 Transient	0	5	0	0x5b0600
2908	STEP SEQ Assign 4 Transient	0	5	0	0x5b0600
2909	STEP SEQ Assign Flag	0	-1	0	0x5b0601
2924	STEP SEQ Note (voice 1)	0	127	36	0x5c0600
2925	STEP SEQ Note (voice 2)	0	127	36	0x5c0600
2926	STEP SEQ Note (voice 3)	0	127	36	0x5c0600
2927	STEP SEQ Note (voice 4)	0	127	36	0x5c0600
2928	STEP SEQ Note (voice 5)	0	127	36	0x5c0600
2929	STEP SEQ Note (voice 6)	0	127	36	0x5c0600
2930	STEP SEQ Note (voice 7)	0	127	36	0x5c0600
2931	STEP SEQ Note (voice 8)	0	127	36	0x5c0600
2932	STEP SEQ Velo (voice 1)	0	127	0	0x5c0600
2933	STEP SEQ Velo (voice 2)	0	127	0	0x5c0600
2934	STEP SEQ Velo (voice 3)	0	127	0	0x5c0600
2935	STEP SEQ Velo (voice 4)	0	127	0	0x5c0600
2936	STEP SEQ Velo (voice 5)	0	127	0	0x5c0600
2937	STEP SEQ Velo (voice 6)	0	127	0	0x5c0600
2938	STEP SEQ Velo (voice 7)	0	127	0	0x5c0600
2939	STEP SEQ Velo (voice 8)	0	127	0	0x5c0600
2940	STEP SEQ Gate (voice 1)	1	100	50	0x5c0600
2941	STEP SEQ Gate (voice 2)	1	100	50	0x5c0600
2942	STEP SEQ Gate (voice 3)	1	100	50	0x5c0600
2943	STEP SEQ Gate (voice 4)	1	100	50	0x5c0600
2944	STEP SEQ Gate (voice 5)	1	100	50	0x5c0600
2945	STEP SEQ Gate (voice 6)	1	100	50	0x5c0600
2946	STEP SEQ Gate (voice 7)	1	100	50	0x5c0600
2947	STEP SEQ Gate (voice 8)	1	100	50	0x5c0600
2948	STEP SEQ Note Flag	0	-1	0	0x5c0601
2949	STEP SEQ Slide Flag	0	-1	0	0x5c0601
2950	STEP SEQ Mute Flag	0	-1	0	0x5c0601
2951	STEP SEQ Assign 1 Target	0	-1	0	0x5c0601
2952	STEP SEQ Assign 2 Target	0	-1	0	0x5c0601
2953	STEP SEQ Assign 3 Target	0	-1	0	0x5c0601
2954	STEP SEQ Assign 4 Target	0	-1	0	0x5c0601
2955	STEP SEQ Assign 1 Value	0	-1	0	0x5c0601
2956	STEP SEQ Assign 2 Value	0	-1	0	0x5c0601
2957	STEP SEQ Assign 3 Value	0	-1	0	0x5c0601
2958	STEP SEQ Assign 4 Value	0	-1	0	0x5c0601
2959	STEP SEQ Assign 1 Transient	0	5	0	0x5c0600
2960	STEP SEQ Assign 2 Transient	0	5	0	0x5c0600
2961	STEP SEQ Assign 3 Transient	0	5	0	0x5c0600
2962	STEP SEQ Assign 4 Transient	0	5	0	0x5c0600
2963	STEP SEQ Assign Flag	0	-1	0	0x5c0601
2978	STEP SEQ Note (voice 1)	0	127	36	0x5d0600
2979	STEP SEQ Note (voice 2)	0	127	36	0x5d0600
2980	STEP SEQ Note (voice 3)	0	127	36	0x5d0600
2981	STEP SEQ Note (voice 4)	0	127	36	0x5d0600
2982	STEP SEQ Note (voice 5)	0	127	36	0x5d0600
2983	STEP SEQ Note (voice 6)	0	127	36	0x5d0600
2984	STEP SEQ Note (voice 7)	0	127	36	0x5d0600
2985	STEP SEQ Note (voice 8)	0	127	36	0x5d0600
2986	STEP SEQ Velo (voice 1)	0	127	0	0x5d0600
2987	STEP SEQ Velo (voice 2)	0	127	0	0x5d0600
2988	STEP SEQ Velo (voice 3)	0	127	0	0x5d0600
2989	STEP SEQ Velo (voice 4)	0	127	0	0x5d0600
2990	STEP SEQ Velo (voice 5)	0	127	0	0x5d0600
2991	STEP SEQ Velo (voice 6)	0	127	0	0x5d0600
2992	STEP SEQ Velo (voice 7)	0	127	0	0x5d0600
2993	STEP SEQ Velo (voice 8)	0	127	0	0x5d0600
2994	STEP SEQ Gate (voice 1)	1	100	50	0x5d0600
2995	STEP SEQ Gate (voice 2)	1	100	50	0x5d0600
2996	STEP SEQ Gate (voice 3)	1	100	50	0x5d0600
2997	STEP SEQ Gate (voice 4)	1	100	50	0x5d0600
2998	STEP SEQ Gate (voice 5)	1	100	50	0x5d0600
2999	STEP SEQ Gate (voice 6)	1	100	50	0x5d0600
3000	STEP SEQ Gate (voice 7)	1	100	50	0x5d0600
3001	STEP SEQ Gate (voice 8)	1	100	50	0x5d0600
3002	STEP SEQ Note Flag	0	-1	0	0x5d0601
3003	STEP SEQ Slide Flag	0	-1	0	0x5d0601
3004	STEP SEQ Mute Flag	0	-1	0	0x5d0601
3005	STEP SEQ Assign 1 Target	0	-1	0	0x5d0601
3006	STEP SEQ Assign 2 Target	0	-1	0	0x5d0601
3007	STEP SEQ Assign 3 Target	0	-1	0	0x5d0601
3008	STEP SEQ Assign 4 Target	0	-1	0	0x5d0601
3009	STEP SEQ Assign 1 Value	0	-1	0	0x5d0601
3010	STEP SEQ Assign 2 Value	0	-1	0	0x5d0601
3011	STEP SEQ Assign 3 Value	0	-1	0	0x5d0601
3012	STEP SEQ Assign 4 Value	0	-1	0	0x5d0601
3013	STEP SEQ Assign 1 Transient	0	5	0	0x5d0600
3014	STEP SEQ Assign 2 Transient	0	5	0	0x5d0600
3015	STEP SEQ Assign 3 Transient	0	5	0	0x5d0600
3016	STEP SEQ Assign 4 Transient	0	5	0	0x5d0600
3017	STEP SEQ Assign Flag	0	-1	0	0x5d0601
3032	STEP SEQ Note (voice 1)	0	127	36	0x5e0600
3033	STEP SEQ Note (voice 2)	0	127	36	0x5e0600
3034	STEP SEQ Note (voice 3)	0	127	36	0x5e0600
3035	STEP SEQ Note (voice 4)	0	127	36	0x5e0600
3036	STEP SEQ Note (voice 5)	0	127	36	0x5e0600
3037	STEP SEQ Note (voice 6)	0	127	36	0x5e0600
3038	STEP SEQ Note (voice 7)	0	127	36	0x5e0600
3039	STEP SEQ Note (voice 8)	0	127	36	0x5e0600
3040	STEP SEQ Velo (voice 1)	0	127	0	0x5e0600
3041	STEP SEQ Velo (voice 2)	0	127	0	0x5e0600
3042	STEP SEQ Velo (voice 3)	0	127	0	0x5e0600
3043	STEP SEQ Velo (voice 4)	0	127	0	0x5e0600
3044	STEP SEQ Velo (voice 5)	0	127	0	0x5e0600
3045	STEP SEQ Velo (voice 6)	0	127	0	0x5e0600
3046	STEP SEQ Velo (voice 7)	0	127	0	0x5e0600
3047	STEP SEQ Velo (voice 8)	0	127	0	0x5e0600
3048	STEP SEQ Gate (voice 1)	1	100	50	0x5e0600
3049	STEP SEQ Gate (voice 2)	1	100	50	0x5e0600
3050	STEP SEQ Gate (voice 3)	1	100	50	0x5e0600
3051	STEP SEQ Gate (voice 4)	1	100	50	0x5e0600
3052	STEP SEQ Gate (voice 5)	1	100	50	0x5e0600
3053	STEP SEQ Gate (voice 6)	1	100	50	0x5e0600
3054	STEP SEQ Gate (voice 7)	1	100	50	0x5e0600
3055	STEP SEQ Gate (voice 8)	1	100	50	0x5e0600
3056	STEP SEQ Note Flag	0	-1	0	0x5e0601
3057	STEP SEQ Slide Flag	0	-1	0	0x5e0601
3058	STEP SEQ Mute Flag	0	-1	0	0x5e0601
3059	STEP SEQ Assign 1 Target	0	-1	0	0x5e0601
3060	STEP SEQ Assign 2 Target	0	-1	0	0x5e0601
3061	STEP SEQ Assign 3 Target	0	-1	0	0x5e0601
3062	STEP SEQ Assign 4 Target	0	-1	0	0x5e0601
3063	STEP SEQ Assign 1 Value	0	-1	0	0x5e0601
3064	STEP SEQ Assign 2 Value	0	-1	0	0x5e0601
3065	STEP SEQ Assign 3 Value	0	-1	0	0x5e0601
3066	STEP SEQ Assign 4 Value	0	-1	0	0x5e0601
3067	STEP SEQ Assign 1 Transient	0	5	0	0x5e0600
3068	STEP SEQ Assign 2 Transient	0	5	0	0x5e0600
3069	STEP SEQ Assign 3 Transient	0	5	0	0x5e0600
3070	STEP SEQ Assign 4 Transient	0	5	0	0x5e0600
3071	STEP SEQ Assign Flag	0	-1	0	0x5e0601
3086	STEP SEQ Note (voice 1)	0	127	36	0x5f0600
3087	STEP SEQ Note (voice 2)	0	127	36	0x5f0600
3088	STEP SEQ Note (voice 3)	0	127	36	0x5f0600
3089	STEP SEQ Note (voice 4)	0	127	36	0x5f0600
3090	STEP SEQ Note (voice 5)	0	127	36	0x5f0600
3091	STEP SEQ Note (voice 6)	0	127	36	0x5f0600
3092	STEP SEQ Note (voice 7)	0	127	36	0x5f0600
3093	STEP SEQ Note (voice 8)	0	127	36	0x5f0600
3094	STEP SEQ Velo (voice 1)	0	127	0	0x5f0600
3095	STEP SEQ Velo (voice 2)	0	127	0	0x5f0600
3096	STEP SEQ Velo (voice 3)	0	127	0	0x5f0600
3097	STEP SEQ Velo (voice 4)	0	127	0	0x5f0600
3098	STEP SEQ Velo (voice 5)	0	127	0	0x5f0600
3099	STEP SEQ Velo (voice 6)	0	127	0	0x5f0600
3100	STEP SEQ Velo (voice 7)	0	127	0	0x5f0600
3101	STEP SEQ Velo (voice 8)	0	127	0	0x5f0600
3102	STEP SEQ Gate (voice 1)	1	100	50	0x5f0600
3103	STEP SEQ Gate (voice 2)	1	100	50	0x5f0600
3104	STEP SEQ Gate (voice 3)	1	100	50	0x5f0600
3105	STEP SEQ Gate (voice 4)	1	100	50	0x5f0600
3106	STEP SEQ Gate (voice 5)	1	100	50	0x5f0600
3107	STEP SEQ Gate (voice 6)	1	100	50	0x5f0600
3108	STEP SEQ Gate (voice 7)	1	100	50	0x5f0600
3109	STEP SEQ Gate (voice 8)	1	100	50	0x5f0600
3110	STEP SEQ Note Flag	0	-1	0	0x5f0601
3111	STEP SEQ Slide Flag	0	-1	0	0x5f0601
3112	STEP SEQ Mute Flag	0	-1	0	0x5f0601
3113	STEP SEQ Assign 1 Target	0	-1	0	0x5f0601
3114	STEP SEQ Assign 2 Target	0	-1	0	0x5f0601
3115	STEP SEQ Assign 3 Target	0	-1	0	0x5f0601
3116	STEP SEQ Assign 4 Target	0	-1	0	0x5f0601
3117	STEP SEQ Assign 1 Value	0	-1	0	0x5f0601
3118	STEP SEQ Assign 2 Value	0	-1	0	0x5f0601
3119	STEP SEQ Assign 3 Value	0	-1	0	0x5f0601
3120	STEP SEQ Assign 4 Value	0	-1	0	0x5f0601
3121	STEP SEQ Assign 1 Transient	0	5	0	0x5f0600
3122	STEP SEQ Assign 2 Transient	0	5	0	0x5f0600
3123	STEP SEQ Assign 3 Transient	0	5	0	0x5f0600
3124	STEP SEQ Assign 4 Transient	0	5	0	0x5f0600
3125	STEP SEQ Assign Flag	0	-1	0	0x5f0601
3140	STEP SEQ Note (voice 1)	0	127	36	0x600600
3141	STEP SEQ Note (voice 2)	0	127	36	0x600600
3142	STEP SEQ Note (voice 3)	0	127	36	0x600600
3143	STEP SEQ Note (voice 4)	0	127	36	0x600600
3144	STEP SEQ Note (voice 5)	0	127	36	0x600600
3145	STEP SEQ Note (voice 6)	0	127	36	0x600600
3146	STEP SEQ Note (voice 7)	0	127	36	0x600600
3147	STEP SEQ Note (voice 8)	0	127	36	0x600600
3148	STEP SEQ Velo (voice 1)	0	127	0	0x600600
3149	STEP SEQ Velo (voice 2)	0	127	0	0x600600
3150	STEP SEQ Velo (voice 3)	0	127	0	0x600600
3151	STEP SEQ Velo (voice 4)	0	127	0	0x600600
3152	STEP SEQ Velo (voice 5)	0	127	0	0x600600
3153	STEP SEQ Velo (voice 6)	0	127	0	0x600600
3154	STEP SEQ Velo (voice 7)	0	127	0	0x600600
3155	STEP SEQ Velo (voice 8)	0	127	0	0x600600
3156	STEP SEQ Gate (voice 1)	1	100	50	0x600600
3157	STEP SEQ Gate (voice 2)	1	100	50	0x600600
3158	STEP SEQ Gate (voice 3)	1	100	50	0x600600
3159	STEP SEQ Gate (voice 4)	1	100	50	0x600600
3160	STEP SEQ Gate (voice 5)	1	100	50	0x600600
3161	STEP SEQ Gate (voice 6)	1	100	50	0x600600
3162	STEP SEQ Gate (voice 7)	1	100	50	0x600600
3163	STEP SEQ Gate (voice 8)	1	100	50	0x600600
3164	STEP SEQ Note Flag	0	-1	0	0x600601
3165	STEP SEQ Slide Flag	0	-1	0	0x600601
3166	STEP SEQ Mute Flag	0	-1	0	0x600601
3167	STEP SEQ Assign 1 Target	0	-1	0	0x600601
3168	STEP SEQ Assign 2 Target	0	-1	0	0x600601
3169	STEP SEQ Assign 3 Target	0	-1	0	0x600601
3170	STEP SEQ Assign 4 Target	0	-1	0	0x600601
3171	STEP SEQ Assign 1 Value	0	-1	0	0x600601
3172	STEP SEQ Assign 2 Value	0	-1	0	0x600601
3173	STEP SEQ Assign 3 Value	0	-1	0	0x600601
3174	STEP SEQ Assign 4 Value	0	-1	0	0x600601
3175	STEP SEQ Assign 1 Transient	0	5	0	0x600600
3176	STEP SEQ Assign 2 Transient	0	5	0	0x600600
3177	STEP SEQ Assign 3 Transient	0	5	0	0x600600
3178	STEP SEQ Assign 4 Transient	0	5	0	0x600600
3179	STEP SEQ Assign Flag	0	-1	0	0x600601
3194	STEP SEQ Note (voice 1)	0	127	36	0x610600
3195	STEP SEQ Note (voice 2)	0	127	36	0x610600
3196	STEP SEQ Note (voice 3)	0	127	36	0x610600
3197	STEP SEQ Note (voice 4)	0	127	36	0x610600
3198	STEP SEQ Note (voice 5)	0	127	36	0x610600
3199	STEP SEQ Note (voice 6)	0	127	36	0x610600
3200	STEP SEQ Note (voice 7)	0	127	36	0x610600
3201	STEP SEQ Note (voice 8)	0	127	36	0x610600
3202	STEP SEQ Velo (voice 1)	0	127	0	0x610600
3203	STEP SEQ Velo (voice 2)	0	127	0	0x610600
3204	STEP SEQ Velo (voice 3)	0	127	0	0x610600
3205	STEP SEQ Velo (voice 4)	0	127	0	0x610600
3206	STEP SEQ Velo (voice 5)	0	127	0	0x610600
3207	STEP SEQ Velo (voice 6)	0	127	0	0x610600
3208	STEP SEQ Velo (voice 7)	0	127	0	0x610600
3209	STEP SEQ Velo (voice 8)	0	127	0	0x610600
3210	STEP SEQ Gate (voice 1)	1	100	50	0x610600
3211	STEP SEQ Gate (voice 2)	1	100	50	0x610600
3212	STEP SEQ Gate (voice 3)	1	100	50	0x610600
3213	STEP SEQ Gate (voice 4)	1	100	50	0x610600
3214	STEP SEQ Gate (voice 5)	1	100	50	0x610600
3215	STEP SEQ Gate (voice 6)	1	100	50	0x610600
3216	STEP SEQ Gate (voice 7)	1	100	50	0x610600
3217	STEP SEQ Gate (voice 8)	1	100	50	0x610600
3218	STEP SEQ Note Flag	0	-1	0	0x610601
3219	STEP SEQ Slide Flag	0	-1	0	0x610601
3220	STEP SEQ Mute Flag	0	-1	0	0x610601
3221	STEP SEQ Assign 1 Target	0	-1	0	0x610601
3222	STEP SEQ Assign 2 Target	0	-1	0	0x610601
3223	STEP SEQ Assign 3 Target	0	-1	0	0x610601
3224	STEP SEQ Assign 4 Target	0	-1	0	0x610601
3225	STEP SEQ Assign 1 Value	0	-1	0	0x610601
3226	STEP SEQ Assign 2 Value	0	-1	0	0x610601
3227	STEP SEQ Assign 3 Value	0	-1	0	0x610601
3228	STEP SEQ Assign 4 Value	0	-1	0	0x610601
3229	STEP SEQ Assign 1 Transient	0	5	0	0x610600
3230	STEP SEQ Assign 2 Transient	0	5	0	0x610600
3231	STEP SEQ Assign 3 Transient	0	5	0	0x610600
3232	STEP SEQ Assign 4 Transient	0	5	0	0x610600
3233	STEP SEQ Assign Flag	0	-1	0	0x610601
3248	STEP SEQ Note (voice 1)	0	127	36	0x620600
3249	STEP SEQ Note (voice 2)	0	127	36	0x620600
3250	STEP SEQ Note (voice 3)	0	127	36	0x620600
3251	STEP SEQ Note (voice 4)	0	127	36	0x620600
3252	STEP SEQ Note (voice 5)	0	127	36	0x620600
3253	STEP SEQ Note (voice 6)	0	127	36	0x620600
3254	STEP SEQ Note (voice 7)	0	127	36	0x620600
3255	STEP SEQ Note (voice 8)	0	127	36	0x620600
3256	STEP SEQ Velo (voice 1)	0	127	0	0x620600
3257	STEP SEQ Velo (voice 2)	0	127	0	0x620600
3258	STEP SEQ Velo (voice 3)	0	127	0	0x620600
3259	STEP SEQ Velo (voice 4)	0	127	0	0x620600
3260	STEP SEQ Velo (voice 5)	0	127	0	0x620600
3261	STEP SEQ Velo (voice 6)	0	127	0	0x620600
3262	STEP SEQ Velo (voice 7)	0	127	0	0x620600
3263	STEP SEQ Velo (voice 8)	0	127	0	0x620600
3264	STEP SEQ Gate (voice 1)	1	100	50	0x620600
3265	STEP SEQ Gate (voice 2)	1	100	50	0x620600
3266	STEP SEQ Gate (voice 3)	1	100	50	0x620600
3267	STEP SEQ Gate (voice 4)	1	100	50	0x620600
3268	STEP SEQ Gate (voice 5)	1	100	50	0x620600
3269	STEP SEQ Gate (voice 6)	1	100	50	0x620600
3270	STEP SEQ Gate (voice 7)	1	100	50	0x620600
3271	STEP SEQ Gate (voice 8)	1	100	50	0x620600
3272	STEP SEQ Note Flag	0	-1	0	0x620601
3273	STEP SEQ Slide Flag	0	-1	0	0x620601
3274	STEP SEQ Mute Flag	0	-1	0	0x620601
3275	STEP SEQ Assign 1 Target	0	-1	0	0x620601
3276	STEP SEQ Assign 2 Target	0	-1	0	0x620601
3277	STEP SEQ Assign 3 Target	0	-1	0	0x620601
3278	STEP SEQ Assign 4 Target	0	-1	0	0x620601
3279	STEP SEQ Assign 1 Value	0	-1	0	0x620601
3280	STEP SEQ Assign 2 Value	0	-1	0	0x620601
3281	STEP SEQ Assign 3 Value	0	-1	0	0x620601
3282	STEP SEQ Assign 4 Value	0	-1	0	0x620601
3283	STEP SEQ Assign 1 Transient	0	5	0	0x620600
3284	STEP SEQ Assign 2 Transient	0	5	0	0x620600
3285	STEP SEQ Assign 3 Transient	0	5	0	0x620600
3286	STEP SEQ Assign 4 Transient	0	5	0	0x620600
3287	STEP SEQ Assign Flag	0	-1	0	0x620601
3302	STEP SEQ Note (voice 1)	0	127	36	0x630600
3303	STEP SEQ Note (voice 2)	0	127	36	0x630600
3304	STEP SEQ Note (voice 3)	0	127	36	0x630600
3305	STEP SEQ Note (voice 4)	0	127	36	0x630600
3306	STEP SEQ Note (voice 5)	0	127	36	0x630600
3307	STEP SEQ Note (voice 6)	0	127	36	0x630600
3308	STEP SEQ Note (voice 7)	0	127	36	0x630600
3309	STEP SEQ Note (voice 8)	0	127	36	0x630600
3310	STEP SEQ Velo (voice 1)	0	127	0	0x630600
3311	STEP SEQ Velo (voice 2)	0	127	0	0x630600
3312	STEP SEQ Velo (voice 3)	0	127	0	0x630600
3313	STEP SEQ Velo (voice 4)	0	127	0	0x630600
3314	STEP SEQ Velo (voice 5)	0	127	0	0x630600
3315	STEP SEQ Velo (voice 6)	0	127	0	0x630600
3316	STEP SEQ Velo (voice 7)	0	127	0	0x630600
3317	STEP SEQ Velo (voice 8)	0	127	0	0x630600
3318	STEP SEQ Gate (voice 1)	1	100	50	0x630600
3319	STEP SEQ Gate (voice 2)	1	100	50	0x630600
3320	STEP SEQ Gate (voice 3)	1	100	50	0x630600
3321	STEP SEQ Gate (voice 4)	1	100	50	0x630600
3322	STEP SEQ Gate (voice 5)	1	100	50	0x630600
3323	STEP SEQ Gate (voice 6)	1	100	50	0x630600
3324	STEP SEQ Gate (voice 7)	1	100	50	0x630600
3325	STEP SEQ Gate (voice 8)	1	100	50	0x630600
3326	STEP SEQ Note Flag	0	-1	0	0x630601
3327	STEP SEQ Slide Flag	0	-1	0	0x630601
3328	STEP SEQ Mute Flag	0	-1	0	0x630601
3329	STEP SEQ Assign 1 Target	0	-1	0	0x630601
3330	STEP SEQ Assign 2 Target	0	-1	0	0x630601
3331	STEP SEQ Assign 3 Target	0	-1	0	0x630601
3332	STEP SEQ Assign 4 Target	0	-1	0	0x630601
3333	STEP SEQ Assign 1 Value	0	-1	0	0x630601
3334	STEP SEQ Assign 2 Value	0	-1	0	0x630601
3335	STEP SEQ Assign 3 Value	0	-1	0	0x630601
3336	STEP SEQ Assign 4 Value	0	-1	0	0x630601
3337	STEP SEQ Assign 1 Transient	0	5	0	0x630600
3338	STEP SEQ Assign 2 Transient	0	5	0	0x630600
3339	STEP SEQ Assign 3 Transient	0	5	0	0x630600
3340	STEP SEQ Assign 4 Transient	0	5	0	0x630600
3341	STEP SEQ Assign Flag	0	-1	0	0x630601
3356	STEP SEQ Note (voice 1)	0	127	36	0x640600
3357	STEP SEQ Note (voice 2)	0	127	36	0x640600
3358	STEP SEQ Note (voice 3)	0	127	36	0x640600
3359	STEP SEQ Note (voice 4)	0	127	36	0x640600
3360	STEP SEQ Note (voice 5)	0	127	36	0x640600
3361	STEP SEQ Note (voice 6)	0	127	36	0x640600
3362	STEP SEQ Note (voice 7)	0	127	36	0x640600
3363	STEP SEQ Note (voice 8)	0	127	36	0x640600
3364	STEP SEQ Velo (voice 1)	0	127	0	0x640600
3365	STEP SEQ Velo (voice 2)	0	127	0	0x640600
3366	STEP SEQ Velo (voice 3)	0	127	0	0x640600
3367	STEP SEQ Velo (voice 4)	0	127	0	0x640600
3368	STEP SEQ Velo (voice 5)	0	127	0	0x640600
3369	STEP SEQ Velo (voice 6)	0	127	0	0x640600
3370	STEP SEQ Velo (voice 7)	0	127	0	0x640600
3371	STEP SEQ Velo (voice 8)	0	127	0	0x640600
3372	STEP SEQ Gate (voice 1)	1	100	50	0x640600
3373	STEP SEQ Gate (voice 2)	1	100	50	0x640600
3374	STEP SEQ Gate (voice 3)	1	100	50	0x640600
3375	STEP SEQ Gate (voice 4)	1	100	50	0x640600
3376	STEP SEQ Gate (voice 5)	1	100	50	0x640600
3377	STEP SEQ Gate (voice 6)	1	100	50	0x640600
3378	STEP SEQ Gate (voice 7)	1	100	50	0x640600
3379	STEP SEQ Gate (voice 8)	1	100	50	0x640600
3380	STEP SEQ Note Flag	0	-1	0	0x640601
3381	STEP SEQ Slide Flag	0	-1	0	0x640601
3382	STEP SEQ Mute Flag	0	-1	0	0x640601
3383	STEP SEQ Assign 1 Target	0	-1	0	0x640601
3384	STEP SEQ Assign 2 Target	0	-1	0	0x640601
3385	STEP SEQ Assign 3 Target	0	-1	0	0x640601
3386	STEP SEQ Assign 4 Target	0	-1	0	0x640601
3387	STEP SEQ Assign 1 Value	0	-1	0	0x640601
3388	STEP SEQ Assign 2 Value	0	-1	0	0x640601
3389	STEP SEQ Assign 3 Value	0	-1	0	0x640601
3390	STEP SEQ Assign 4 Value	0	-1	0	0x640601
3391	STEP SEQ Assign 1 Transient	0	5	0	0x640600
3392	STEP SEQ Assign 2 Transient	0	5	0	0x640600
3393	STEP SEQ Assign 3 Transient	0	5	0	0x640600
3394	STEP SEQ Assign 4 Transient	0	5	0	0x640600
3395	STEP SEQ Assign Flag	0	-1	0	0x640601
3410	STEP SEQ Note (voice 1)	0	127	36	0x650600
3411	STEP SEQ Note (voice 2)	0	127	36	0x650600
3412	STEP SEQ Note (voice 3)	0	127	36	0x650600
3413	STEP SEQ Note (voice 4)	0	127	36	0x650600
3414	STEP SEQ Note (voice 5)	0	127	36	0x650600
3415	STEP SEQ Note (voice 6)	0	127	36	0x650600
3416	STEP SEQ Note (voice 7)	0	127	36	0x650600
3417	STEP SEQ Note (voice 8)	0	127	36	0x650600
3418	STEP SEQ Velo (voice 1)	0	127	0	0x650600
3419	STEP SEQ Velo (voice 2)	0	127	0	0x650600
3420	STEP SEQ Velo (voice 3)	0	127	0	0x650600
3421	STEP SEQ Velo (voice 4)	0	127	0	0x650600
3422	STEP SEQ Velo (voice 5)	0	127	0	0x650600
3423	STEP SEQ Velo (voice 6)	0	127	0	0x650600
3424	STEP SEQ Velo (voice 7)	0	127	0	0x650600
3425	STEP SEQ Velo (voice 8)	0	127	0	0x650600
3426	STEP SEQ Gate (voice 1)	1	100	50	0x650600
3427	STEP SEQ Gate (voice 2)	1	100	50	0x650600
3428	STEP SEQ Gate (voice 3)	1	100	50	0x650600
3429	STEP SEQ Gate (voice 4)	1	100	50	0x650600
3430	STEP SEQ Gate (voice 5)	1	100	50	0x650600
3431	STEP SEQ Gate (voice 6)	1	100	50	0x650600
3432	STEP SEQ Gate (voice 7)	1	100	50	0x650600
3433	STEP SEQ Gate (voice 8)	1	100	50	0x650600
3434	STEP SEQ Note Flag	0	-1	0	0x650601
3435	STEP SEQ Slide Flag	0	-1	0	0x650601
3436	STEP SEQ Mute Flag	0	-1	0	0x650601
3437	STEP SEQ Assign 1 Target	0	-1	0	0x650601
3438	STEP SEQ Assign 2 Target	0	-1	0	0x650601
3439	STEP SEQ Assign 3 Target	0	-1	0	0x650601
3440	STEP SEQ Assign 4 Target	0	-1	0	0x650601
3441	STEP SEQ Assign 1 Value	0	-1	0	0x650601
3442	STEP SEQ Assign 2 Value	0	-1	0	0x650601
3443	STEP SEQ Assign 3 Value	0	-1	0	0x650601
3444	STEP SEQ Assign 4 Value	0	-1	0	0x650601
3445	STEP SEQ Assign 1 Transient	0	5	0	0x650600
3446	STEP SEQ Assign 2 Transient	0	5	0	0x650600
3447	STEP SEQ Assign 3 Transient	0	5	0	0x650600
3448	STEP SEQ Assign 4 Transient	0	5	0	0x650600
3449	STEP SEQ Assign Flag	0	-1	0	0x650601
3464	STEP SEQ Note (voice 1)	0	127	36	0x660600
3465	STEP SEQ Note (voice 2)	0	127	36	0x660600
3466	STEP SEQ Note (voice 3)	0	127	36	0x660600
3467	STEP SEQ Note (voice 4)	0	127	36	0x660600
3468	STEP SEQ Note (voice 5)	0	127	36	0x660600
3469	STEP SEQ Note (voice 6)	0	127	36	0x660600
3470	STEP SEQ Note (voice 7)	0	127	36	0x660600
3471	STEP SEQ Note (voice 8)	0	127	36	0x660600
3472	STEP SEQ Velo (voice 1)	0	127	0	0x660600
3473	STEP SEQ Velo (voice 2)	0	127	0	0x660600
3474	STEP SEQ Velo (voice 3)	0	127	0	0x660600
3475	STEP SEQ Velo (voice 4)	0	127	0	0x660600
3476	STEP SEQ Velo (voice 5)	0	127	0	0x660600
3477	STEP SEQ Velo (voice 6)	0	127	0	0x660600
3478	STEP SEQ Velo (voice 7)	0	127	0	0x660600
3479	STEP SEQ Velo (voice 8)	0	127	0	0x660600
3480	STEP SEQ Gate (voice 1)	1	100	50	0x660600
3481	STEP SEQ Gate (voice 2)	1	100	50	0x660600
3482	STEP SEQ Gate (voice 3)	1	100	50	0x660600
3483	STEP SEQ Gate (voice 4)	1	100	50	0x660600
3484	STEP SEQ Gate (voice 5)	1	100	50	0x660600
3485	STEP SEQ Gate (voice 6)	1	100	50	0x660600
3486	STEP SEQ Gate (voice 7)	1	100	50	0x660600
3487	STEP SEQ Gate (voice 8)	1	100	50	0x660600
3488	STEP SEQ Note Flag	0	-1	0	0x660601
3489	STEP SEQ Slide Flag	0	-1	0	0x660601
3490	STEP SEQ Mute Flag	0	-1	0	0x660601
3491	STEP SEQ Assign 1 Target	0	-1	0	0x660601
3492	STEP SEQ Assign 2 Target	0	-1	0	0x660601
3493	STEP SEQ Assign 3 Target	0	-1	0	0x660601
3494	STEP SEQ Assign 4 Target	0	-1	0	0x660601
3495	STEP SEQ Assign 1 Value	0	-1	0	0x660601
3496	STEP SEQ Assign 2 Value	0	-1	0	0x660601
3497	STEP SEQ Assign 3 Value	0	-1	0	0x660601
3498	STEP SEQ Assign 4 Value	0	-1	0	0x660601
3499	STEP SEQ Assign 1 Transient	0	5	0	0x660600
3500	STEP SEQ Assign 2 Transient	0	5	0	0x660600
3501	STEP SEQ Assign 3 Transient	0	5	0	0x660600
3502	STEP SEQ Assign 4 Transient	0	5	0	0x660600
3503	STEP SEQ Assign Flag	0	-1	0	0x660601
3518	STEP SEQ Note (voice 1)	0	127	36	0x670600
3519	STEP SEQ Note (voice 2)	0	127	36	0x670600
3520	STEP SEQ Note (voice 3)	0	127	36	0x670600
3521	STEP SEQ Note (voice 4)	0	127	36	0x670600
3522	STEP SEQ Note (voice 5)	0	127	36	0x670600
3523	STEP SEQ Note (voice 6)	0	127	36	0x670600
3524	STEP SEQ Note (voice 7)	0	127	36	0x670600
3525	STEP SEQ Note (voice 8)	0	127	36	0x670600
3526	STEP SEQ Velo (voice 1)	0	127	0	0x670600
3527	STEP SEQ Velo (voice 2)	0	127	0	0x670600
3528	STEP SEQ Velo (voice 3)	0	127	0	0x670600
3529	STEP SEQ Velo (voice 4)	0	127	0	0x670600
3530	STEP SEQ Velo (voice 5)	0	127	0	0x670600
3531	STEP SEQ Velo (voice 6)	0	127	0	0x670600
3532	STEP SEQ Velo (voice 7)	0	127	0	0x670600
3533	STEP SEQ Velo (voice 8)	0	127	0	0x670600
3534	STEP SEQ Gate (voice 1)	1	100	50	0x670600
3535	STEP SEQ Gate (voice 2)	1	100	50	0x670600
3536	STEP SEQ Gate (voice 3)	1	100	50	0x670600
3537	STEP SEQ Gate (voice 4)	1	100	50	0x670600
3538	STEP SEQ Gate (voice 5)	1	100	50	0x670600
3539	STEP SEQ Gate (voice 6)	1	100	50	0x670600
3540	STEP SEQ Gate (voice 7)	1	100	50	0x670600
3541	STEP SEQ Gate (voice 8)	1	100	50	0x670600
3542	STEP SEQ Note Flag	0	-1	0	0x670601
3543	STEP SEQ Slide Flag	0	-1	0	0x670601
3544	STEP SEQ Mute Flag	0	-1	0	0x670601
3545	STEP SEQ Assign 1 Target	0	-1	0	0x670601
3546	STEP SEQ Assign 2 Target	0	-1	0	0x670601
3547	STEP SEQ Assign 3 Target	0	-1	0	0x670601
3548	STEP SEQ Assign 4 Target	0	-1	0	0x670601
3549	STEP SEQ Assign 1 Value	0	-1	0	0x670601
3550	STEP SEQ Assign 2 Value	0	-1	0	0x670601
3551	STEP SEQ Assign 3 Value	0	-1	0	0x670601
3552	STEP SEQ Assign 4 Value	0	-1	0	0x670601
3553	STEP SEQ Assign 1 Transient	0	5	0	0x670600
3554	STEP SEQ Assign 2 Transient	0	5	0	0x670600
3555	STEP SEQ Assign 3 Transient	0	5	0	0x670600
3556	STEP SEQ Assign 4 Transient	0	5	0	0x670600
3557	STEP SEQ Assign Flag	0	-1	0	0x670601
3572	STEP SEQ Note (voice 1)	0	127	36	0x680600
3573	STEP SEQ Note (voice 2)	0	127	36	0x680600
3574	STEP SEQ Note (voice 3)	0	127	36	0x680600
3575	STEP SEQ Note (voice 4)	0	127	36	0x680600
3576	STEP SEQ Note (voice 5)	0	127	36	0x680600
3577	STEP SEQ Note (voice 6)	0	127	36	0x680600
3578	STEP SEQ Note (voice 7)	0	127	36	0x680600
3579	STEP SEQ Note (voice 8)	0	127	36	0x680600
3580	STEP SEQ Velo (voice 1)	0	127	0	0x680600
3581	STEP SEQ Velo (voice 2)	0	127	0	0x680600
3582	STEP SEQ Velo (voice 3)	0	127	0	0x680600
3583	STEP SEQ Velo (voice 4)	0	127	0	0x680600
3584	STEP SEQ Velo (voice 5)	0	127	0	0x680600
3585	STEP SEQ Velo (voice 6)	0	127	0	0x680600
3586	STEP SEQ Velo (voice 7)	0	127	0	0x680600
3587	STEP SEQ Velo (voice 8)	0	127	0	0x680600
3588	STEP SEQ Gate (voice 1)	1	100	50	0x680600
3589	STEP SEQ Gate (voice 2)	1	100	50	0x680600
3590	STEP SEQ Gate (voice 3)	1	100	50	0x680600
3591	STEP SEQ Gate (voice 4)	1	100	50	0x680600
3592	STEP SEQ Gate (voice 5)	1	100	50	0x680600
3593	STEP SEQ Gate (voice 6)	1	100	50	0x680600
3594	STEP SEQ Gate (voice 7)	1	100	50	0x680600
3595	STEP SEQ Gate (voice 8)	1	100	50	0x680600
3596	STEP SEQ Note Flag	0	-1	0	0x680601
3597	STEP SEQ Slide Flag	0	-1	0	0x680601
3598	STEP SEQ Mute Flag	0	-1	0	0x680601
3599	STEP SEQ Assign 1 Target	0	-1	0	0x680601
3600	STEP SEQ Assign 2 Target	0	-1	0	0x680601
3601	STEP SEQ Assign 3 Target	0	-1	0	0x680601
3602	STEP SEQ Assign 4 Target	0	-1	0	0x680601
3603	STEP SEQ Assign 1 Value	0	-1	0	0x680601
3604	STEP SEQ Assign 2 Value	0	-1	0	0x680601
3605	STEP SEQ Assign 3 Value	0	-1	0	0x680601
3606	STEP SEQ Assign 4 Value	0	-1	0	0x680601
3607	STEP SEQ Assign 1 Transient	0	5	0	0x680600
3608	STEP SEQ Assign 2 Transient	0	5	0	0x680600
3609	STEP SEQ Assign 3 Transient	0	5	0	0x680600
3610	STEP SEQ Assign 4 Transient	0	5	0	0x680600
3611	STEP SEQ Assign Flag	0	-1	0	0x680601
3626	STEP SEQ Note (voice 1)	0	127	36	0x690600
3627	STEP SEQ Note (voice 2)	0	127	36	0x690600
3628	STEP SEQ Note (voice 3)	0	127	36	0x690600
3629	STEP SEQ Note (voice 4)	0	127	36	0x690600
3630	STEP SEQ Note (voice 5)	0	127	36	0x690600
3631	STEP SEQ Note (voice 6)	0	127	36	0x690600
3632	STEP SEQ Note (voice 7)	0	127	36	0x690600
3633	STEP SEQ Note (voice 8)	0	127	36	0x690600
3634	STEP SEQ Velo (voice 1)	0	127	0	0x690600
3635	STEP SEQ Velo (voice 2)	0	127	0	0x690600
3636	STEP SEQ Velo (voice 3)	0	127	0	0x690600
3637	STEP SEQ Velo (voice 4)	0	127	0	0x690600
3638	STEP SEQ Velo (voice 5)	0	127	0	0x690600
3639	STEP SEQ Velo (voice 6)	0	127	0	0x690600
3640	STEP SEQ Velo (voice 7)	0	127	0	0x690600
3641	STEP SEQ Velo (voice 8)	0	127	0	0x690600
3642	STEP SEQ Gate (voice 1)	1	100	50	0x690600
3643	STEP SEQ Gate (voice 2)	1	100	50	0x690600
3644	STEP SEQ Gate (voice 3)	1	100	50	0x690600
3645	STEP SEQ Gate (voice 4)	1	100	50	0x690600
3646	STEP SEQ Gate (voice 5)	1	100	50	0x690600
3647	STEP SEQ Gate (voice 6)	1	100	50	0x690600
3648	STEP SEQ Gate (voice 7)	1	100	50	0x690600
3649	STEP SEQ Gate (voice 8)	1	100	50	0x690600
3650	STEP SEQ Note Flag	0	-1	0	0x690601
3651	STEP SEQ Slide Flag	0	-1	0	0x690601
3652	STEP SEQ Mute Flag	0	-1	0	0x690601
3653	STEP SEQ Assign 1 Target	0	-1	0	0x690601
3654	STEP SEQ Assign 2 Target	0	-1	0	0x690601
3655	STEP SEQ Assign 3 Target	0	-1	0	0x690601
3656	STEP SEQ Assign 4 Target	0	-1	0	0x690601
3657	STEP SEQ Assign 1 Value	0	-1	0	0x690601
3658	STEP SEQ Assign 2 Value	0	-1	0	0x690601
3659	STEP SEQ Assign 3 Value	0	-1	0	0x690601
3660	STEP SEQ Assign 4 Value	0	-1	0	0x690601
3661	STEP SEQ Assign 1 Transient	0	5	0	0x690600
3662	STEP SEQ Assign 2 Transient	0	5	0	0x690600
3663	STEP SEQ Assign 3 Transient	0	5	0	0x690600
3664	STEP SEQ Assign 4 Transient	0	5	0	0x690600
3665	STEP SEQ Assign Flag	0	-1	0	0x690601
3680	STEP SEQ Note (voice 1)	0	127	36	0x6a0600
3681	STEP SEQ Note (voice 2)	0	127	36	0x6a0600
3682	STEP SEQ Note (voice 3)	0	127	36	0x6a0600
3683	STEP SEQ Note (voice 4)	0	127	36	0x6a0600
3684	STEP SEQ Note (voice 5)	0	127	36	0x6a0600
3685	STEP SEQ Note (voice 6)	0	127	36	0x6a0600
3686	STEP SEQ Note (voice 7)	0	127	36	0x6a0600
3687	STEP SEQ Note (voice 8)	0	127	36	0x6a0600
3688	STEP SEQ Velo (voice 1)	0	127	0	0x6a0600
3689	STEP SEQ Velo (voice 2)	0	127	0	0x6a0600
3690	STEP SEQ Velo (voice 3)	0	127	0	0x6a0600
3691	STEP SEQ Velo (voice 4)	0	127	0	0x6a0600
3692	STEP SEQ Velo (voice 5)	0	127	0	0x6a0600
3693	STEP SEQ Velo (voice 6)	0	127	0	0x6a0600
3694	STEP SEQ Velo (voice 7)	0	127	0	0x6a0600
3695	STEP SEQ Velo (voice 8)	0	127	0	0x6a0600
3696	STEP SEQ Gate (voice 1)	1	100	50	0x6a0600
3697	STEP SEQ Gate (voice 2)	1	100	50	0x6a0600
3698	STEP SEQ Gate (voice 3)	1	100	50	0x6a0600
3699	STEP SEQ Gate (voice 4)	1	100	50	0x6a0600
3700	STEP SEQ Gate (voice 5)	1	100	50	0x6a0600
3701	STEP SEQ Gate (voice 6)	1	100	50	0x6a0600
3702	STEP SEQ Gate (voice 7)	1	100	50	0x6a0600
3703	STEP SEQ Gate (voice 8)	1	100	50	0x6a0600
3704	STEP SEQ Note Flag	0	-1	0	0x6a0601
3705	STEP SEQ Slide Flag	0	-1	0	0x6a0601
3706	STEP SEQ Mute Flag	0	-1	0	0x6a0601
3707	STEP SEQ Assign 1 Target	0	-1	0	0x6a0601
3708	STEP SEQ Assign 2 Target	0	-1	0	0x6a0601
3709	STEP SEQ Assign 3 Target	0	-1	0	0x6a0601
3710	STEP SEQ Assign 4 Target	0	-1	0	0x6a0601
3711	STEP SEQ Assign 1 Value	0	-1	0	0x6a0601
3712	STEP SEQ Assign 2 Value	0	-1	0	0x6a0601
3713	STEP SEQ Assign 3 Value	0	-1	0	0x6a0601
3714	STEP SEQ Assign 4 Value	0	-1	0	0x6a0601
3715	STEP SEQ Assign 1 Transient	0	5	0	0x6a0600
3716	STEP SEQ Assign 2 Transient	0	5	0	0x6a0600
3717	STEP SEQ Assign 3 Transient	0	5	0	0x6a0600
3718	STEP SEQ Assign 4 Transient	0	5	0	0x6a0600
3719	STEP SEQ Assign Flag	0	-1	0	0x6a0601
3734	STEP SEQ Note (voice 1)	0	127	36	0x6b0600
3735	STEP SEQ Note (voice 2)	0	127	36	0x6b0600
3736	STEP SEQ Note (voice 3)	0	127	36	0x6b0600
3737	STEP SEQ Note (voice 4)	0	127	36	0x6b0600
3738	STEP SEQ Note (voice 5)	0	127	36	0x6b0600
3739	STEP SEQ Note (voice 6)	0	127	36	0x6b0600
3740	STEP SEQ Note (voice 7)	0	127	36	0x6b0600
3741	STEP SEQ Note (voice 8)	0	127	36	0x6b0600
3742	STEP SEQ Velo (voice 1)	0	127	0	0x6b0600
3743	STEP SEQ Velo (voice 2)	0	127	0	0x6b0600
3744	STEP SEQ Velo (voice 3)	0	127	0	0x6b0600
3745	STEP SEQ Velo (voice 4)	0	127	0	0x6b0600
3746	STEP SEQ Velo (voice 5)	0	127	0	0x6b0600
3747	STEP SEQ Velo (voice 6)	0	127	0	0x6b0600
3748	STEP SEQ Velo (voice 7)	0	127	0	0x6b0600
3749	STEP SEQ Velo (voice 8)	0	127	0	0x6b0600
3750	STEP SEQ Gate (voice 1)	1	100	50	0x6b0600
3751	STEP SEQ Gate (voice 2)	1	100	50	0x6b0600
3752	STEP SEQ Gate (voice 3)	1	100	50	0x6b0600
3753	STEP SEQ Gate (voice 4)	1	100	50	0x6b0600
3754	STEP SEQ Gate (voice 5)	1	100	50	0x6b0600
3755	STEP SEQ Gate (voice 6)	1	100	50	0x6b0600
3756	STEP SEQ Gate (voice 7)	1	100	50	0x6b0600
3757	STEP SEQ Gate (voice 8)	1	100	50	0x6b0600
3758	STEP SEQ Note Flag	0	-1	0	0x6b0601
3759	STEP SEQ Slide Flag	0	-1	0	0x6b0601
3760	STEP SEQ Mute Flag	0	-1	0	0x6b0601
3761	STEP SEQ Assign 1 Target	0	-1	0	0x6b0601
3762	STEP SEQ Assign 2 Target	0	-1	0	0x6b0601
3763	STEP SEQ Assign 3 Target	0	-1	0	0x6b0601
3764	STEP SEQ Assign 4 Target	0	-1	0	0x6b0601
3765	STEP SEQ Assign 1 Value	0	-1	0	0x6b0601
3766	STEP SEQ Assign 2 Value	0	-1	0	0x6b0601
3767	STEP SEQ Assign 3 Value	0	-1	0	0x6b0601
3768	STEP SEQ Assign 4 Value	0	-1	0	0x6b0601
3769	STEP SEQ Assign 1 Transient	0	5	0	0x6b0600
3770	STEP SEQ Assign 2 Transient	0	5	0	0x6b0600
3771	STEP SEQ Assign 3 Transient	0	5	0	0x6b0600
3772	STEP SEQ Assign 4 Transient	0	5	0	0x6b0600
3773	STEP SEQ Assign Flag	0	-1	0	0x6b0601
3788	STEP SEQ Note (voice 1)	0	127	36	0x6c0600
3789	STEP SEQ Note (voice 2)	0	127	36	0x6c0600
3790	STEP SEQ Note (voice 3)	0	127	36	0x6c0600
3791	STEP SEQ Note (voice 4)	0	127	36	0x6c0600
3792	STEP SEQ Note (voice 5)	0	127	36	0x6c0600
3793	STEP SEQ Note (voice 6)	0	127	36	0x6c0600
3794	STEP SEQ Note (voice 7)	0	127	36	0x6c0600
3795	STEP SEQ Note (voice 8)	0	127	36	0x6c0600
3796	STEP SEQ Velo (voice 1)	0	127	0	0x6c0600
3797	STEP SEQ Velo (voice 2)	0	127	0	0x6c0600
3798	STEP SEQ Velo (voice 3)	0	127	0	0x6c0600
3799	STEP SEQ Velo (voice 4)	0	127	0	0x6c0600
3800	STEP SEQ Velo (voice 5)	0	127	0	0x6c0600
3801	STEP SEQ Velo (voice 6)	0	127	0	0x6c0600
3802	STEP SEQ Velo (voice 7)	0	127	0	0x6c0600
3803	STEP SEQ Velo (voice 8)	0	127	0	0x6c0600
3804	STEP SEQ Gate (voice 1)	1	100	50	0x6c0600
3805	STEP SEQ Gate (voice 2)	1	100	50	0x6c0600
3806	STEP SEQ Gate (voice 3)	1	100	50	0x6c0600
3807	STEP SEQ Gate (voice 4)	1	100	50	0x6c0600
3808	STEP SEQ Gate (voice 5)	1	100	50	0x6c0600
3809	STEP SEQ Gate (voice 6)	1	100	50	0x6c0600
3810	STEP SEQ Gate (voice 7)	1	100	50	0x6c0600
3811	STEP SEQ Gate (voice 8)	1	100	50	0x6c0600
3812	STEP SEQ Note Flag	0	-1	0	0x6c0601
3813	STEP SEQ Slide Flag	0	-1	0	0x6c0601
3814	STEP SEQ Mute Flag	0	-1	0	0x6c0601
3815	STEP SEQ Assign 1 Target	0	-1	0	0x6c0601
3816	STEP SEQ Assign 2 Target	0	-1	0	0x6c0601
3817	STEP SEQ Assign 3 Target	0	-1	0	0x6c0601
3818	STEP SEQ Assign 4 Target	0	-1	0	0x6c0601
3819	STEP SEQ Assign 1 Value	0	-1	0	0x6c0601
3820	STEP SEQ Assign 2 Value	0	-1	0	0x6c0601
3821	STEP SEQ Assign 3 Value	0	-1	0	0x6c0601
3822	STEP SEQ Assign 4 Value	0	-1	0	0x6c0601
3823	STEP SEQ Assign 1 Transient	0	5	0	0x6c0600
3824	STEP SEQ Assign 2 Transient	0	5	0	0x6c0600
3825	STEP SEQ Assign 3 Transient	0	5	0	0x6c0600
3826	STEP SEQ Assign 4 Transient	0	5	0	0x6c0600
3827	STEP SEQ Assign Flag	0	-1	0	0x6c0601
3842	STEP SEQ Note (voice 1)	0	127	36	0x6d0600
3843	STEP SEQ Note (voice 2)	0	127	36	0x6d0600
3844	STEP SEQ Note (voice 3)	0	127	36	0x6d0600
3845	STEP SEQ Note (voice 4)	0	127	36	0x6d0600
3846	STEP SEQ Note (voice 5)	0	127	36	0x6d0600
3847	STEP SEQ Note (voice 6)	0	127	36	0x6d0600
3848	STEP SEQ Note (voice 7)	0	127	36	0x6d0600
3849	STEP SEQ Note (voice 8)	0	127	36	0x6d0600
3850	STEP SEQ Velo (voice 1)	0	127	0	0x6d0600
3851	STEP SEQ Velo (voice 2)	0	127	0	0x6d0600
3852	STEP SEQ Velo (voice 3)	0	127	0	0x6d0600
3853	STEP SEQ Velo (voice 4)	0	127	0	0x6d0600
3854	STEP SEQ Velo (voice 5)	0	127	0	0x6d0600
3855	STEP SEQ Velo (voice 6)	0	127	0	0x6d0600
3856	STEP SEQ Velo (voice 7)	0	127	0	0x6d0600
3857	STEP SEQ Velo (voice 8)	0	127	0	0x6d0600
3858	STEP SEQ Gate (voice 1)	1	100	50	0x6d0600
3859	STEP SEQ Gate (voice 2)	1	100	50	0x6d0600
3860	STEP SEQ Gate (voice 3)	1	100	50	0x6d0600
3861	STEP SEQ Gate (voice 4)	1	100	50	0x6d0600
3862	STEP SEQ Gate (voice 5)	1	100	50	0x6d0600
3863	STEP SEQ Gate (voice 6)	1	100	50	0x6d0600
3864	STEP SEQ Gate (voice 7)	1	100	50	0x6d0600
3865	STEP SEQ Gate (voice 8)	1	100	50	0x6d0600
3866	STEP SEQ Note Flag	0	-1	0	0x6d0601
3867	STEP SEQ Slide Flag	0	-1	0	0x6d0601
3868	STEP SEQ Mute Flag	0	-1	0	0x6d0601
3869	STEP SEQ Assign 1 Target	0	-1	0	0x6d0601
3870	STEP SEQ Assign 2 Target	0	-1	0	0x6d0601
3871	STEP SEQ Assign 3 Target	0	-1	0	0x6d0601
3872	STEP SEQ Assign 4 Target	0	-1	0	0x6d0601
3873	STEP SEQ Assign 1 Value	0	-1	0	0x6d0601
3874	STEP SEQ Assign 2 Value	0	-1	0	0x6d0601
3875	STEP SEQ Assign 3 Value	0	-1	0	0x6d0601
3876	STEP SEQ Assign 4 Value	0	-1	0	0x6d0601
3877	STEP SEQ Assign 1 Transient	0	5	0	0x6d0600
3878	STEP SEQ Assign 2 Transient	0	5	0	0x6d0600
3879	STEP SEQ Assign 3 Transient	0	5	0	0x6d0600
3880	STEP SEQ Assign 4 Transient	0	5	0	0x6d0600
3881	STEP SEQ Assign Flag	0	-1	0	0x6d0601
3896	STEP SEQ Note (voice 1)	0	127	36	0x6e0600
3897	STEP SEQ Note (voice 2)	0	127	36	0x6e0600
3898	STEP SEQ Note (voice 3)	0	127	36	0x6e0600
3899	STEP SEQ Note (voice 4)	0	127	36	0x6e0600
3900	STEP SEQ Note (voice 5)	0	127	36	0x6e0600
3901	STEP SEQ Note (voice 6)	0	127	36	0x6e0600
3902	STEP SEQ Note (voice 7)	0	127	36	0x6e0600
3903	STEP SEQ Note (voice 8)	0	127	36	0x6e0600
3904	STEP SEQ Velo (voice 1)	0	127	0	0x6e0600
3905	STEP SEQ Velo (voice 2)	0	127	0	0x6e0600
3906	STEP SEQ Velo (voice 3)	0	127	0	0x6e0600
3907	STEP SEQ Velo (voice 4)	0	127	0	0x6e0600
3908	STEP SEQ Velo (voice 5)	0	127	0	0x6e0600
3909	STEP SEQ Velo (voice 6)	0	127	0	0x6e0600
3910	STEP SEQ Velo (voice 7)	0	127	0	0x6e0600
3911	STEP SEQ Velo (voice 8)	0	127	0	0x6e0600
3912	STEP SEQ Gate (voice 1)	1	100	50	0x6e0600
3913	STEP SEQ Gate (voice 2)	1	100	50	0x6e0600
3914	STEP SEQ Gate (voice 3)	1	100	50	0x6e0600
3915	STEP SEQ Gate (voice 4)	1	100	50	0x6e0600
3916	STEP SEQ Gate (voice 5)	1	100	50	0x6e0600
3917	STEP SEQ Gate (voice 6)	1	100	50	0x6e0600
3918	STEP SEQ Gate (voice 7)	1	100	50	0x6e0600
3919	STEP SEQ Gate (voice 8)	1	100	50	0x6e0600
3920	STEP SEQ Note Flag	0	-1	0	0x6e0601
3921	STEP SEQ Slide Flag	0	-1	0	0x6e0601
3922	STEP SEQ Mute Flag	0	-1	0	0x6e0601
3923	STEP SEQ Assign 1 Target	0	-1	0	0x6e0601
3924	STEP SEQ Assign 2 Target	0	-1	0	0x6e0601
3925	STEP SEQ Assign 3 Target	0	-1	0	0x6e0601
3926	STEP SEQ Assign 4 Target	0	-1	0	0x6e0601
3927	STEP SEQ Assign 1 Value	0	-1	0	0x6e0601
3928	STEP SEQ Assign 2 Value	0	-1	0	0x6e0601
3929	STEP SEQ Assign 3 Value	0	-1	0	0x6e0601
3930	STEP SEQ Assign 4 Value	0	-1	0	0x6e0601
3931	STEP SEQ Assign 1 Transient	0	5	0	0x6e0600
3932	STEP SEQ Assign 2 Transient	0	5	0	0x6e0600
3933	STEP SEQ Assign 3 Transient	0	5	0	0x6e0600
3934	STEP SEQ Assign 4 Transient	0	5	0	0x6e0600
3935	STEP SEQ Assign Flag	0	-1	0	0x6e0601
3950	STEP SEQ Note (voice 1)	0	127	36	0x6f0600
3951	STEP SEQ Note (voice 2)	0	127	36	0x6f0600
3952	STEP SEQ Note (voice 3)	0	127	36	0x6f0600
3953	STEP SEQ Note (voice 4)	0	127	36	0x6f0600
3954	STEP SEQ Note (voice 5)	0	127	36	0x6f0600
3955	STEP SEQ Note (voice 6)	0	127	36	0x6f0600
3956	STEP SEQ Note (voice 7)	0	127	36	0x6f0600
3957	STEP SEQ Note (voice 8)	0	127	36	0x6f0600
3958	STEP SEQ Velo (voice 1)	0	127	0	0x6f0600
3959	STEP SEQ Velo (voice 2)	0	127	0	0x6f0600
3960	STEP SEQ Velo (voice 3)	0	127	0	0x6f0600
3961	STEP SEQ Velo (voice 4)	0	127	0	0x6f0600
3962	STEP SEQ Velo (voice 5)	0	127	0	0x6f0600
3963	STEP SEQ Velo (voice 6)	0	127	0	0x6f0600
3964	STEP SEQ Velo (voice 7)	0	127	0	0x6f0600
3965	STEP SEQ Velo (voice 8)	0	127	0	0x6f0600
3966	STEP SEQ Gate (voice 1)	1	100	50	0x6f0600
3967	STEP SEQ Gate (voice 2)	1	100	50	0x6f0600
3968	STEP SEQ Gate (voice 3)	1	100	50	0x6f0600
3969	STEP SEQ Gate (voice 4)	1	100	50	0x6f0600
3970	STEP SEQ Gate (voice 5)	1	100	50	0x6f0600
3971	STEP SEQ Gate (voice 6)	1	100	50	0x6f0600
3972	STEP SEQ Gate (voice 7)	1	100	50	0x6f0600
3973	STEP SEQ Gate (voice 8)	1	100	50	0x6f0600
3974	STEP SEQ Note Flag	0	-1	0	0x6f0601
3975	STEP SEQ Slide Flag	0	-1	0	0x6f0601
3976	STEP SEQ Mute Flag	0	-1	0	0x6f0601
3977	STEP SEQ Assign 1 Target	0	-1	0	0x6f0601
3978	STEP SEQ Assign 2 Target	0	-1	0	0x6f0601
3979	STEP SEQ Assign 3 Target	0	-1	0	0x6f0601
3980	STEP SEQ Assign 4 Target	0	-1	0	0x6f0601
3981	STEP SEQ Assign 1 Value	0	-1	0	0x6f0601
3982	STEP SEQ Assign 2 Value	0	-1	0	0x6f0601
3983	STEP SEQ Assign 3 Value	0	-1	0	0x6f0601
3984	STEP SEQ Assign 4 Value	0	-1	0	0x6f0601
3985	STEP SEQ Assign 1 Transient	0	5	0	0x6f0600
3986	STEP SEQ Assign 2 Transient	0	5	0	0x6f0600
3987	STEP SEQ Assign 3 Transient	0	5	0	0x6f0600
3988	STEP SEQ Assign 4 Transient	0	5	0	0x6f0600
3989	STEP SEQ Assign Flag	0	-1	0	0x6f0601
4004	STEP SEQ Note (voice 1)	0	127	36	0x700600
4005	STEP SEQ Note (voice 2)	0	127	36	0x700600
4006	STEP SEQ Note (voice 3)	0	127	36	0x700600
4007	STEP SEQ Note (voice 4)	0	127	36	0x700600
4008	STEP SEQ Note (voice 5)	0	127	36	0x700600
4009	STEP SEQ Note (voice 6)	0	127	36	0x700600
4010	STEP SEQ Note (voice 7)	0	127	36	0x700600
4011	STEP SEQ Note (voice 8)	0	127	36	0x700600
4012	STEP SEQ Velo (voice 1)	0	127	0	0x700600
4013	STEP SEQ Velo (voice 2)	0	127	0	0x700600
4014	STEP SEQ Velo (voice 3)	0	127	0	0x700600
4015	STEP SEQ Velo (voice 4)	0	127	0	0x700600
4016	STEP SEQ Velo (voice 5)	0	127	0	0x700600
4017	STEP SEQ Velo (voice 6)	0	127	0	0x700600
4018	STEP SEQ Velo (voice 7)	0	127	0	0x700600
4019	STEP SEQ Velo (voice 8)	0	127	0	0x700600
4020	STEP SEQ Gate (voice 1)	1	100	50	0x700600
4021	STEP SEQ Gate (voice 2)	1	100	50	0x700600
4022	STEP SEQ Gate (voice 3)	1	100	50	0x700600
4023	STEP SEQ Gate (voice 4)	1	100	50	0x700600
4024	STEP SEQ Gate (voice 5)	1	100	50	0x700600
4025	STEP SEQ Gate (voice 6)	1	100	50	0x700600
4026	STEP SEQ Gate (voice 7)	1	100	50	0x700600
4027	STEP SEQ Gate (voice 8)	1	100	50	0x700600
4028	STEP SEQ Note Flag	0	-1	0	0x700601
4029	STEP SEQ Slide Flag	0	-1	0	0x700601
4030	STEP SEQ Mute Flag	0	-1	0	0x700601
4031	STEP SEQ Assign 1 Target	0	-1	0	0x700601
4032	STEP SEQ Assign 2 Target	0	-1	0	0x700601
4033	STEP SEQ Assign 3 Target	0	-1	0	0x700601
4034	STEP SEQ Assign 4 Target	0	-1	0	0x700601
4035	STEP SEQ Assign 1 Value	0	-1	0	0x700601
4036	STEP SEQ Assign 2 Value	0	-1	0	0x700601
4037	STEP SEQ Assign 3 Value	0	-1	0	0x700601
4038	STEP SEQ Assign 4 Value	0	-1	0	0x700601
4039	STEP SEQ Assign 1 Transient	0	5	0	0x700600
4040	STEP SEQ Assign 2 Transient	0	5	0	0x700600
4041	STEP SEQ Assign 3 Transient	0	5	0	0x700600
4042	STEP SEQ Assign 4 Transient	0	5	0	0x700600
4043	STEP SEQ Assign Flag	0	-1	0	0x700601
4058	STEP SEQ Note (voice 1)	0	127	36	0x710600
4059	STEP SEQ Note (voice 2)	0	127	36	0x710600
4060	STEP SEQ Note (voice 3)	0	127	36	0x710600
4061	STEP SEQ Note (voice 4)	0	127	36	0x710600
4062	STEP SEQ Note (voice 5)	0	127	36	0x710600
4063	STEP SEQ Note (voice 6)	0	127	36	0x710600
4064	STEP SEQ Note (voice 7)	0	127	36	0x710600
4065	STEP SEQ Note (voice 8)	0	127	36	0x710600
4066	STEP SEQ Velo (voice 1)	0	127	0	0x710600
4067	STEP SEQ Velo (voice 2)	0	127	0	0x710600
4068	STEP SEQ Velo (voice 3)	0	127	0	0x710600
4069	STEP SEQ Velo (voice 4)	0	127	0	0x710600
4070	STEP SEQ Velo (voice 5)	0	127	0	0x710600
4071	STEP SEQ Velo (voice 6)	0	127	0	0x710600
4072	STEP SEQ Velo (voice 7)	0	127	0	0x710600
4073	STEP SEQ Velo (voice 8)	0	127	0	0x710600
4074	STEP SEQ Gate (voice 1)	1	100	50	0x710600
4075	STEP SEQ Gate (voice 2)	1	100	50	0x710600
4076	STEP SEQ Gate (voice 3)	1	100	50	0x710600
4077	STEP SEQ Gate (voice 4)	1	100	50	0x710600
4078	STEP SEQ Gate (voice 5)	1	100	50	0x710600
4079	STEP SEQ Gate (voice 6)	1	100	50	0x710600
4080	STEP SEQ Gate (voice 7)	1	100	50	0x710600
4081	STEP SEQ Gate (voice 8)	1	100	50	0x710600
4082	STEP SEQ Note Flag	0	-1	0	0x710601
4083	STEP SEQ Slide Flag	0	-1	0	0x710601
4084	STEP SEQ Mute Flag	0	-1	0	0x710601
4085	STEP SEQ Assign 1 Target	0	-1	0	0x710601
4086	STEP SEQ Assign 2 Target	0	-1	0	0x710601
4087	STEP SEQ Assign 3 Target	0	-1	0	0x710601
4088	STEP SEQ Assign 4 Target	0	-1	0	0x710601
4089	STEP SEQ Assign 1 Value	0	-1	0	0x710601
4090	STEP SEQ Assign 2 Value	0	-1	0	0x710601
4091	STEP SEQ Assign 3 Value	0	-1	0	0x710601
4092	STEP SEQ Assign 4 Value	0	-1	0	0x710601
4093	STEP SEQ Assign 1 Transient	0	5	0	0x710600
4094	STEP SEQ Assign 2 Transient	0	5	0	0x710600
4095	STEP SEQ Assign 3 Transient	0	5	0	0x710600
4096	STEP SEQ Assign 4 Transient	0	5	0	0x710600
4097	STEP SEQ Assign Flag	0	-1	0	0x710601
4112	STEP SEQ Note (voice 1)	0	127	36	0x720600
4113	STEP SEQ Note (voice 2)	0	127	36	0x720600
4114	STEP SEQ Note (voice 3)	0	127	36	0x720600
4115	STEP SEQ Note (voice 4)	0	127	36	0x720600
4116	STEP SEQ Note (voice 5)	0	127	36	0x720600
4117	STEP SEQ Note (voice 6)	0	127	36	0x720600
4118	STEP SEQ Note (voice 7)	0	127	36	0x720600
4119	STEP SEQ Note (voice 8)	0	127	36	0x720600
4120	STEP SEQ Velo (voice 1)	0	127	0	0x720600
4121	STEP SEQ Velo (voice 2)	0	127	0	0x720600
4122	STEP SEQ Velo (voice 3)	0	127	0	0x720600
4123	STEP SEQ Velo (voice 4)	0	127	0	0x720600
4124	STEP SEQ Velo (voice 5)	0	127	0	0x720600
4125	STEP SEQ Velo (voice 6)	0	127	0	0x720600
4126	STEP SEQ Velo (voice 7)	0	127	0	0x720600
4127	STEP SEQ Velo (voice 8)	0	127	0	0x720600
4128	STEP SEQ Gate (voice 1)	1	100	50	0x720600
4129	STEP SEQ Gate (voice 2)	1	100	50	0x720600
4130	STEP SEQ Gate (voice 3)	1	100	50	0x720600
4131	STEP SEQ Gate (voice 4)	1	100	50	0x720600
4132	STEP SEQ Gate (voice 5)	1	100	50	0x720600
4133	STEP SEQ Gate (voice 6)	1	100	50	0x720600
4134	STEP SEQ Gate (voice 7)	1	100	50	0x720600
4135	STEP SEQ Gate (voice 8)	1	100	50	0x720600
4136	STEP SEQ Note Flag	0	-1	0	0x720601
4137	STEP SEQ Slide Flag	0	-1	0	0x720601
4138	STEP SEQ Mute Flag	0	-1	0	0x720601
4139	STEP SEQ Assign 1 Target	0	-1	0	0x720601
4140	STEP SEQ Assign 2 Target	0	-1	0	0x720601
4141	STEP SEQ Assign 3 Target	0	-1	0	0x720601
4142	STEP SEQ Assign 4 Target	0	-1	0	0x720601
4143	STEP SEQ Assign 1 Value	0	-1	0	0x720601
4144	STEP SEQ Assign 2 Value	0	-1	0	0x720601
4145	STEP SEQ Assign 3 Value	0	-1	0	0x720601
4146	STEP SEQ Assign 4 Value	0	-1	0	0x720601
4147	STEP SEQ Assign 1 Transient	0	5	0	0x720600
4148	STEP SEQ Assign 2 Transient	0	5	0	0x720600
4149	STEP SEQ Assign 3 Transient	0	5	0	0x720600
4150	STEP SEQ Assign 4 Transient	0	5	0	0x720600
4151	STEP SEQ Assign Flag	0	-1	0	0x720601
4166	STEP SEQ Note (voice 1)	0	127	36	0x730600
4167	STEP SEQ Note (voice 2)	0	127	36	0x730600
4168	STEP SEQ Note (voice 3)	0	127	36	0x730600
4169	STEP SEQ Note (voice 4)	0	127	36	0x730600
4170	STEP SEQ Note (voice 5)	0	127	36	0x730600
4171	STEP SEQ Note (voice 6)	0	127	36	0x730600
4172	STEP SEQ Note (voice 7)	0	127	36	0x730600
4173	STEP SEQ Note (voice 8)	0	127	36	0x730600
4174	STEP SEQ Velo (voice 1)	0	127	0	0x730600
4175	STEP SEQ Velo (voice 2)	0	127	0	0x730600
4176	STEP SEQ Velo (voice 3)	0	127	0	0x730600
4177	STEP SEQ Velo (voice 4)	0	127	0	0x730600
4178	STEP SEQ Velo (voice 5)	0	127	0	0x730600
4179	STEP SEQ Velo (voice 6)	0	127	0	0x730600
4180	STEP SEQ Velo (voice 7)	0	127	0	0x730600
4181	STEP SEQ Velo (voice 8)	0	127	0	0x730600
4182	STEP SEQ Gate (voice 1)	1	100	50	0x730600
4183	STEP SEQ Gate (voice 2)	1	100	50	0x730600
4184	STEP SEQ Gate (voice 3)	1	100	50	0x730600
4185	STEP SEQ Gate (voice 4)	1	100	50	0x730600
4186	STEP SEQ Gate (voice 5)	1	100	50	0x730600
4187	STEP SEQ Gate (voice 6)	1	100	50	0x730600
4188	STEP SEQ Gate (voice 7)	1	100	50	0x730600
4189	STEP SEQ Gate (voice 8)	1	100	50	0x730600
4190	STEP SEQ Note Flag	0	-1	0	0x730601
4191	STEP SEQ Slide Flag	0	-1	0	0x730601
4192	STEP SEQ Mute Flag	0	-1	0	0x730601
4193	STEP SEQ Assign 1 Target	0	-1	0	0x730601
4194	STEP SEQ Assign 2 Target	0	-1	0	0x730601
4195	STEP SEQ Assign 3 Target	0	-1	0	0x730601
4196	STEP SEQ Assign 4 Target	0	-1	0	0x730601
4197	STEP SEQ Assign 1 Value	0	-1	0	0x730601
4198	STEP SEQ Assign 2 Value	0	-1	0	0x730601
4199	STEP SEQ Assign 3 Value	0	-1	0	0x730601
4200	STEP SEQ Assign 4 Value	0	-1	0	0x730601
4201	STEP SEQ Assign 1 Transient	0	5	0	0x730600
4202	STEP SEQ Assign 2 Transient	0	5	0	0x730600
4203	STEP SEQ Assign 3 Transient	0	5	0	0x730600
4204	STEP SEQ Assign 4 Transient	0	5	0	0x730600
4205	STEP SEQ Assign Flag	0	-1	0	0x730601
4220	STEP SEQ Note (voice 1)	0	127	36	0x740600
4221	STEP SEQ Note (voice 2)	0	127	36	0x740600
4222	STEP SEQ Note (voice 3)	0	127	36	0x740600
4223	STEP SEQ Note (voice 4)	0	127	36	0x740600
4224	STEP SEQ Note (voice 5)	0	127	36	0x740600
4225	STEP SEQ Note (voice 6)	0	127	36	0x740600
4226	STEP SEQ Note (voice 7)	0	127	36	0x740600
4227	STEP SEQ Note (voice 8)	0	127	36	0x740600
4228	STEP SEQ Velo (voice 1)	0	127	0	0x740600
4229	STEP SEQ Velo (voice 2)	0	127	0	0x740600
4230	STEP SEQ Velo (voice 3)	0	127	0	0x740600
4231	STEP SEQ Velo (voice 4)	0	127	0	0x740600
4232	STEP SEQ Velo (voice 5)	0	127	0	0x740600
4233	STEP SEQ Velo (voice 6)	0	127	0	0x740600
4234	STEP SEQ Velo (voice 7)	0	127	0	0x740600
4235	STEP SEQ Velo (voice 8)	0	127	0	0x740600
4236	STEP SEQ Gate (voice 1)	1	100	50	0x740600
4237	STEP SEQ Gate (voice 2)	1	100	50	0x740600
4238	STEP SEQ Gate (voice 3)	1	100	50	0x740600
4239	STEP SEQ Gate (voice 4)	1	100	50	0x740600
4240	STEP SEQ Gate (voice 5)	1	100	50	0x740600
4241	STEP SEQ Gate (voice 6)	1	100	50	0x740600
4242	STEP SEQ Gate (voice 7)	1	100	50	0x740600
4243	STEP SEQ Gate (voice 8)	1	100	50	0x740600
4244	STEP SEQ Note Flag	0	-1	0	0x740601
4245	STEP SEQ Slide Flag	0	-1	0	0x740601
4246	STEP SEQ Mute Flag	0	-1	0	0x740601
4247	STEP SEQ Assign 1 Target	0	-1	0	0x740601
4248	STEP SEQ Assign 2 Target	0	-1	0	0x740601
4249	STEP SEQ Assign 3 Target	0	-1	0	0x740601
4250	STEP SEQ Assign 4 Target	0	-1	0	0x740601
4251	STEP SEQ Assign 1 Value	0	-1	0	0x740601
4252	STEP SEQ Assign 2 Value	0	-1	0	0x740601
4253	STEP SEQ Assign 3 Value	0	-1	0	0x740601
4254	STEP SEQ Assign 4 Value	0	-1	0	0x740601
4255	STEP SEQ Assign 1 Transient	0	5	0	0x740600
4256	STEP SEQ Assign 2 Transient	0	5	0	0x740600
4257	STEP SEQ Assign 3 Transient	0	5	0	0x740600
4258	STEP SEQ Assign 4 Transient	0	5	0	0x740600
4259	STEP SEQ Assign Flag	0	-1	0	0x740601
4274	STEP SEQ Note (voice 1)	0	127	36	0x750600
4275	STEP SEQ Note (voice 2)	0	127	36	0x750600
4276	STEP SEQ Note (voice 3)	0	127	36	0x750600
4277	STEP SEQ Note (voice 4)	0	127	36	0x750600
4278	STEP SEQ Note (voice 5)	0	127	36	0x750600
4279	STEP SEQ Note (voice 6)	0	127	36	0x750600
4280	STEP SEQ Note (voice 7)	0	127	36	0x750600
4281	STEP SEQ Note (voice 8)	0	127	36	0x750600
4282	STEP SEQ Velo (voice 1)	0	127	0	0x750600
4283	STEP SEQ Velo (voice 2)	0	127	0	0x750600
4284	STEP SEQ Velo (voice 3)	0	127	0	0x750600
4285	STEP SEQ Velo (voice 4)	0	127	0	0x750600
4286	STEP SEQ Velo (voice 5)	0	127	0	0x750600
4287	STEP SEQ Velo (voice 6)	0	127	0	0x750600
4288	STEP SEQ Velo (voice 7)	0	127	0	0x750600
4289	STEP SEQ Velo (voice 8)	0	127	0	0x750600
4290	STEP SEQ Gate (voice 1)	1	100	50	0x750600
4291	STEP SEQ Gate (voice 2)	1	100	50	0x750600
4292	STEP SEQ Gate (voice 3)	1	100	50	0x750600
4293	STEP SEQ Gate (voice 4)	1	100	50	0x750600
4294	STEP SEQ Gate (voice 5)	1	100	50	0x750600
4295	STEP SEQ Gate (voice 6)	1	100	50	0x750600
4296	STEP SEQ Gate (voice 7)	1	100	50	0x750600
4297	STEP SEQ Gate (voice 8)	1	100	50	0x750600
4298	STEP SEQ Note Flag	0	-1	0	0x750601
4299	STEP SEQ Slide Flag	0	-1	0	0x750601
4300	STEP SEQ Mute Flag	0	-1	0	0x750601
4301	STEP SEQ Assign 1 Target	0	-1	0	0x750601
4302	STEP SEQ Assign 2 Target	0	-1	0	0x750601
4303	STEP SEQ Assign 3 Target	0	-1	0	0x750601
4304	STEP SEQ Assign 4 Target	0	-1	0	0x750601
4305	STEP SEQ Assign 1 Value	0	-1	0	0x750601
4306	STEP SEQ Assign 2 Value	0	-1	0	0x750601
4307	STEP SEQ Assign 3 Value	0	-1	0	0x750601
4308	STEP SEQ Assign 4 Value	0	-1	0	0x750601
4309	STEP SEQ Assign 1 Transient	0	5	0	0x750600
4310	STEP SEQ Assign 2 Transient	0	5	0	0x750600
4311	STEP SEQ Assign 3 Transient	0	5	0	0x750600
4312	STEP SEQ Assign 4 Transient	0	5	0	0x750600
4313	STEP SEQ Assign Flag	0	-1	0	0x750601
4328	STEP SEQ Note (voice 1)	0	127	36	0x760600
4329	STEP SEQ Note (voice 2)	0	127	36	0x760600
4330	STEP SEQ Note (voice 3)	0	127	36	0x760600
4331	STEP SEQ Note (voice 4)	0	127	36	0x760600
4332	STEP SEQ Note (voice 5)	0	127	36	0x760600
4333	STEP SEQ Note (voice 6)	0	127	36	0x760600
4334	STEP SEQ Note (voice 7)	0	127	36	0x760600
4335	STEP SEQ Note (voice 8)	0	127	36	0x760600
4336	STEP SEQ Velo (voice 1)	0	127	0	0x760600
4337	STEP SEQ Velo (voice 2)	0	127	0	0x760600
4338	STEP SEQ Velo (voice 3)	0	127	0	0x760600
4339	STEP SEQ Velo (voice 4)	0	127	0	0x760600
4340	STEP SEQ Velo (voice 5)	0	127	0	0x760600
4341	STEP SEQ Velo (voice 6)	0	127	0	0x760600
4342	STEP SEQ Velo (voice 7)	0	127	0	0x760600
4343	STEP SEQ Velo (voice 8)	0	127	0	0x760600
4344	STEP SEQ Gate (voice 1)	1	100	50	0x760600
4345	STEP SEQ Gate (voice 2)	1	100	50	0x760600
4346	STEP SEQ Gate (voice 3)	1	100	50	0x760600
4347	STEP SEQ Gate (voice 4)	1	100	50	0x760600
4348	STEP SEQ Gate (voice 5)	1	100	50	0x760600
4349	STEP SEQ Gate (voice 6)	1	100	50	0x760600
4350	STEP SEQ Gate (voice 7)	1	100	50	0x760600
4351	STEP SEQ Gate (voice 8)	1	100	50	0x760600
4352	STEP SEQ Note Flag	0	-1	0	0x760601
4353	STEP SEQ Slide Flag	0	-1	0	0x760601
4354	STEP SEQ Mute Flag	0	-1	0	0x760601
4355	STEP SEQ Assign 1 Target	0	-1	0	0x760601
4356	STEP SEQ Assign 2 Target	0	-1	0	0x760601
4357	STEP SEQ Assign 3 Target	0	-1	0	0x760601
4358	STEP SEQ Assign 4 Target	0	-1	0	0x760601
4359	STEP SEQ Assign 1 Value	0	-1	0	0x760601
4360	STEP SEQ Assign 2 Value	0	-1	0	0x760601
4361	STEP SEQ Assign 3 Value	0	-1	0	0x760601
4362	STEP SEQ Assign 4 Value	0	-1	0	0x760601
4363	STEP SEQ Assign 1 Transient	0	5	0	0x760600
4364	STEP SEQ Assign 2 Transient	0	5	0	0x760600
4365	STEP SEQ Assign 3 Transient	0	5	0	0x760600
4366	STEP SEQ Assign 4 Transient	0	5	0	0x760600
4367	STEP SEQ Assign Flag	0	-1	0	0x760601
4382	STEP SEQ Note (voice 1)	0	127	36	0x770600
4383	STEP SEQ Note (voice 2)	0	127	36	0x770600
4384	STEP SEQ Note (voice 3)	0	127	36	0x770600
4385	STEP SEQ Note (voice 4)	0	127	36	0x770600
4386	STEP SEQ Note (voice 5)	0	127	36	0x770600
4387	STEP SEQ Note (voice 6)	0	127	36	0x770600
4388	STEP SEQ Note (voice 7)	0	127	36	0x770600
4389	STEP SEQ Note (voice 8)	0	127	36	0x770600
4390	STEP SEQ Velo (voice 1)	0	127	0	0x770600
4391	STEP SEQ Velo (voice 2)	0	127	0	0x770600
4392	STEP SEQ Velo (voice 3)	0	127	0	0x770600
4393	STEP SEQ Velo (voice 4)	0	127	0	0x770600
4394	STEP SEQ Velo (voice 5)	0	127	0	0x770600
4395	STEP SEQ Velo (voice 6)	0	127	0	0x770600
4396	STEP SEQ Velo (voice 7)	0	127	0	0x770600
4397	STEP SEQ Velo (voice 8)	0	127	0	0x770600
4398	STEP SEQ Gate (voice 1)	1	100	50	0x770600
4399	STEP SEQ Gate (voice 2)	1	100	50	0x770600
4400	STEP SEQ Gate (voice 3)	1	100	50	0x770600
4401	STEP SEQ Gate (voice 4)	1	100	50	0x770600
4402	STEP SEQ Gate (voice 5)	1	100	50	0x770600
4403	STEP SEQ Gate (voice 6)	1	100	50	0x770600
4404	STEP SEQ Gate (voice 7)	1	100	50	0x770600
4405	STEP SEQ Gate (voice 8)	1	100	50	0x770600
4406	STEP SEQ Note Flag	0	-1	0	0x770601
4407	STEP SEQ Slide Flag	0	-1	0	0x770601
4408	STEP SEQ Mute Flag	0	-1	0	0x770601
4409	STEP SEQ Assign 1 Target	0	-1	0	0x770601
4410	STEP SEQ Assign 2 Target	0	-1	0	0x770601
4411	STEP SEQ Assign 3 Target	0	-1	0	0x770601
4412	STEP SEQ Assign 4 Target	0	-1	0	0x770601
4413	STEP SEQ Assign 1 Value	0	-1	0	0x770601
4414	STEP SEQ Assign 2 Value	0	-1	0	0x770601
4415	STEP SEQ Assign 3 Value	0	-1	0	0x770601
4416	STEP SEQ Assign 4 Value	0	-1	0	0x770601
4417	STEP SEQ Assign 1 Transient	0	5	0	0x770600
4418	STEP SEQ Assign 2 Transient	0	5	0	0x770600
4419	STEP SEQ Assign 3 Transient	0	5	0	0x770600
4420	STEP SEQ Assign 4 Transient	0	5	0	0x770600
4421	STEP SEQ Assign Flag	0	-1	0	0x770601
4436	STEP SEQ Note (voice 1)	0	127	36	0x780600
4437	STEP SEQ Note (voice 2)	0	127	36	0x780600
4438	STEP SEQ Note (voice 3)	0	127	36	0x780600
4439	STEP SEQ Note (voice 4)	0	127	36	0x780600
4440	STEP SEQ Note (voice 5)	0	127	36	0x780600
4441	STEP SEQ Note (voice 6)	0	127	36	0x780600
4442	STEP SEQ Note (voice 7)	0	127	36	0x780600
4443	STEP SEQ Note (voice 8)	0	127	36	0x780600
4444	STEP SEQ Velo (voice 1)	0	127	0	0x780600
4445	STEP SEQ Velo (voice 2)	0	127	0	0x780600
4446	STEP SEQ Velo (voice 3)	0	127	0	0x780600
4447	STEP SEQ Velo (voice 4)	0	127	0	0x780600
4448	STEP SEQ Velo (voice 5)	0	127	0	0x780600
4449	STEP SEQ Velo (voice 6)	0	127	0	0x780600
4450	STEP SEQ Velo (voice 7)	0	127	0	0x780600
4451	STEP SEQ Velo (voice 8)	0	127	0	0x780600
4452	STEP SEQ Gate (voice 1)	1	100	50	0x780600
4453	STEP SEQ Gate (voice 2)	1	100	50	0x780600
4454	STEP SEQ Gate (voice 3)	1	100	50	0x780600
4455	STEP SEQ Gate (voice 4)	1	100	50	0x780600
4456	STEP SEQ Gate (voice 5)	1	100	50	0x780600
4457	STEP SEQ Gate (voice 6)	1	100	50	0x780600
4458	STEP SEQ Gate (voice 7)	1	100	50	0x780600
4459	STEP SEQ Gate (voice 8)	1	100	50	0x780600
4460	STEP SEQ Note Flag	0	-1	0	0x780601
4461	STEP SEQ Slide Flag	0	-1	0	0x780601
4462	STEP SEQ Mute Flag	0	-1	0	0x780601
4463	STEP SEQ Assign 1 Target	0	-1	0	0x780601
4464	STEP SEQ Assign 2 Target	0	-1	0	0x780601
4465	STEP SEQ Assign 3 Target	0	-1	0	0x780601
4466	STEP SEQ Assign 4 Target	0	-1	0	0x780601
4467	STEP SEQ Assign 1 Value	0	-1	0	0x780601
4468	STEP SEQ Assign 2 Value	0	-1	0	0x780601
4469	STEP SEQ Assign 3 Value	0	-1	0	0x780601
4470	STEP SEQ Assign 4 Value	0	-1	0	0x780601
4471	STEP SEQ Assign 1 Transient	0	5	0	0x780600
4472	STEP SEQ Assign 2 Transient	0	5	0	0x780600
4473	STEP SEQ Assign 3 Transient	0	5	0	0x780600
4474	STEP SEQ Assign 4 Transient	0	5	0	0x780600
4475	STEP SEQ Assign Flag	0	-1	0	0x780601
4490	STEP SEQ Note (voice 1)	0	127	36	0x790600
4491	STEP SEQ Note (voice 2)	0	127	36	0x790600
4492	STEP SEQ Note (voice 3)	0	127	36	0x790600
4493	STEP SEQ Note (voice 4)	0	127	36	0x790600
4494	STEP SEQ Note (voice 5)	0	127	36	0x790600
4495	STEP SEQ Note (voice 6)	0	127	36	0x790600
4496	STEP SEQ Note (voice 7)	0	127	36	0x790600
4497	STEP SEQ Note (voice 8)	0	127	36	0x790600
4498	STEP SEQ Velo (voice 1)	0	127	0	0x790600
4499	STEP SEQ Velo (voice 2)	0	127	0	0x790600
4500	STEP SEQ Velo (voice 3)	0	127	0	0x790600
4501	STEP SEQ Velo (voice 4)	0	127	0	0x790600
4502	STEP SEQ Velo (voice 5)	0	127	0	0x790600
4503	STEP SEQ Velo (voice 6)	0	127	0	0x790600
4504	STEP SEQ Velo (voice 7)	0	127	0	0x790600
4505	STEP SEQ Velo (voice 8)	0	127	0	0x790600
4506	STEP SEQ Gate (voice 1)	1	100	50	0x790600
4507	STEP SEQ Gate (voice 2)	1	100	50	0x790600
4508	STEP SEQ Gate (voice 3)	1	100	50	0x790600
4509	STEP SEQ Gate (voice 4)	1	100	50	0x790600
4510	STEP SEQ Gate (voice 5)	1	100	50	0x790600
4511	STEP SEQ Gate (voice 6)	1	100	50	0x790600
4512	STEP SEQ Gate (voice 7)	1	100	50	0x790600
4513	STEP SEQ Gate (voice 8)	1	100	50	0x790600
4514	STEP SEQ Note Flag	0	-1	0	0x790601
4515	STEP SEQ Slide Flag	0	-1	0	0x790601
4516	STEP SEQ Mute Flag	0	-1	0	0x790601
4517	STEP SEQ Assign 1 Target	0	-1	0	0x790601
4518	STEP SEQ Assign 2 Target	0	-1	0	0x790601
4519	STEP SEQ Assign 3 Target	0	-1	0	0x790601
4520	STEP SEQ Assign 4 Target	0	-1	0	0x790601
4521	STEP SEQ Assign 1 Value	0	-1	0	0x790601
4522	STEP SEQ Assign 2 Value	0	-1	0	0x790601
4523	STEP SEQ Assign 3 Value	0	-1	0	0x790601
4524	STEP SEQ Assign 4 Value	0	-1	0	0x790601
4525	STEP SEQ Assign 1 Transient	0	5	0	0x790600
4526	STEP SEQ Assign 2 Transient	0	5	0	0x790600
4527	STEP SEQ Assign 3 Transient	0	5	0	0x790600
4528	STEP SEQ Assign 4 Transient	0	5	0	0x790600
4529	STEP SEQ Assign Flag	0	-1	0	0x790601
4544	STEP SEQ Note (voice 1)	0	127	36	0x7a0600
4545	STEP SEQ Note (voice 2)	0	127	36	0x7a0600
4546	STEP SEQ Note (voice 3)	0	127	36	0x7a0600
4547	STEP SEQ Note (voice 4)	0	127	36	0x7a0600
4548	STEP SEQ Note (voice 5)	0	127	36	0x7a0600
4549	STEP SEQ Note (voice 6)	0	127	36	0x7a0600
4550	STEP SEQ Note (voice 7)	0	127	36	0x7a0600
4551	STEP SEQ Note (voice 8)	0	127	36	0x7a0600
4552	STEP SEQ Velo (voice 1)	0	127	0	0x7a0600
4553	STEP SEQ Velo (voice 2)	0	127	0	0x7a0600
4554	STEP SEQ Velo (voice 3)	0	127	0	0x7a0600
4555	STEP SEQ Velo (voice 4)	0	127	0	0x7a0600
4556	STEP SEQ Velo (voice 5)	0	127	0	0x7a0600
4557	STEP SEQ Velo (voice 6)	0	127	0	0x7a0600
4558	STEP SEQ Velo (voice 7)	0	127	0	0x7a0600
4559	STEP SEQ Velo (voice 8)	0	127	0	0x7a0600
4560	STEP SEQ Gate (voice 1)	1	100	50	0x7a0600
4561	STEP SEQ Gate (voice 2)	1	100	50	0x7a0600
4562	STEP SEQ Gate (voice 3)	1	100	50	0x7a0600
4563	STEP SEQ Gate (voice 4)	1	100	50	0x7a0600
4564	STEP SEQ Gate (voice 5)	1	100	50	0x7a0600
4565	STEP SEQ Gate (voice 6)	1	100	50	0x7a0600
4566	STEP SEQ Gate (voice 7)	1	100	50	0x7a0600
4567	STEP SEQ Gate (voice 8)	1	100	50	0x7a0600
4568	STEP SEQ Note Flag	0	-1	0	0x7a0601
4569	STEP SEQ Slide Flag	0	-1	0	0x7a0601
4570	STEP SEQ Mute Flag	0	-1	0	0x7a0601
4571	STEP SEQ Assign 1 Target	0	-1	0	0x7a0601
4572	STEP SEQ Assign 2 Target	0	-1	0	0x7a0601
4573	STEP SEQ Assign 3 Target	0	-1	0	0x7a0601
4574	STEP SEQ Assign 4 Target	0	-1	0	0x7a0601
4575	STEP SEQ Assign 1 Value	0	-1	0	0x7a0601
4576	STEP SEQ Assign 2 Value	0	-1	0	0x7a0601
4577	STEP SEQ Assign 3 Value	0	-1	0	0x7a0601
4578	STEP SEQ Assign 4 Value	0	-1	0	0x7a0601
4579	STEP SEQ Assign 1 Transient	0	5	0	0x7a0600
4580	STEP SEQ Assign 2 Transient	0	5	0	0x7a0600
4581	STEP SEQ Assign 3 Transient	0	5	0	0x7a0600
4582	STEP SEQ Assign 4 Transient	0	5	0	0x7a0600
4583	STEP SEQ Assign Flag	0	-1	0	0x7a0601
4598	STEP SEQ Note (voice 1)	0	127	36	0x7b0600
4599	STEP SEQ Note (voice 2)	0	127	36	0x7b0600
4600	STEP SEQ Note (voice 3)	0	127	36	0x7b0600
4601	STEP SEQ Note (voice 4)	0	127	36	0x7b0600
4602	STEP SEQ Note (voice 5)	0	127	36	0x7b0600
4603	STEP SEQ Note (voice 6)	0	127	36	0x7b0600
4604	STEP SEQ Note (voice 7)	0	127	36	0x7b0600
4605	STEP SEQ Note (voice 8)	0	127	36	0x7b0600
4606	STEP SEQ Velo (voice 1)	0	127	0	0x7b0600
4607	STEP SEQ Velo (voice 2)	0	127	0	0x7b0600
4608	STEP SEQ Velo (voice 3)	0	127	0	0x7b0600
4609	STEP SEQ Velo (voice 4)	0	127	0	0x7b0600
4610	STEP SEQ Velo (voice 5)	0	127	0	0x7b0600
4611	STEP SEQ Velo (voice 6)	0	127	0	0x7b0600
4612	STEP SEQ Velo (voice 7)	0	127	0	0x7b0600
4613	STEP SEQ Velo (voice 8)	0	127	0	0x7b0600
4614	STEP SEQ Gate (voice 1)	1	100	50	0x7b0600
4615	STEP SEQ Gate (voice 2)	1	100	50	0x7b0600
4616	STEP SEQ Gate (voice 3)	1	100	50	0x7b0600
4617	STEP SEQ Gate (voice 4)	1	100	50	0x7b0600
4618	STEP SEQ Gate (voice 5)	1	100	50	0x7b0600
4619	STEP SEQ Gate (voice 6)	1	100	50	0x7b0600
4620	STEP SEQ Gate (voice 7)	1	100	50	0x7b0600
4621	STEP SEQ Gate (voice 8)	1	100	50	0x7b0600
4622	STEP SEQ Note Flag	0	-1	0	0x7b0601
4623	STEP SEQ Slide Flag	0	-1	0	0x7b0601
4624	STEP SEQ Mute Flag	0	-1	0	0x7b0601
4625	STEP SEQ Assign 1 Target	0	-1	0	0x7b0601
4626	STEP SEQ Assign 2 Target	0	-1	0	0x7b0601
4627	STEP SEQ Assign 3 Target	0	-1	0	0x7b0601
4628	STEP SEQ Assign 4 Target	0	-1	0	0x7b0601
4629	STEP SEQ Assign 1 Value	0	-1	0	0x7b0601
4630	STEP SEQ Assign 2 Value	0	-1	0	0x7b0601
4631	STEP SEQ Assign 3 Value	0	-1	0	0x7b0601
4632	STEP SEQ Assign 4 Value	0	-1	0	0x7b0601
4633	STEP SEQ Assign 1 Transient	0	5	0	0x7b0600
4634	STEP SEQ Assign 2 Transient	0	5	0	0x7b0600
4635	STEP SEQ Assign 3 Transient	0	5	0	0x7b0600
4636	STEP SEQ Assign 4 Transient	0	5	0	0x7b0600
4637	STEP SEQ Assign Flag	0	-1	0	0x7b0601
4652	STEP SEQ Note (voice 1)	0	127	36	0x7c0600
4653	STEP SEQ Note (voice 2)	0	127	36	0x7c0600
4654	STEP SEQ Note (voice 3)	0	127	36	0x7c0600
4655	STEP SEQ Note (voice 4)	0	127	36	0x7c0600
4656	STEP SEQ Note (voice 5)	0	127	36	0x7c0600
4657	STEP SEQ Note (voice 6)	0	127	36	0x7c0600
4658	STEP SEQ Note (voice 7)	0	127	36	0x7c0600
4659	STEP SEQ Note (voice 8)	0	127	36	0x7c0600
4660	STEP SEQ Velo (voice 1)	0	127	0	0x7c0600
4661	STEP SEQ Velo (voice 2)	0	127	0	0x7c0600
4662	STEP SEQ Velo (voice 3)	0	127	0	0x7c0600
4663	STEP SEQ Velo (voice 4)	0	127	0	0x7c0600
4664	STEP SEQ Velo (voice 5)	0	127	0	0x7c0600
4665	STEP SEQ Velo (voice 6)	0	127	0	0x7c0600
4666	STEP SEQ Velo (voice 7)	0	127	0	0x7c0600
4667	STEP SEQ Velo (voice 8)	0	127	0	0x7c0600
4668	STEP SEQ Gate (voice 1)	1	100	50	0x7c0600
4669	STEP SEQ Gate (voice 2)	1	100	50	0x7c0600
4670	STEP SEQ Gate (voice 3)	1	100	50	0x7c0600
4671	STEP SEQ Gate (voice 4)	1	100	50	0x7c0600
4672	STEP SEQ Gate (voice 5)	1	100	50	0x7c0600
4673	STEP SEQ Gate (voice 6)	1	100	50	0x7c0600
4674	STEP SEQ Gate (voice 7)	1	100	50	0x7c0600
4675	STEP SEQ Gate (voice 8)	1	100	50	0x7c0600
4676	STEP SEQ Note Flag	0	-1	0	0x7c0601
4677	STEP SEQ Slide Flag	0	-1	0	0x7c0601
4678	STEP SEQ Mute Flag	0	-1	0	0x7c0601
4679	STEP SEQ Assign 1 Target	0	-1	0	0x7c0601
4680	STEP SEQ Assign 2 Target	0	-1	0	0x7c0601
4681	STEP SEQ Assign 3 Target	0	-1	0	0x7c0601
4682	STEP SEQ Assign 4 Target	0	-1	0	0x7c0601
4683	STEP SEQ Assign 1 Value	0	-1	0	0x7c0601
4684	STEP SEQ Assign 2 Value	0	-1	0	0x7c0601
4685	STEP SEQ Assign 3 Value	0	-1	0	0x7c0601
4686	STEP SEQ Assign 4 Value	0	-1	0	0x7c0601
4687	STEP SEQ Assign 1 Transient	0	5	0	0x7c0600
4688	STEP SEQ Assign 2 Transient	0	5	0	0x7c0600
4689	STEP SEQ Assign 3 Transient	0	5	0	0x7c0600
4690	STEP SEQ Assign 4 Transient	0	5	0	0x7c0600
4691	STEP SEQ Assign Flag	0	-1	0	0x7c0601
4706	STEP SEQ Note (voice 1)	0	127	36	0x7d0600
4707	STEP SEQ Note (voice 2)	0	127	36	0x7d0600
4708	STEP SEQ Note (voice 3)	0	127	36	0x7d0600
4709	STEP SEQ Note (voice 4)	0	127	36	0x7d0600
4710	STEP SEQ Note (voice 5)	0	127	36	0x7d0600
4711	STEP SEQ Note (voice 6)	0	127	36	0x7d0600
4712	STEP SEQ Note (voice 7)	0	127	36	0x7d0600
4713	STEP SEQ Note (voice 8)	0	127	36	0x7d0600
4714	STEP SEQ Velo (voice 1)	0	127	0	0x7d0600
4715	STEP SEQ Velo (voice 2)	0	127	0	0x7d0600
4716	STEP SEQ Velo (voice 3)	0	127	0	0x7d0600
4717	STEP SEQ Velo (voice 4)	0	127	0	0x7d0600
4718	STEP SEQ Velo (voice 5)	0	127	0	0x7d0600
4719	STEP SEQ Velo (voice 6)	0	127	0	0x7d0600
4720	STEP SEQ Velo (voice 7)	0	127	0	0x7d0600
4721	STEP SEQ Velo (voice 8)	0	127	0	0x7d0600
4722	STEP SEQ Gate (voice 1)	1	100	50	0x7d0600
4723	STEP SEQ Gate (voice 2)	1	100	50	0x7d0600
4724	STEP SEQ Gate (voice 3)	1	100	50	0x7d0600
4725	STEP SEQ Gate (voice 4)	1	100	50	0x7d0600
4726	STEP SEQ Gate (voice 5)	1	100	50	0x7d0600
4727	STEP SEQ Gate (voice 6)	1	100	50	0x7d0600
4728	STEP SEQ Gate (voice 7)	1	100	50	0x7d0600
4729	STEP SEQ Gate (voice 8)	1	100	50	0x7d0600
4730	STEP SEQ Note Flag	0	-1	0	0x7d0601
4731	STEP SEQ Slide Flag	0	-1	0	0x7d0601
4732	STEP SEQ Mute Flag	0	-1	0	0x7d0601
4733	STEP SEQ Assign 1 Target	0	-1	0	0x7d0601
4734	STEP SEQ Assign 2 Target	0	-1	0	0x7d0601
4735	STEP SEQ Assign 3 Target	0	-1	0	0x7d0601
4736	STEP SEQ Assign 4 Target	0	-1	0	0x7d0601
4737	STEP SEQ Assign 1 Value	0	-1	0	0x7d0601
4738	STEP SEQ Assign 2 Value	0	-1	0	0x7d0601
4739	STEP SEQ Assign 3 Value	0	-1	0	0x7d0601
4740	STEP SEQ Assign 4 Value	0	-1	0	0x7d0601
4741	STEP SEQ Assign 1 Transient	0	5	0	0x7d0600
4742	STEP SEQ Assign 2 Transient	0	5	0	0x7d0600
4743	STEP SEQ Assign 3 Transient	0	5	0	0x7d0600
4744	STEP SEQ Assign 4 Transient	0	5	0	0x7d0600
4745	STEP SEQ Assign Flag	0	-1	0	0x7d0601
4760	STEP SEQ Note (voice 1)	0	127	36	0x7e0600
4761	STEP SEQ Note (voice 2)	0	127	36	0x7e0600
4762	STEP SEQ Note (voice 3)	0	127	36	0x7e0600
4763	STEP SEQ Note (voice 4)	0	127	36	0x7e0600
4764	STEP SEQ Note (voice 5)	0	127	36	0x7e0600
4765	STEP SEQ Note (voice 6)	0	127	36	0x7e0600
4766	STEP SEQ Note (voice 7)	0	127	36	0x7e0600
4767	STEP SEQ Note (voice 8)	0	127	36	0x7e0600
4768	STEP SEQ Velo (voice 1)	0	127	0	0x7e0600
4769	STEP SEQ Velo (voice 2)	0	127	0	0x7e0600
4770	STEP SEQ Velo (voice 3)	0	127	0	0x7e0600
4771	STEP SEQ Velo (voice 4)	0	127	0	0x7e0600
4772	STEP SEQ Velo (voice 5)	0	127	0	0x7e0600
4773	STEP SEQ Velo (voice 6)	0	127	0	0x7e0600
4774	STEP SEQ Velo (voice 7)	0	127	0	0x7e0600
4775	STEP SEQ Velo (voice 8)	0	127	0	0x7e0600
4776	STEP SEQ Gate (voice 1)	1	100	50	0x7e0600
4777	STEP SEQ Gate (voice 2)	1	100	50	0x7e0600
4778	STEP SEQ Gate (voice 3)	1	100	50	0x7e0600
4779	STEP SEQ Gate (voice 4)	1	100	50	0x7e0600
4780	STEP SEQ Gate (voice 5)	1	100	50	0x7e0600
4781	STEP SEQ Gate (voice 6)	1	100	50	0x7e0600
4782	STEP SEQ Gate (voice 7)	1	100	50	0x7e0600
4783	STEP SEQ Gate (voice 8)	1	100	50	0x7e0600
4784	STEP SEQ Note Flag	0	-1	0	0x7e0601
4785	STEP SEQ Slide Flag	0	-1	0	0x7e0601
4786	STEP SEQ Mute Flag	0	-1	0	0x7e0601
4787	STEP SEQ Assign 1 Target	0	-1	0	0x7e0601
4788	STEP SEQ Assign 2 Target	0	-1	0	0x7e0601
4789	STEP SEQ Assign 3 Target	0	-1	0	0x7e0601
4790	STEP SEQ Assign 4 Target	0	-1	0	0x7e0601
4791	STEP SEQ Assign 1 Value	0	-1	0	0x7e0601
4792	STEP SEQ Assign 2 Value	0	-1	0	0x7e0601
4793	STEP SEQ Assign 3 Value	0	-1	0	0x7e0601
4794	STEP SEQ Assign 4 Value	0	-1	0	0x7e0601
4795	STEP SEQ Assign 1 Transient	0	5	0	0x7e0600
4796	STEP SEQ Assign 2 Transient	0	5	0	0x7e0600
4797	STEP SEQ Assign 3 Transient	0	5	0	0x7e0600
4798	STEP SEQ Assign 4 Transient	0	5	0	0x7e0600
4799	STEP SEQ Assign Flag	0	-1	0	0x7e0601
4814	STEP SEQ Note (voice 1)	0	127	36	0x7f0600
4815	STEP SEQ Note (voice 2)	0	127	36	0x7f0600
4816	STEP SEQ Note (voice 3)	0	127	36	0x7f0600
4817	STEP SEQ Note (voice 4)	0	127	36	0x7f0600
4818	STEP SEQ Note (voice 5)	0	127	36	0x7f0600
4819	STEP SEQ Note (voice 6)	0	127	36	0x7f0600
4820	STEP SEQ Note (voice 7)	0	127	36	0x7f0600
4821	STEP SEQ Note (voice 8)	0	127	36	0x7f0600
4822	STEP SEQ Velo (voice 1)	0	127	0	0x7f0600
4823	STEP SEQ Velo (voice 2)	0	127	0	0x7f0600
4824	STEP SEQ Velo (voice 3)	0	127	0	0x7f0600
4825	STEP SEQ Velo (voice 4)	0	127	0	0x7f0600
4826	STEP SEQ Velo (voice 5)	0	127	0	0x7f0600
4827	STEP SEQ Velo (voice 6)	0	127	0	0x7f0600
4828	STEP SEQ Velo (voice 7)	0	127	0	0x7f0600
4829	STEP SEQ Velo (voice 8)	0	127	0	0x7f0600
4830	STEP SEQ Gate (voice 1)	1	100	50	0x7f0600
4831	STEP SEQ Gate (voice 2)	1	100	50	0x7f0600
4832	STEP SEQ Gate (voice 3)	1	100	50	0x7f0600
4833	STEP SEQ Gate (voice 4)	1	100	50	0x7f0600
4834	STEP SEQ Gate (voice 5)	1	100	50	0x7f0600
4835	STEP SEQ Gate (voice 6)	1	100	50	0x7f0600
4836	STEP SEQ Gate (voice 7)	1	100	50	0x7f0600
4837	STEP SEQ Gate (voice 8)	1	100	50	0x7f0600
4838	STEP SEQ Note Flag	0	-1	0	0x7f0601
4839	STEP SEQ Slide Flag	0	-1	0	0x7f0601
4840	STEP SEQ Mute Flag	0	-1	0	0x7f0601
4841	STEP SEQ Assign 1 Target	0	-1	0	0x7f0601
4842	STEP SEQ Assign 2 Target	0	-1	0	0x7f0601
4843	STEP SEQ Assign 3 Target	0	-1	0	0x7f0601
4844	STEP SEQ Assign 4 Target	0	-1	0	0x7f0601
4845	STEP SEQ Assign 1 Value	0	-1	0	0x7f0601
4846	STEP SEQ Assign 2 Value	0	-1	0	0x7f0601
4847	STEP SEQ Assign 3 Value	0	-1	0	0x7f0601
4848	STEP SEQ Assign 4 Value	0	-1	0	0x7f0601
4849	STEP SEQ Assign 1 Transient	0	5	0	0x7f0600
4850	STEP SEQ Assign 2 Transient	0	5	0	0x7f0600
4851	STEP SEQ Assign 3 Transient	0	5	0	0x7f0600
4852	STEP SEQ Assign 4 Transient	0	5	0	0x7f0600
4853	STEP SEQ Assign Flag	0	-1	0	0x7f0601
4868	STEP SEQ Note (voice 1)	0	127	36	0x800600
4869	STEP SEQ Note (voice 2)	0	127	36	0x800600
4870	STEP SEQ Note (voice 3)	0	127	36	0x800600
4871	STEP SEQ Note (voice 4)	0	127	36	0x800600
4872	STEP SEQ Note (voice 5)	0	127	36	0x800600
4873	STEP SEQ Note (voice 6)	0	127	36	0x800600
4874	STEP SEQ Note (voice 7)	0	127	36	0x800600
4875	STEP SEQ Note (voice 8)	0	127	36	0x800600
4876	STEP SEQ Velo (voice 1)	0	127	0	0x800600
4877	STEP SEQ Velo (voice 2)	0	127	0	0x800600
4878	STEP SEQ Velo (voice 3)	0	127	0	0x800600
4879	STEP SEQ Velo (voice 4)	0	127	0	0x800600
4880	STEP SEQ Velo (voice 5)	0	127	0	0x800600
4881	STEP SEQ Velo (voice 6)	0	127	0	0x800600
4882	STEP SEQ Velo (voice 7)	0	127	0	0x800600
4883	STEP SEQ Velo (voice 8)	0	127	0	0x800600
4884	STEP SEQ Gate (voice 1)	1	100	50	0x800600
4885	STEP SEQ Gate (voice 2)	1	100	50	0x800600
4886	STEP SEQ Gate (voice 3)	1	100	50	0x800600
4887	STEP SEQ Gate (voice 4)	1	100	50	0x800600
4888	STEP SEQ Gate (voice 5)	1	100	50	0x800600
4889	STEP SEQ Gate (voice 6)	1	100	50	0x800600
4890	STEP SEQ Gate (voice 7)	1	100	50	0x800600
4891	STEP SEQ Gate (voice 8)	1	100	50	0x800600
4892	STEP SEQ Note Flag	0	-1	0	0x800601
4893	STEP SEQ Slide Flag	0	-1	0	0x800601
4894	STEP SEQ Mute Flag	0	-1	0	0x800601
4895	STEP SEQ Assign 1 Target	0	-1	0	0x800601
4896	STEP SEQ Assign 2 Target	0	-1	0	0x800601
4897	STEP SEQ Assign 3 Target	0	-1	0	0x800601
4898	STEP SEQ Assign 4 Target	0	-1	0	0x800601
4899	STEP SEQ Assign 1 Value	0	-1	0	0x800601
4900	STEP SEQ Assign 2 Value	0	-1	0	0x800601
4901	STEP SEQ Assign 3 Value	0	-1	0	0x800601
4902	STEP SEQ Assign 4 Value	0	-1	0	0x800601
4903	STEP SEQ Assign 1 Transient	0	5	0	0x800600
4904	STEP SEQ Assign 2 Transient	0	5	0	0x800600
4905	STEP SEQ Assign 3 Transient	0	5	0	0x800600
4906	STEP SEQ Assign 4 Transient	0	5	0	0x800600
4907	STEP SEQ Assign Flag	0	-1	0	0x800601
4952	_NULL_	0	0	0	0x820700
4953	_NULL_	0	0	0	0x830700
4954	_NULL_	0	0	0	0x840700
4955	_NULL_	0	0	0	0x850700
4956	_NULL_	0	0	0	0x860700
4957	_NULL_	0	0	0	0x870700
4958	_NULL_	0	0	0	0x880700
4959	_NULL_	0	0	0	0x890700
4960	_NULL_	0	0	0	0x8a0700
4961	_NULL_	0	0	0	0x8b0700
4962	_NULL_	0	0	0	0x8c0700
4963	_NULL_	0	0	0	0x8d0700
4964	_NULL_	0	0	0	0x8e0700
4965	_NULL_	0	0	0	0x8f0700
4967	110	189	184	1	0x0
4969	110	614	136	64	0x1
4971	Off (0)On (1)	878	550	256	0x1
4973	Off (0)30min (1)240min (2)	4952	14	8	0x1
4975	PATCH (0)PERFORM (1)	60	60	0	0x1
4977	PLUG-OUT 0 (0)PLUG-OUT 3 (3)	121	1	0	0x3
4979	MANUAL (-1)A-1 (0)H-8 (63)	123	1	0	0x5
4981	A-1 (0)H-8 (63)	125	1	0	0x7
4983	Direct (0)Catch (1)	127	1	0	0x9
4985	Off (0)110min (1-10)	188	1	0	0xb
4987	Off (0)On (1)	249	60	1	0xd
4989	Vender (0)Generic (1)	310	60	1	0xf
4991	Off (0)On (1)	371	1	1	0x11
4993	1 (0)127 (126)	373	60	2	0x13
4995	Light (0)Medium (1)Heavy (2)	493	60	2	0x15
4997	-100+10	613	1	2	0x17
4999	Non-Invert (0)Invert (1)	657	42	3	0x19
5001	Non-Invert (0)Invert (1)	741	1	3	0x1b
5003	Off (0)On (1)Surface (2)	743	1	3	0x1d
5005	430Hz (0)440Hz (10)450Hz (20)	745	1	3	0x1f
5007	430.0Hz (-100)440.0Hz (0)450.0Hz (100)	747	1	3	0x21
5009	Off (0)On (1)	749	1	3	0x23
5011	-12dB (-12)0dB (0)+12dB (12)	757	5	4	0x25
5013	Auto (0)MIDI (1)USB (2)Internal (3)	770	6	4	0x27
5015	Disable (0)Enable (1)	779	10	4	0x29
5017	Off (0)On (1)	794	4	4	0x2b
5019	Off (0)Play Only (1)Rec Only (2)Play & Rec (3)Always (4)	804	10	4	0x2d
5021	0127	878	30	5	0x2f
5023	1 (0)4 (3)	938	30	5	0x31
5025	17 (0)32 (15)	998	30	5	0x33
5027	Off (0)On (1)	1058	30	5	0x35
5029	Off (0)On (1)	1118	30	5	0x37
5031	ch.1 (1)ch.16 (16)	1178	32	5	0x39
5033	Off (0)ch.1 (1)ch.16 (16)	1242	32	5	0x3b
5035	ch.1 (1)ch.16 (16)	1323	32	5	0x3d
5037	ch.1 (1)ch.16 (16)	1398	30	5	0x3f
5039	Off (0)On (1)	1466	54	6	0x41
5041	Off (0)On (1)	1574	54	6	0x43
5043	Off (0)On (1)	1682	54	6	0x45
5045	Off (0)On (1)	1790	54	6	0x47
5047	Off (0)On (1)	1898	54	6	0x49
5049	Off (0)On (1)	2006	54	6	0x4b
5051	Off (0)On (1)	2114	54	6	0x4d
5053	Off (0)On (1)	2222	54	6	0x4f
5055	-1000+100	2330	54	6	0x51
5057	-1000+100	2438	54	6	0x53
5059	Clock (0)Step (1)...	2546	54	6	0x55
5061	01	2654	54	6	0x57
5063	Addon (0)Replace (1)	2762	54	6	0x59
5065	03	2870	54	6	0x5b
5067	Off (0)On (1)	2978	54	6	0x5d
5069	00	3086	54	6	0x5f
5071	00	3194	54	6	0x61
5073	00	3302	54	6	0x63
5075	00	3410	54	6	0x65
5077	00	3518	54	6	0x67
5079	00	3626	54	6	0x69
5081	00	3734	54	6	0x6b
5083	00	3842	54	6	0x6d
5085	00	3950	54	6	0x6f
5087	Empty (-1)Native (0)PLUG-OUT (1255)	4058	54	6	0x71
5089	Empty (-1)Native (0)PLUG-OUT (1255)	4166	54	6	0x73
5091	Empty (-1)Native (0)PLUG-OUT (1255)	4274	54	6	0x75
5093	Empty (-1)Native (0)PLUG-OUT (1255)	4382	54	6	0x77
5095	00	4490	54	6	0x79
5097	00	4598	54	6	0x7b
5099	00	4706	54	6	0x7d
5101	00	4814	54	6	0x7f
5103	00	4922	30	6	0x81
5105	00	4953	1	7	0x83
5107	00	4955	1	7	0x85
5109	00	4957	1	7	0x87
5111	00	4959	1	7	0x89
5113	00	4961	1	7	0x8b
5115	00	4963	1	7	0x8d
5117	00	4965	1	7	0x8f
5119	00	-2136678656	1	-2136678640	0x1
5121	00	-2136678592	1	-2136678584	0x1
5123	00	-2136678520	1	-2136678504	0x1
5125	00	-2136678456	1	-2136678432	0x1
5127	00	-2136678352	1	-2136678328	0x1
5129	00	-2136678256	1	-2136678240	0x1
5131	00	-2136678192	1	-2136678176	0x1
5133	00	-2136678104	1	-2136678080	0x1
5135	00	-2136678032	1	-2136678008	0x1
5137	00	-2136677936	1	-2136677912	0x1
5139	00	-2136677840	1	-2136677816	0x1
5141	00	-2136677760	1	-2136677736	0x1
5143	00	-2136677664	1	-2136677640	0x1
5145	00	-2136677680	1	-2136677680	0x1
5147	00	-2136677680	1	-2136677680	0x1
5149	00	-2136677600	1	-2136677568	0x1
5151	00	-2136677680	1	-2136677680	0x1
5153	00	-2136677680	1	-2136677680	0x1
5155	00	-2136677680	1	-2136677680	0x1
5157	00	-2136677680	1	-2136677680	0x1
5159	00	-2136677680	1	-2136677680	0x1
5161	00	-2136677680	1	-2136677680	0x1
5163	00	-2136677680	1	-2136677680	0x1
5165	00	-2136677680	1	-2136677680	0x1
5167	00	-2136677680	1	-2136677680	0x1
5169	00	-2136677680	1	-2136677680	0x1
5171	00	-2136677680	1	-2136677680	0x1
5173	00	-2136677680	1	-2136677680	0x1
5175	00	-2136677680	1	-2136677680	0x1
5177	00	-2136677680	1	-2136677680	0x1
5179	00	-2136677476	1	-2136677476	0x1
5181	00	-2136677476	1	-2136677476	0x1
5183	00	-2136677464	1	-2136677448	0x1
5185	00	-2136677384	1	-2136677360	0x1
5187	00	-2136677288	1	-2136677264	0x1
5189	00	-2136677192	1	-2136677168	0x1
5191	00	-2136677680	1	-2136677680	0x1
5193	00	-2136677680	1	-2136677680	0x1
5195	00	-2136677680	1	-2136677680	0x1
5197	00	-2136677680	1	-2136677680	0x1
5199	00	-2136677680	1	-2136677680	0x1
5201	00	-2136677680	1	-2136677680	0x1
5203	00	-2136677680	1	-2136677680	0x1
5205	00	-2136677680	1	-2136677680	0x1
5207	00	-2136677680	1	-2136677680	0x1
5209	00	-2136677680	1	-2136677680	0x1
5211	00	-2136677680	1	-2136677680	0x1
5213	00	-2136677476	1	-2136677144	0x1
5215	00	-2136677064	1	-2136677032	0x1
5217	00	-2136676944	1	-2136676920	0x1
5219	00	-2136676832	1	-2136676800	0x1
5221	00	-2136676712	1	-2136676688	0x1
