#include "juno_curve.h"
/* juno_curve_candidate.c  -- bit-exact C99 port of JUNO-60 VST3 unit#2
 * curve evaluator sub_7FF91DFB6380 @ rva 0x356380.
 *
 * Original: double __fastcall sub(scratch, int curve_id, int value)
 *   switch(curve_id){ arm: clamp value to [lo,hi]; movss xmm0,[LUT+idx*4]; ret }
 *   default: xorps xmm0,xmm0 (0.0f).
 * The scratch (rcx) arg is never touched. Return is a float32 in xmm0[31:0]
 * (Hex-Rays mislabels it double); the caller reads it via *(float*)&ret.
 *
 * LUT bytes are embedded as their exact IEEE-754 float32 bit patterns and
 * type-punned back to float, so no decimal round-trip error is possible.
 * Generated from curve_luts.json (values pulled from .rdata via perd).
 */
#include <stdint.h>
#include <string.h>

static inline float juno__bits2f(uint32_t u){ float f; memcpy(&f,&u,4); return f; }

static const uint32_t JUNO_LUT0[256] = {
  0xbea6acf4,0xbea414db,0xbea181f7,0xbe9ef449,0xbe9c6bd0,0xbe99e88c,0xbe976a7e,0xbe94f1a6,
  0xbe927e02,0xbe900f95,0xbe8da65c,0xbe8b4259,0xbe88e38b,0xbe8689f3,0xbe843590,0xbe81e663,
  0xbe7f38d6,0xbe7aaf50,0xbe763036,0xbe71bb86,0xbe6d5141,0xbe68f167,0xbe649bf8,0xbe6050f4,
  0xbe5c105a,0xbe57da2b,0xbe53ae67,0xbe4f8d0e,0xbe4b7620,0xbe47699c,0xbe436784,0xbe3f6fd6,
  0xbe3b8292,0xbe379fba,0xbe33c74d,0xbe2ff94a,0xbe2c35b2,0xbe287c85,0xbe24cdc3,0xbe21296b,
  0xbe1d8f7f,0xbe19fffd,0xbe167ae6,0xbe13003a,0xbe0f8ff8,0xbe0c2a22,0xbe08ceb6,0xbe057db5,
  0xbe02371f,0xbdfdf5e7,0xbdf79265,0xbdf143ba,0xbdeb09e4,0xbde4e4e4,0xbdded4b9,0xbdd8d964,
  0xbdd2f2e5,0xbdcd213b,0xbdc76467,0xbdc1bc68,0xbdbc293f,0xbdb6aaec,0xbdb1416e,0xbdabecc6,
  0xbda6acf4,0xbda181f7,0xbd9c6bd0,0xbd976a7e,0xbd927e02,0xbd8da65c,0xbd88e38b,0xbd843590,
  0xbd7f38d6,0xbd763036,0xbd6d5141,0xbd649bf8,0xbd5c105a,0xbd53ae67,0xbd4b7620,0xbd436784,
  0xbd3b8292,0xbd33c74d,0xbd2c35b2,0xbd24cdc3,0xbd1d8f7f,0xbd167ae6,0xbd0f8ff8,0xbd08ceb6,
  0xbd02371f,0xbcf79265,0xbceb09e4,0xbcded4b9,0xbcd2f2e5,0xbcc76467,0xbcbc293f,0xbcb1416e,
  0xbca6acf4,0xbc9c6bd0,0xbc927e02,0xbc88e38b,0xbc7f38d6,0xbc6d5141,0xbc5c105a,0xbc4b7620,
  0xbc3b8292,0xbc2c35b2,0xbc1d8f7f,0xbc0f8ff8,0xbc02371f,0xbbeb09e4,0xbbd2f2e5,0xbbbc293f,
  0xbba6acf4,0xbb927e02,0xbb7f38d6,0xbb5c105a,0xbb3b8292,0xbb1d8f7f,0xbb02371f,0xbad2f2e5,
  0xbaa6acf4,0xba7f38d6,0xba3b8292,0xba02371f,0xb9a6acf4,0xb93b8292,0xb8a6acf4,0xb7a6acf4,
  0x00000000,0x37a6acf4,0x38a6acf4,0x393b8292,0x39a6acf4,0x3a02371f,0x3a3b8292,0x3a7f38d6,
  0x3aa6acf4,0x3ad2f2e5,0x3b02371f,0x3b1d8f7f,0x3b3b8292,0x3b5c105a,0x3b7f38d6,0x3b927e02,
  0x3ba6acf4,0x3bbc293f,0x3bd2f2e5,0x3beb09e4,0x3c02371f,0x3c0f8ff8,0x3c1d8f7f,0x3c2c35b2,
  0x3c3b8292,0x3c4b7620,0x3c5c105a,0x3c6d5141,0x3c7f38d6,0x3c88e38b,0x3c927e02,0x3c9c6bd0,
  0x3ca6acf4,0x3cb1416e,0x3cbc293f,0x3cc76467,0x3cd2f2e5,0x3cded4b9,0x3ceb09e4,0x3cf79265,
  0x3d02371f,0x3d08ceb6,0x3d0f8ff8,0x3d167ae6,0x3d1d8f7f,0x3d24cdc3,0x3d2c35b2,0x3d33c74d,
  0x3d3b8292,0x3d436784,0x3d4b7620,0x3d53ae67,0x3d5c105a,0x3d649bf8,0x3d6d5141,0x3d763036,
  0x3d7f38d6,0x3d843590,0x3d88e38b,0x3d8da65c,0x3d927e02,0x3d976a7e,0x3d9c6bd0,0x3da181f7,
  0x3da6acf4,0x3dabecc6,0x3db1416e,0x3db6aaec,0x3dbc293f,0x3dc1bc68,0x3dc76467,0x3dcd213b,
  0x3dd2f2e5,0x3dd8d964,0x3dded4b9,0x3de4e4e4,0x3deb09e4,0x3df143ba,0x3df79265,0x3dfdf5e7,
  0x3e02371f,0x3e057db5,0x3e08ceb6,0x3e0c2a22,0x3e0f8ff8,0x3e13003a,0x3e167ae6,0x3e19fffd,
  0x3e1d8f7f,0x3e21296b,0x3e24cdc3,0x3e287c85,0x3e2c35b2,0x3e2ff94a,0x3e33c74d,0x3e379fba,
  0x3e3b8292,0x3e3f6fd6,0x3e436784,0x3e47699c,0x3e4b7620,0x3e4f8d0e,0x3e53ae67,0x3e57da2b,
  0x3e5c105a,0x3e6050f4,0x3e649bf8,0x3e68f167,0x3e6d5141,0x3e71bb86,0x3e763036,0x3e7aaf50,
  0x3e7f38d6,0x3e81e663,0x3e843590,0x3e8689f3,0x3e88e38b,0x3e8b4259,0x3e8da65c,0x3e900f95,
  0x3e927e02,0x3e94f1a6,0x3e976a7e,0x3e99e88c,0x3e9c6bd0,0x3e9ef449,0x3ea181f7,0x3ea414db,
};
static const uint32_t JUNO_LUT1[256] = {
  0x39a89763,0x39a89763,0x39a89763,0x39a89763,0x39a89763,0x39a89763,0x39a89763,0x39a89763,
  0x39a89763,0x39a89763,0x39a89763,0x39a89763,0x39a89763,0x39a89763,0x39a89763,0x39a89763,
  0x39a89763,0x39a89763,0x39a89763,0x39a89763,0x39a89763,0x39a89763,0x39a89763,0x39a89763,
  0x39a89763,0x39a89763,0x39a89763,0x39a89763,0x39a89763,0x39a89763,0x39a89763,0x39a89763,
  0x39a89763,0x39a89763,0x39a89763,0x39a89763,0x39a89763,0x39a89763,0x39a89763,0x39a89763,
  0x39a89763,0x39a89763,0x39a89763,0x39a89763,0x39a89763,0x39a89763,0x39a89763,0x39a89763,
  0x39a89763,0x39a89763,0x39a89763,0x39a89763,0x39a89763,0x39a89763,0x39a89763,0x39a89763,
  0x39a89763,0x39a89763,0x39a89763,0x39a89763,0x39a89763,0x39a89763,0x39a89763,0x39a89763,
  0x39a89763,0x39b4c13c,0x39c129fd,0x39cdd2ea,0x39dabd50,0x39e7ea80,0x39f55bd6,0x3a018958,
  0x3a08883c,0x3a0fab4d,0x3a16f347,0x3a1e60e9,0x3a25f4f5,0x3a2db032,0x3a35936b,0x3a3d9f6d,
  0x3a45d50e,0x3a4e3524,0x3a56c089,0x3a5f781f,0x3a685cc9,0x3a716f71,0x3a7ab106,0x3a82113c,
  0x3a86e260,0x3a8bcc6e,0x3a90cfe5,0x3a95ed4a,0x3a9b2523,0x3aa077f8,0x3aa5e654,0x3aab70c8,
  0x3ab117e3,0x3ab6dc39,0x3abcbe63,0x3ac2befa,0x3ac8de9b,0x3acf1de8,0x3ad57d83,0x3adbfe13,
  0x3ae2a044,0x3ae964c5,0x3af04c44,0x3af75778,0x3afe871a,0x3b02edf2,0x3b06ab4d,0x3b0a7bff,
  0x3b0e606b,0x3b1258f9,0x3b166610,0x3b1a881a,0x3b1ebf83,0x3b230cbb,0x3b277032,0x3b2bea5c,
  0x3b307bad,0x3b35249c,0x3b39e5a5,0x3b3ebf43,0x3b43b1f7,0x3b48be44,0x3b4de4a9,0x3b5325b1,
  0x3b5881e5,0x3b5df9d1,0x3b638e05,0x3b693f13,0x3b6f0d92,0x3b74fa17,0x3b7b053e,0x3b8097d3,
  0x3b83bcf9,0x3b86f262,0x3b8a3865,0x3b8d8f54,0x3b90f789,0x3b94715c,0x3b97fd29,0x3b9b9b4d,
  0x3b9f4c26,0x3ba31017,0x3ba6e780,0x3baad2c6,0x3baed251,0x3bb2e689,0x3bb70fd9,0x3bbb4eb1,
  0x3bbfa37b,0x3bc40eac,0x3bc890b6,0x3bcd2a11,0x3bd1db34,0x3bd6a49d,0x3bdb86c5,0x3be0822f,
  0x3be5975c,0x3beac6d3,0x3bf0111a,0x3bf576be,0x3bfaf84c,0x3c004b29,0x3c0328b3,0x3c06150d,
  0x3c091087,0x3c0c1b6c,0x3c0f360d,0x3c1260bc,0x3c159bcc,0x3c18e793,0x3c1c4463,0x3c1fb297,
  0x3c233289,0x3c26c494,0x3c2a6916,0x3c2e206e,0x3c31eaff,0x3c35c92b,0x3c39bb57,0x3c3dc1ec,
  0x3c41dd52,0x3c460df6,0x3c4a5448,0x3c4eb0b2,0x3c5323aa,0x3c57ada4,0x3c5c4f17,0x3c61087d,
  0x3c65da51,0x3c6ac512,0x3c6fc941,0x3c74e761,0x3c7a1ff8,0x3c7f7390,0x3c827159,0x3c8536fa,
  0x3c880aef,0x3c8aed84,0x3c8ddf04,0x3c90dfbd,0x3c93effe,0x3c971016,0x3c9a4058,0x3c9d8117,
  0x3ca0d2a9,0x3ca43565,0x3ca7a9a3,0x3cab2fbe,0x3caec814,0x3cb27300,0x3cb630e3,0x3cba0220,
  0x3cbde71b,0x3cc1e03a,0x3cc5ede5,0x3cca1086,0x3cce488a,0x3cd2965f,0x3cd6fa76,0x3cdb7543,
  0x3ce0073a,0x3ce4b0d8,0x3ce9728f,0x3cee4cdf,0x3cf34048,0x3cf84d4b,0x3cfd746d,0x3d015b1b,
  0x3d040997,0x3d06c5f1,0x3d099071,0x3d0c6960,0x3d0f5109,0x3d1247ba,0x3d154dbc,0x3d186361,
  0x3d1b88fa,0x3d1ebed9,0x3d220552,0x3d255cbc,0x3d28c56d,0x3d2c3fbf,0x3d2fcc0e,0x3d336ab6,
  0x3d371c17,0x3d3ae090,0x3d3eb888,0x3d42a45e,0x3d46a47b,0x3d4ab949,0x3d4ee332,0x3d5322a3,
};
static const uint32_t JUNO_LUT2[256] = {
  0x401e2397,0x40135344,0x40093e1e,0x3fffaee9,0x3fee26fe,0x3fddce84,0x3fce90e9,0x3fc05b16,
  0x3fb31b34,0x3fa6c0a0,0x3f9b3bdd,0x3f907e75,0x3f867aed,0x3f7a4966,0x3f68e025,0x3f58a43b,
  0x3f498148,0x3f3b644b,0x3f2e3b93,0x3f21f69a,0x3f1685f8,0x3f0bdb57,0x3f01e951,0x3ef146d8,
  0x3edffc04,0x3ecfdc7c,0x3ec0d400,0x3eb2cfaf,0x3ea5bdf9,0x3e998e73,0x3e8e31d4,0x3e8399d6,
  0x3e737268,0x3e61070a,0x3e4fda72,0x3e3fd71a,0x3e30e8e7,0x3e22fd19,0x3e16023c,0x3e09e803,
  0x3dfd3e83,0x3de83395,0x3dd494d7,0x3dc249ad,0x3db13b1e,0x3da153c5,0x3d927faa,0x3d84ac35,
  0x3d6f9010,0x3d5785ef,0x3d411be0,0x3d2c35bd,0x3d18b94f,0x3d068e1e,0x3ceb3ac4,0x3ccba3ad,
  0x3cae2f52,0x3c92b8be,0x3c723af3,0x3c427ac2,0x3c15f501,0x3bd8e39f,0x3b8b7a28,0x3b0698f3,
  0x00000000,0x00000000,0x00000000,0x00000000,0x00000000,0x00000000,0x00000000,0x00000000,
  0x00000000,0x00000000,0x00000000,0x00000000,0x00000000,0x00000000,0x00000000,0x00000000,
  0x00000000,0x00000000,0x00000000,0x00000000,0x00000000,0x00000000,0x00000000,0x00000000,
  0x00000000,0x00000000,0x00000000,0x00000000,0x00000000,0x00000000,0x00000000,0x00000000,
  0x00000000,0x00000000,0x00000000,0x00000000,0x00000000,0x00000000,0x00000000,0x00000000,
  0x00000000,0x00000000,0x00000000,0x00000000,0x00000000,0x00000000,0x00000000,0x00000000,
  0x00000000,0x00000000,0x00000000,0x00000000,0x00000000,0x00000000,0x00000000,0x00000000,
  0x00000000,0x00000000,0x00000000,0x00000000,0x00000000,0x00000000,0x00000000,0x00000000,
  0x00000000,0x00000000,0x00000000,0x00000000,0x00000000,0x00000000,0x00000000,0x00000000,
  0x00000000,0x00000000,0x00000000,0x00000000,0x00000000,0x00000000,0x00000000,0x00000000,
  0x00000000,0x00000000,0x00000000,0x00000000,0x00000000,0x00000000,0x00000000,0x00000000,
  0x00000000,0x00000000,0x00000000,0x00000000,0x00000000,0x00000000,0x00000000,0x00000000,
  0x00000000,0x00000000,0x00000000,0x00000000,0x00000000,0x00000000,0x00000000,0x00000000,
  0x00000000,0x00000000,0x00000000,0x00000000,0x00000000,0x00000000,0x00000000,0x00000000,
  0x00000000,0x00000000,0x00000000,0x00000000,0x00000000,0x00000000,0x00000000,0x00000000,
  0x00000000,0x00000000,0x00000000,0x00000000,0x00000000,0x00000000,0x00000000,0x00000000,
  0x00000000,0x00000000,0x00000000,0x00000000,0x00000000,0x00000000,0x00000000,0x00000000,
  0x00000000,0x00000000,0x00000000,0x00000000,0x00000000,0x00000000,0x00000000,0x00000000,
  0x00000000,0x00000000,0x00000000,0x00000000,0x00000000,0x00000000,0x00000000,0x00000000,
  0x00000000,0x00000000,0x00000000,0x00000000,0x00000000,0x00000000,0x00000000,0x00000000,
  0x00000000,0x00000000,0x00000000,0x00000000,0x00000000,0x00000000,0x00000000,0x00000000,
  0x00000000,0x00000000,0x00000000,0x00000000,0x00000000,0x00000000,0x00000000,0x00000000,
  0x00000000,0x00000000,0x00000000,0x00000000,0x00000000,0x00000000,0x00000000,0x00000000,
  0x00000000,0x00000000,0x00000000,0x00000000,0x00000000,0x00000000,0x00000000,0x00000000,
};
static const uint32_t JUNO_LUT3[256] = {
  0x3e4a6afe,0x3e3c938b,0x3e2fabac,0x3e23a324,0x3e186ae0,0x3e0df4d0,0x3e0433c8,0x3df63727,
  0x3de5418b,0x3dd57170,0x3dc6b306,0x3db8f3c9,0x3dac2277,0x3da02ef9,0x3d950a55,0x3d8aa68c,
  0x3d80f695,0x3d6fdc89,0x3d5f0493,0x3d4f5021,0x3d40ab7b,0x3d330446,0x3d26495e,0x3d1a6ac7,
  0x3d0f599c,0x3d0507fd,0x3cf6d1eb,0x3ce4e0e0,0x3cd4265d,0x3cc48d61,0x3cb60257,0x3ca872fe,
  0x3c9bce57,0x3c900481,0x3c8506af,0x3c758e36,0x3c6271cb,0x3c50a020,0x3c4002dc,0x3c308523,
  0x3c221387,0x3c149be4,0x3c080d56,0x3bf8b03a,0x3be2db07,0x3bce7fb5,0x3bbb84b1,0x3ba9d22f,
  0x3b9951f5,0x3b89ef51,0x3b772dec,0x3b5c6dbf,0x3b437c8d,0x3b2c3b08,0x3b168c03,0x3b025446,
  0x3adef4e4,0x3abbcdc0,0x3a9b0702,0x3a78ef0d,0x3a3ff1ed,0x3a0acf1e,0x39b287e1,0x392c48e5,
  0x00000000,0x00000000,0x00000000,0x00000000,0x00000000,0x00000000,0x00000000,0x00000000,
  0x00000000,0x00000000,0x00000000,0x00000000,0x00000000,0x00000000,0x00000000,0x00000000,
  0x00000000,0x00000000,0x00000000,0x00000000,0x00000000,0x00000000,0x00000000,0x00000000,
  0x00000000,0x00000000,0x00000000,0x00000000,0x00000000,0x00000000,0x00000000,0x00000000,
  0x00000000,0x00000000,0x00000000,0x00000000,0x00000000,0x00000000,0x00000000,0x00000000,
  0x00000000,0x00000000,0x00000000,0x00000000,0x00000000,0x00000000,0x00000000,0x00000000,
  0x00000000,0x00000000,0x00000000,0x00000000,0x00000000,0x00000000,0x00000000,0x00000000,
  0x00000000,0x00000000,0x00000000,0x00000000,0x00000000,0x00000000,0x00000000,0x00000000,
  0x00000000,0x00000000,0x00000000,0x00000000,0x00000000,0x00000000,0x00000000,0x00000000,
  0x00000000,0x00000000,0x00000000,0x00000000,0x00000000,0x00000000,0x00000000,0x00000000,
  0x00000000,0x00000000,0x00000000,0x00000000,0x00000000,0x00000000,0x00000000,0x00000000,
  0x00000000,0x00000000,0x00000000,0x00000000,0x00000000,0x00000000,0x00000000,0x00000000,
  0x00000000,0x00000000,0x00000000,0x00000000,0x00000000,0x00000000,0x00000000,0x00000000,
  0x00000000,0x00000000,0x00000000,0x00000000,0x00000000,0x00000000,0x00000000,0x00000000,
  0x00000000,0x00000000,0x00000000,0x00000000,0x00000000,0x00000000,0x00000000,0x00000000,
  0x00000000,0x00000000,0x00000000,0x00000000,0x00000000,0x00000000,0x00000000,0x00000000,
  0x00000000,0x00000000,0x00000000,0x00000000,0x00000000,0x00000000,0x00000000,0x00000000,
  0x00000000,0x00000000,0x00000000,0x00000000,0x00000000,0x00000000,0x00000000,0x00000000,
  0x00000000,0x00000000,0x00000000,0x00000000,0x00000000,0x00000000,0x00000000,0x00000000,
  0x00000000,0x00000000,0x00000000,0x00000000,0x00000000,0x00000000,0x00000000,0x00000000,
  0x00000000,0x00000000,0x00000000,0x00000000,0x00000000,0x00000000,0x00000000,0x00000000,
  0x00000000,0x00000000,0x00000000,0x00000000,0x00000000,0x00000000,0x00000000,0x00000000,
  0x00000000,0x00000000,0x00000000,0x00000000,0x00000000,0x00000000,0x00000000,0x00000000,
  0x00000000,0x00000000,0x00000000,0x00000000,0x00000000,0x00000000,0x00000000,0x00000000,
};
static const uint32_t JUNO_LUT4[24] = {
  0x3daaaaab,0x3e2aaaab,0x3e800000,0x3eaaaaab,0x3ed55555,0x3f000000,0x3f155555,0x3f2aaaab,
  0x3f400000,0x3f555555,0x3f6aaaab,0x3f800000,0x3f8aaaab,0x3f955555,0x3fa00000,0x3faaaaab,
  0x3fb55555,0x3fc00000,0x3fcaaaab,0x3fd55555,0x3fe00000,0x3feaaaab,0x3ff55555,0x40000000,
};
static const uint32_t JUNO_LUT5[6] = {
  0x3e000000,0x3e800000,0x3f000000,0x3f800000,0x40000000,0x40800000
};
static const uint32_t JUNO_LUT6[21] = {
  0xbd07d9f2,0xbcf43fe6,0xbcd8dc33,0xbcbd88b5,0xbca2455b,0xbc871211,0xbc57dd88,0xbc21b6c4,
  0xbbd75f5d,0xbb572091,0x00000000,0x3b56a38c,0x3bd66551,0x3c209d75,0x3c55e96c,0x3c858b59,
  0x3ca012b4,0x3cba8ad9,0x3cd4f3da,0x3cef4dc8,0x3d04cc5a
};
static const uint32_t JUNO_LUT7[256] = {
  0x3d01499d,0x3c3fc124,0x3be9d3cc,0x3ba76078,0x3b81d8b7,0x3b537906,0x3b31e33a,0x3b192888,
  0x3b0631cf,0x3aee6345,0x3ad61183,0x3ac1f5fb,0x3ab10fd9,0x3aa2a9c9,0x3a964037,0x3a8b7141,
  0x3a81f2a3,0x3a7315f6,0x3a641a78,0x3a56ab18,0x3a4a8e11,0x3a3f9452,0x3a35971e,0x3a2c764a,
  0x3a2416e4,0x3a1c6234,0x3a1544eb,0x3a0eae87,0x3a0890d5,0x3a02df8f,0x39fb2014,0x39f131e4,
  0x39e7e437,0x39df28a6,0x39d6f273,0x39cf3652,0x39c7ea32,0x39c10514,0x39ba7eed,0x39b45078,
  0x39ae7330,0x39a8e12f,0x39a3951b,0x399e8a1b,0x3999bbc3,0x3995260c,0x3990c547,0x398c9613,
  0x3988955c,0x3984c046,0x39811434,0x397b1d7a,0x39745b4a,0x396dddb4,0x3967a0ee,0x3961a165,
  0x395bdbce,0x39564d1b,0x3950f270,0x394bc922,0x3946ceb9,0x394200dd,0x393d5d63,0x3938e240,
  0x39348d8e,0x39305d84,0x392c506f,0x392864ba,0x392498e6,0x3920eb90,0x391d5b61,0x3919e71a,
  0x39168d8d,0x39134d9d,0x3910263c,0x390d1668,0x390a1d31,0x390739b0,0x39046b0c,0x3901b076,
  0x38fe1253,0x38f8e8d8,0x38f3e319,0x38eeffc0,0x38ea3d8e,0x38e59b52,0x38e117e4,0x38dcb232,
  0x38d8692d,0x38d43bd8,0x38d02946,0x38cc3088,0x38c850c4,0x38c48925,0x38c0d8e0,0x38bd3f34,
  0x38b9bb66,0x38b64cc2,0x38b2f29f,0x38afac58,0x38ac794f,0x38a958ef,0x38a64aa3,0x38a34de3,
  0x38a06229,0x389d86f2,0x389abbc4,0x38980025,0x389553a5,0x3892b5d5,0x3890264b,0x388da49e,
  0x388b306c,0x3888c959,0x38866f05,0x38842119,0x3881df41,0x387f524f,0x387afcff,0x3876bdf3,
  0x3872949b,0x386e8065,0x386a80c5,0x38669535,0x3862bd37,0x385ef847,0x385b45f4,0x3857a5bf,
  0x3854173b,0x385099fa,0x384d2d8f,0x3849d192,0x384685a3,0x3843495b,0x38401c62,0x383cfe57,
  0x3839eee3,0x3836edb3,0x3833fa6d,0x383114c5,0x382e3c6d,0x382b7117,0x3828b278,0x38260048,
  0x38235a44,0x3820c023,0x381e31a6,0x381bae8d,0x3819369a,0x3816c98e,0x3814672e,0x38120f42,
  0x380fc191,0x380d7de8,0x380b440c,0x380913ce,0x3806ecf9,0x3804cf5e,0x3802bacd,0x3800af16,
  0x37fd581d,0x37f96312,0x37f57eb2,0x37f1aab1,0x37ede6b5,0x37ea3273,0x37e68d9c,0x37e2f7e7,
  0x37df7102,0x37dbf8b0,0x37d88ea3,0x37d5329a,0x37d1e44e,0x37cea381,0x37cb6ff3,0x37c84962,
  0x37c52f98,0x37c22254,0x37bf215c,0x37bc2c7b,0x37b94374,0x37b66614,0x37b39425,0x37b0cd76,
  0x37ae11d0,0x37ab6104,0x37a8badf,0x37a61f34,0x37a38dd7,0x37a10694,0x379e8943,0x379c15bb,
  0x3799abc9,0x37974b4b,0x3794f417,0x3792a600,0x379060e8,0x378e24a1,0x378bf107,0x3789c5f7,
  0x3787a34f,0x378588e6,0x3783769d,0x37816c54,0x377ed3cb,0x377ade67,0x3776f83d,0x3773210e,
  0x376f5899,0x376b9ea7,0x3767f2fc,0x3764555a,0x3760c58d,0x375d435b,0x3759ce90,0x375666f8,
  0x37530c56,0x374fbe80,0x374c7d40,0x37494862,0x37461fb9,0x37430310,0x373ff23d,0x373ced11,
  0x3739f35f,0x373704f7,0x373421b1,0x37314963,0x372e7be0,0x372bb8fc,0x37290097,0x37265281,
  0x3723ae96,0x372114af,0x371e84a7,0x371bfe58,0x37198199,0x37170e4f,0x3714a44d,0x37124379,
  0x370febab,0x370d9cc1,0x370b569e,0x3709191e,0x3706e422,0x3704b78a,0x37029339,0x3700770c,
  0x36fcc5d0,0x36f8ad63,0x36f4a48d,0x36f0ab1c,0x36ecc0d4,0x36e8e582,0x36e518e7,0x36e15ad5,
};
static const uint32_t JUNO_LUT8[4] = {
  0x00000000,0x00000000,0x00000000,0x40400000
};
static const uint32_t JUNO_LUT9[4] = {
  0x00000000,0x40400000,0x00000000,0x00000000
};
static const uint32_t JUNO_LUT10[4] = {
  0x00000000,0x00000000,0x40400000,0x00000000
};
static const uint32_t JUNO_LUT11[128] = {
  0x00000000,0x3bb40000,0x3c340000,0x3c870000,0x3cb50000,0x3ce30000,0x3d088000,0x3d1f8000,
  0x3d370000,0x3d4e0000,0x3d658000,0x3d7d8000,0x3d8a8000,0x3d968000,0x3da28000,0x3daec000,
  0x3dbac000,0x3dc70000,0x3dd38000,0x3ddfc000,0x3dec4000,0x3df8c000,0x3e02a000,0x3e090000,
  0x3e0f4000,0x3e15a000,0x3e1c2000,0x3e22a000,0x3e290000,0x3e2fa000,0x3e362000,0x3e3cc000,
  0x3e436000,0x3e4a0000,0x3e50c000,0x3e578000,0x3e5e4000,0x3e652000,0x3e6c0000,0x3e72e000,
  0x3e79c000,0x3e806000,0x3e83e000,0x3e877000,0x3e8af000,0x3e8e8000,0x3e922000,0x3e95b000,
  0x3e995000,0x3e9cf000,0x3ea0a000,0x3ea45000,0x3ea80000,0x3eabc000,0x3eaf8000,0x3eb34000,
  0x3eb70000,0x3ebad000,0x3ebea000,0x3ec28000,0x3ec66000,0x3eca4000,0x3ece2000,0x3ed21000,
  0x3ed60000,0x3eda0000,0x3ede0000,0x3ee20000,0x3ee61000,0x3eea2000,0x3eee3000,0x3ef25000,
  0x3ef67000,0x3efa9000,0x3efec000,0x3f017800,0x3f039800,0x3f05b800,0x3f07d800,0x3f09f800,
  0x3f0c2000,0x3f0e5000,0x3f108000,0x3f12b000,0x3f14e000,0x3f171800,0x3f195000,0x3f1b9000,
  0x3f1dd000,0x3f201800,0x3f225800,0x3f24a800,0x3f26f000,0x3f294000,0x3f2b9800,0x3f2df000,
  0x3f304800,0x3f32a800,0x3f350800,0x3f376800,0x3f39d000,0x3f3c4000,0x3f3eb000,0x3f412000,
  0x3f439000,0x3f460800,0x3f488800,0x3f4b0800,0x3f4d8800,0x3f501000,0x3f529800,0x3f552800,
  0x3f57b800,0x3f5a5000,0x3f5ce800,0x3f5f8000,0x3f622000,0x3f64c800,0x3f677000,0x3f6a1800,
  0x3f6cc800,0x3f6f7800,0x3f723000,0x3f74e800,0x3f77a800,0x3f7a6800,0x3f7d3000,0x3f7ff800,
};
static const uint32_t JUNO_LUT12[256] = {
  0x400b51da,0x40000000,0x3ff86001,0x3ff0c000,0x3fe98000,0x3fe24000,0x3fdc9fff,0x3fd70000,
  0x3fd21fff,0x3fcd4000,0x3fc8e001,0x3fc48000,0x3fc0c000,0x3fbd0000,0x3fba4000,0x3fb78000,
  0x3fb46000,0x3fb14000,0x3fae4001,0x3fab4000,0x3fa94001,0x3fa74000,0x3fa4a000,0x3fa1ffff,
  0x3fa04000,0x3f9e8000,0x3f9cc001,0x3f9b0000,0x3f98e000,0x3f96bfff,0x3f954001,0x3f93c000,
  0x3f91a000,0x3f8f8000,0x3f8e4000,0x3f8d0000,0x3f8ba000,0x3f8a4000,0x3f886000,0x3f868000,
  0x3f856000,0x3f844000,0x3f832000,0x3f820000,0x3f80e000,0x3f7f8000,0x3f7c4000,0x3f790000,
  0x3f770000,0x3f750000,0x3f730000,0x3f710000,0x3f6f0000,0x3f6d0000,0x3f610000,0x3f550000,
  0x3f534000,0x3f518000,0x3f4f8000,0x3f4d8000,0x3f4bc000,0x3f4a0000,0x3f518000,0x3f590000,
  0x3f570000,0x3f550000,0x3f534000,0x3f518000,0x3f4fc000,0x3f4e0000,0x3f4c0000,0x3f4a0000,
  0x3f484000,0x3f468000,0x3f44c000,0x3f430000,0x3f414000,0x3f3f8000,0x3f3dc000,0x3f3c0001,
  0x3f3a8000,0x3f390000,0x3f373fff,0x3f358000,0x3f33c000,0x3f320001,0x3f308000,0x3f2f0000,
  0x3f2d8000,0x3f2bffff,0x3f2a8001,0x3f290000,0x3f274000,0x3f258001,0x3f240000,0x3f228000,
  0x3f210000,0x3f1f7fff,0x3f1e3fff,0x3f1cffff,0x3f1b8001,0x3f1a0000,0x3f188000,0x3f170000,
  0x3f15c000,0x3f148000,0x3f12ffff,0x3f118001,0x3f104001,0x3f0f0001,0x3f0dc001,0x3f0c8001,
  0x3f0b4000,0x3f0a0000,0x3f08c000,0x3f078000,0x3f064000,0x3f050000,0x3f038000,0x3f020000,
  0x3f010000,0x3f000000,0x3efd8000,0x3efb0000,0x3ef90000,0x3ef70000,0x3ef48000,0x3ef20000,
  0x3ef00000,0x3eee0000,0x3eeb8000,0x3ee90000,0x3ee70000,0x3ee50000,0x3ee30000,0x3ee10000,
  0x3edf0000,0x3edd0000,0x3edb0000,0x3ed90000,0x3ed70000,0x3ed50000,0x3ed30000,0x3ed10000,
  0x3ecf0000,0x3ecd0000,0x3ecb8000,0x3eca0000,0x3ec80000,0x3ec60000,0x3ec40000,0x3ec20000,
  0x3ec08000,0x3ebf0000,0x3ebd0000,0x3ebaffff,0x3eb98001,0x3eb80000,0x3eb68000,0x3eb50000,
  0x3eb30000,0x3eb0ffff,0x3eaf8001,0x3eae0000,0x3eac8000,0x3eab0000,0x3ea97fff,0x3ea80001,
  0x3ea68000,0x3ea50000,0x3ea38000,0x3ea1ffff,0x3ea08001,0x3e9f0000,0x3e9d8000,0x3e9c0000,
  0x3e9a7fff,0x3e990001,0x3e978000,0x3e960000,0x3e950000,0x3e940001,0x3e928000,0x3e910000,
  0x3e8f8000,0x3e8dffff,0x3e8d0000,0x3e8c0000,0x3e8a8000,0x3e890000,0x3e878000,0x3e860000,
  0x3e850000,0x3e840000,0x3e830000,0x3e820000,0x3e808000,0x3e7e0000,0x3e7c0000,0x3e7a0000,
  0x3e770000,0x3e740000,0x3e720000,0x3e700000,0x3e6e0000,0x3e6c0000,0x3e690000,0x3e660000,
  0x3e640000,0x3e620000,0x3e600000,0x3e5e0000,0x3e5b0000,0x3e580000,0x3e560000,0x3e540000,
  0x3e520000,0x3e500000,0x3e4e0000,0x3e4c0000,0x3e4a0000,0x3e480000,0x3e450000,0x3e420000,
  0x3e400000,0x3e3e0000,0x3e3c0001,0x3e3a0000,0x3e380000,0x3e35ffff,0x3e340000,0x3e320001,
  0x3e300000,0x3e2e0000,0x3e2bffff,0x3e2a0000,0x3e280001,0x3e260000,0x3e240000,0x3e21ffff,
  0x3e1f0000,0x3e1c0000,0x3e1a0000,0x3e17ffff,0x3e160000,0x3e140001,0x3e120000,0x3e100000,
  0x3e0dffff,0x3e0c0000,0x3e0a0000,0x3e080000,0x3e060000,0x3e040000,0x3e020000,0x3e000000,
};
static const uint32_t JUNO_LUT13[256] = {
  0x40000000,0x3feb3333,0x3fe431cd,0x3fdd3066,0x3fd68733,0x3fcfde00,0x3fcab2ff,0x3fc58800,
  0x3fc10d66,0x3fbc92cd,0x3fb88dcd,0x3fb488cd,0x3fb116cd,0x3fada4cd,0x3fab1e00,0x3fa89733,
  0x3fa5b833,0x3fa2d933,0x3fa0179a,0x3f9d5600,0x3f9b7f9a,0x3f99a933,0x3f973fcd,0x3f94d666,
  0x3f933acd,0x3f919f33,0x3f90039a,0x3f8e6800,0x3f8c7433,0x3f8a8066,0x3f891f9a,0x3f87becd,
  0x3f85cb00,0x3f83d733,0x3f82b133,0x3f818b33,0x3f8047cd,0x3f7e08cd,0x3f7a96cd,0x3f7724cd,
  0x3f75139a,0x3f730266,0x3f70f133,0x3f6ee000,0x3f6ccecd,0x3f6abd9a,0x3f67c133,0x3f64c4cd,
  0x3f62ee66,0x3f611800,0x3f5f419a,0x3f5d6b33,0x3f5b94cd,0x3f59be66,0x3f4eb800,0x3f43b19a,
  0x3f421600,0x3f407a66,0x3f3ea400,0x3f3ccd9a,0x3f3b3200,0x3f399666,0x3f407a66,0x3f475e66,
  0x3f458800,0x3f43b19a,0x3f421600,0x3f407a66,0x3f3edecd,0x3f3d4333,0x3f3b6ccd,0x3f399666,
  0x3f37facd,0x3f365f33,0x3f34c39a,0x3f332800,0x3f318c66,0x3f2ff0cd,0x3f2e5533,0x3f2cb99a,
  0x3f2b58cd,0x3f29f800,0x3f285c66,0x3f26c0cd,0x3f252533,0x3f23899a,0x3f2228cd,0x3f20c800,
  0x3f1f6733,0x3f1e0666,0x3f1ca59a,0x3f1b44cd,0x3f19a933,0x3f180d9a,0x3f16accd,0x3f154c00,
  0x3f13eb33,0x3f128a66,0x3f116466,0x3f103e66,0x3f0edd9a,0x3f0d7ccd,0x3f0c1c00,0x3f0abb33,
  0x3f099533,0x3f086f33,0x3f070e66,0x3f05ad9a,0x3f04879a,0x3f03619a,0x3f023b9a,0x3f01159a,
  0x3effdf33,0x3efd9333,0x3efb4733,0x3ef8fb33,0x3ef6af33,0x3ef46333,0x3ef1a19a,0x3eeee000,
  0x3eed099a,0x3eeb3333,0x3ee8e733,0x3ee69b33,0x3ee4c4cd,0x3ee2ee66,0x3ee0a266,0x3ede5666,
  0x3edc8000,0x3edaa99a,0x3ed85d9a,0x3ed6119a,0x3ed43b33,0x3ed264cd,0x3ed08e66,0x3eceb800,
  0x3ecce19a,0x3ecb0b33,0x3ec934cd,0x3ec75e66,0x3ec58800,0x3ec3b19a,0x3ec1db33,0x3ec004cd,
  0x3ebe2e66,0x3ebc5800,0x3ebaf733,0x3eb99666,0x3eb7c000,0x3eb5e99a,0x3eb41333,0x3eb23ccd,
  0x3eb0dc00,0x3eaf7b33,0x3eada4cd,0x3eabce66,0x3eaa6d9a,0x3ea90ccd,0x3ea7ac00,0x3ea64b33,
  0x3ea474cd,0x3ea29e66,0x3ea13d9a,0x3e9fdccd,0x3e9e7c00,0x3e9d1b33,0x3e9bba66,0x3e9a599a,
  0x3e98f8cd,0x3e979800,0x3e963733,0x3e94d666,0x3e93759a,0x3e9214cd,0x3e90b400,0x3e8f5333,
  0x3e8df266,0x3e8c919a,0x3e8b30cd,0x3e89d000,0x3e88e4cd,0x3e87f99a,0x3e8698cd,0x3e853800,
  0x3e83d733,0x3e827666,0x3e818b33,0x3e80a000,0x3e7e7e66,0x3e7bbccd,0x3e78fb33,0x3e76399a,
  0x3e746333,0x3e728ccd,0x3e70b666,0x3e6ee000,0x3e6c1e66,0x3e695ccd,0x3e678666,0x3e65b000,
  0x3e62ee66,0x3e602ccd,0x3e5e5666,0x3e5c8000,0x3e5aa99a,0x3e58d333,0x3e56119a,0x3e535000,
  0x3e51799a,0x3e4fa333,0x3e4dcccd,0x3e4bf666,0x3e4934cd,0x3e467333,0x3e449ccd,0x3e42c666,
  0x3e40f000,0x3e3f199a,0x3e3d4333,0x3e3b6ccd,0x3e399666,0x3e37c000,0x3e34fe66,0x3e323ccd,
  0x3e306666,0x3e2e9000,0x3e2cb99a,0x3e2ae333,0x3e290ccd,0x3e273666,0x3e256000,0x3e23899a,
  0x3e21b333,0x3e1fdccd,0x3e1e0666,0x3e1c3000,0x3e1a599a,0x3e188333,0x3e16accd,0x3e14d666,
  0x3e1214cd,0x3e0f5333,0x3e0d7ccd,0x3e0ba666,0x3e09d000,0x3e07f99a,0x3e062333,0x3e044ccd,
  0x3e027666,0x3e00a000,0x3dfd9333,0x3df9e666,0x3df6399a,0x3df28ccd,0x3deee000,0x3deb3333,
};
static const uint32_t JUNO_LUT14[256] = {
  0x3f800000,0x3f6b3333,0x3f6431cd,0x3f5d3066,0x3f568733,0x3f4fde00,0x3f4ab2ff,0x3f458800,
  0x3f410d66,0x3f3c92cd,0x3f388dcd,0x3f3488cd,0x3f3116cd,0x3f2da4cd,0x3f2b1e00,0x3f289733,
  0x3f25b833,0x3f22d933,0x3f20179a,0x3f1d5600,0x3f1b7f9a,0x3f19a933,0x3f173fcd,0x3f14d666,
  0x3f133acd,0x3f119f33,0x3f10039a,0x3f0e6800,0x3f0c7433,0x3f0a8066,0x3f091f9a,0x3f07becd,
  0x3f05cb00,0x3f03d733,0x3f02b133,0x3f018b33,0x3f0047cd,0x3efe08cd,0x3efa96cd,0x3ef724cd,
  0x3ef5139a,0x3ef30266,0x3ef0f133,0x3eeee000,0x3eeccecd,0x3eeabd9a,0x3ee7c133,0x3ee4c4cd,
  0x3ee2ee66,0x3ee11800,0x3edf419a,0x3edd6b33,0x3edb94cd,0x3ed9be66,0x3eceb800,0x3ec3b19a,
  0x3ec21600,0x3ec07a66,0x3ebea400,0x3ebccd9a,0x3ebb3200,0x3eb99666,0x3ec07a66,0x3ec75e66,
  0x3ec58800,0x3ec3b19a,0x3ec21600,0x3ec07a66,0x3ebedecd,0x3ebd4333,0x3ebb6ccd,0x3eb99666,
  0x3eb7facd,0x3eb65f33,0x3eb4c39a,0x3eb32800,0x3eb18c66,0x3eaff0cd,0x3eae5533,0x3eacb99a,
  0x3eab58cd,0x3ea9f800,0x3ea85c66,0x3ea6c0cd,0x3ea52533,0x3ea3899a,0x3ea228cd,0x3ea0c800,
  0x3e9f6733,0x3e9e0666,0x3e9ca59a,0x3e9b44cd,0x3e99a933,0x3e980d9a,0x3e96accd,0x3e954c00,
  0x3e93eb33,0x3e928a66,0x3e916466,0x3e903e66,0x3e8edd9a,0x3e8d7ccd,0x3e8c1c00,0x3e8abb33,
  0x3e899533,0x3e886f33,0x3e870e66,0x3e85ad9a,0x3e84879a,0x3e83619a,0x3e823b9a,0x3e81159a,
  0x3e7fdf33,0x3e7d9333,0x3e7b4733,0x3e78fb33,0x3e76af33,0x3e746333,0x3e71a19a,0x3e6ee000,
  0x3e6d099a,0x3e6b3333,0x3e68e733,0x3e669b33,0x3e64c4cd,0x3e62ee66,0x3e60a266,0x3e5e5666,
  0x3e5c8000,0x3e5aa99a,0x3e585d9a,0x3e56119a,0x3e543b33,0x3e5264cd,0x3e508e66,0x3e4eb800,
  0x3e4ce19a,0x3e4b0b33,0x3e4934cd,0x3e475e66,0x3e458800,0x3e43b19a,0x3e41db33,0x3e4004cd,
  0x3e3e2e66,0x3e3c5800,0x3e3af733,0x3e399666,0x3e37c000,0x3e35e99a,0x3e341333,0x3e323ccd,
  0x3e30dc00,0x3e2f7b33,0x3e2da4cd,0x3e2bce66,0x3e2a6d9a,0x3e290ccd,0x3e27ac00,0x3e264b33,
  0x3e2474cd,0x3e229e66,0x3e213d9a,0x3e1fdccd,0x3e1e7c00,0x3e1d1b33,0x3e1bba66,0x3e1a599a,
  0x3e18f8cd,0x3e179800,0x3e163733,0x3e14d666,0x3e13759a,0x3e1214cd,0x3e10b400,0x3e0f5333,
  0x3e0df266,0x3e0c919a,0x3e0b30cd,0x3e09d000,0x3e08e4cd,0x3e07f99a,0x3e0698cd,0x3e053800,
  0x3e03d733,0x3e027666,0x3e018b33,0x3e00a000,0x3dfe7e66,0x3dfbbccd,0x3df8fb33,0x3df6399a,
  0x3df46333,0x3df28ccd,0x3df0b666,0x3deee000,0x3dec1e66,0x3de95ccd,0x3de78666,0x3de5b000,
  0x3de2ee66,0x3de02ccd,0x3dde5666,0x3ddc8000,0x3ddaa99a,0x3dd8d333,0x3dd6119a,0x3dd35000,
  0x3dd1799a,0x3dcfa333,0x3dcdcccd,0x3dcbf666,0x3dc934cd,0x3dc67333,0x3dc49ccd,0x3dc2c666,
  0x3dc0f000,0x3dbf199a,0x3dbd4333,0x3dbb6ccd,0x3db99666,0x3db7c000,0x3db4fe66,0x3db23ccd,
  0x3db06666,0x3dae9000,0x3dacb99a,0x3daae333,0x3da90ccd,0x3da73666,0x3da56000,0x3da3899a,
  0x3da1b333,0x3d9fdccd,0x3d9e0666,0x3d9c3000,0x3d9a599a,0x3d988333,0x3d96accd,0x3d94d666,
  0x3d9214cd,0x3d8f5333,0x3d8d7ccd,0x3d8ba666,0x3d89d000,0x3d87f99a,0x3d862333,0x3d844ccd,
  0x3d827666,0x3d80a000,0x3d7d9333,0x3d79e666,0x3d76399a,0x3d728ccd,0x3d6ee000,0x3d6b3333,
};
static const uint32_t JUNO_LUT15[256] = {
  0x3d41583f,0x3d452dc2,0x3d49174f,0x3d4d1551,0x3d512834,0x3d55506d,0x3d598e69,0x3d5de2a2,
  0x3d624d8d,0x3d66cfa7,0x3d6b696c,0x3d701b59,0x3d74e5f5,0x3d79c9bf,0x3d7ec746,0x3d81ef87,
  0x3d8488d5,0x3d872fd4,0x3d89e4cf,0x3d8ca80f,0x3d8f79e4,0x3d925a9a,0x3d954a85,0x3d9849f4,
  0x3d9b593a,0x3d9e78af,0x3da1a8a9,0x3da4e982,0x3da83b93,0x3dab9f3c,0x3daf14d8,0x3db29cca,
  0x3db63772,0x3db9e539,0x3dbda682,0x3dc17bb5,0x3dc56542,0x3dc96393,0x3dcd7715,0x3dd1a03e,
  0x3dd5df7d,0x3dda354c,0x3ddea222,0x3de32679,0x3de7c2d0,0x3dec77a5,0x3df1457a,0x3df62cd3,
  0x3dfb2e38,0x3e00251a,0x3e02c0a9,0x3e056a10,0x3e082199,0x3e0ae78c,0x3e0dbc37,0x3e109fe4,
  0x3e1392e2,0x3e169584,0x3e19a817,0x3e1ccaec,0x3e1ffe5e,0x3e2342b9,0x3e26985c,0x3e29ff9a,
  0x3e2d78d0,0x3e310454,0x3e34a286,0x3e3853c5,0x3e3c186e,0x3e3ff0e0,0x3e43dd80,0x3e47deb3,
  0x3e4bf4db,0x3e50205e,0x3e5461a4,0x3e58b918,0x3e5d2724,0x3e61ac32,0x3e6648ae,0x3e6afd09,
  0x3e6fc9b1,0x3e74af15,0x3e79adaa,0x3e7ec5dd,0x3e81fc15,0x3e84a27f,0x3e875667,0x3e8a180b,
  0x3e8ce7a4,0x3e8fc56f,0x3e92b1a7,0x3e95ac88,0x3e98b651,0x3e9bcf3b,0x3e9ef784,0x3ea22f69,
  0x3ea57724,0x3ea8cef4,0x3eac3713,0x3eafafbf,0x3eb33931,0x3eb6d3a5,0x3eba7f55,0x3ebe3c7a,
  0x3ec20b4b,0x3ec5ec03,0x3ec9ded8,0x3ecde400,0x3ed1fbad,0x3ed62614,0x3eda6362,0x3edeb3ce,
  0x3ee31781,0x3ee78ea6,0x3eec1968,0x3ef0b7f1,0x3ef56a63,0x3efa30e0,0x3eff0b87,0x3f01fd3a,
  0x3f047ee1,0x3f070ac1,0x3f09a0e5,0x3f0c4153,0x3f0eec10,0x3f11a11f,0x3f14607f,0x3f172a30,
  0x3f19fe2c,0x3f1cdc6d,0x3f1fc4ea,0x3f22b793,0x3f25b45b,0x3f28bb30,0x3f2bcbf9,0x3f2ee69f,
  0x3f320b07,0x3f353910,0x3f387094,0x3f3bb16f,0x3f3efb75,0x3f424e77,0x3f45aa41,0x3f490e9e,
  0x3f4c7b54,0x3f4ff022,0x3f536cc5,0x3f56f0f8,0x3f5a7c6e,0x3f5e0ed5,0x3f61a7dc,0x3f65472a,
  0x3f68ec64,0x3f6c9728,0x3f70470f,0x3f73fbb5,0x3f77b4ac,0x3f7b7182,0x3f7f31c5,0x3f817a7e,
  0x3f835d56,0x3f85412b,0x3f8725be,0x3f890acb,0x3f8af00f,0x3f8cd546,0x3f8eba2b,0x3f909e76,
  0x3f9281e0,0x3f946421,0x3f9644f0,0x3f982406,0x3f9a0117,0x3f9bdbdd,0x3f9db40f,0x3f9f8963,
  0x3fa15b90,0x3fa32a52,0x3fa4f561,0x3fa6bc77,0x3fa87f52,0x3faa3dae,0x3fabf74b,0x3fadabe9,
  0x3faf5b4b,0x3fb10535,0x3fb2a96f,0x3fb447c1,0x3fb5dff8,0x3fb771e4,0x3fb8fd51,0x3fba8217,
  0x3fbc000b,0x3fbd7707,0x3fbee6e8,0x3fc00000,0x3fc00000,0x3fc00000,0x3fc00000,0x3fc00000,
  0x3fc00000,0x3fc00000,0x3fc00000,0x3fc00000,0x3fc00000,0x3fc00000,0x3fc00000,0x3fc00000,
  0x3fc00000,0x3fc00000,0x3fc00000,0x3fc00000,0x3fc00000,0x3fc00000,0x3fc00000,0x3fc00000,
  0x3fc00000,0x3fc00000,0x3fc00000,0x3fc00000,0x3fc00000,0x3fc00000,0x3fc00000,0x3fc00000,
  0x3fc00000,0x3fc00000,0x3fc00000,0x3fc00000,0x3fc00000,0x3fc00000,0x3fc00000,0x3fc00000,
  0x3fc00000,0x3fc00000,0x3fc00000,0x3fc00000,0x3fc00000,0x3fc00000,0x3fc00000,0x3fc00000,
  0x3fc00000,0x3fc00000,0x3fc00000,0x3fc00000,0x3fc00000,0x3fc00000,0x3fc00000,0x3fc00000,
  0x3fc00000,0x3fc00000,0x3fc00000,0x3fc00000,0x3fc00000,0x3fc00000,0x3fc00000,0x3fc00000,
};
static const uint32_t JUNO_LUT16[256] = {
  0x3d31a355,0x3d352923,0x3d38c15c,0x3d3c6c5f,0x3d402a92,0x3d43fc60,0x3d47e22e,0x3d4bdc6a,
  0x3d4feb82,0x3d540fe7,0x3d584a0b,0x3d5c9a63,0x3d610169,0x3d657f93,0x3d6a1563,0x3d6ec353,
  0x3d7389ee,0x3d7869b0,0x3d7d6324,0x3d813b6b,0x3d83d2a9,0x3d867796,0x3d892a7a,0x3d8beba1,
  0x3d8ebb58,0x3d9199ee,0x3d9487b3,0x3d9784f8,0x3d9a9212,0x3d9daf57,0x3da0dd1b,0x3da41bba,
  0x3da76b8c,0x3daaccf0,0x3dae4045,0x3db1c5e5,0x3db55e3c,0x3db909a9,0x3dbcc892,0x3dc09b61,
  0x3dc48280,0x3dc87e5c,0x3dcc8f63,0x3dd0b605,0x3dd4f2b8,0x3dd945f3,0x3dddb028,0x3de231d4,
  0x3de6cb72,0x3deb7d84,0x3df0488a,0x3df52d07,0x3dfa2b80,0x3dff447d,0x3e023c47,0x3e04e41e,
  0x3e079a0b,0x3e0a5e5a,0x3e0d3155,0x3e101344,0x3e13047b,0x3e160543,0x3e1915ef,0x3e1c36d0,
  0x3e1f683a,0x3e22aa7b,0x3e25fdee,0x3e2962eb,0x3e2cd9c6,0x3e3062d8,0x3e33fe7f,0x3e37ad15,
  0x3e3b6ef9,0x3e3f4487,0x3e432e21,0x3e472c28,0x3e4b3eff,0x3e4f6708,0x3e53a4aa,0x3e57f849,
  0x3e5c624e,0x3e60e321,0x3e657b2b,0x3e6a2ad6,0x3e6ef292,0x3e73d2c6,0x3e78cbdd,0x3e7dde4f,
  0x3e818540,0x3e842874,0x3e86d8f9,0x3e899707,0x3e8c62da,0x3e8f3ca7,0x3e9224a7,0x3e951b14,
  0x3e982026,0x3e9b3417,0x3e9e571e,0x3ea18975,0x3ea4cb53,0x3ea81cf0,0x3eab7e82,0x3eaef044,
  0x3eb27265,0x3eb60521,0x3eb9a8a9,0x3ebd5d33,0x3ec122ef,0x3ec4fa11,0x3ec8e2c5,0x3eccdd3f,
  0x3ed0e9a8,0x3ed5082d,0x3ed938f6,0x3edd7c2f,0x3ee1d1fa,0x3ee63a7a,0x3eeab5d1,0x3eef441b,
  0x3ef3e578,0x3ef899fc,0x3efd61ba,0x3f011e65,0x3f03959c,0x3f061686,0x3f08a127,0x3f0b3581,
  0x3f0dd391,0x3f107b57,0x3f132ccb,0x3f15e7e3,0x3f18ac99,0x3f1b7adc,0x3f1e529c,0x3f2133c8,
  0x3f241e48,0x3f271205,0x3f2a0edf,0x3f2d14bb,0x3f302372,0x3f333ae0,0x3f365ada,0x3f398333,
  0x3f3cb3ba,0x3f3fec3a,0x3f432c79,0x3f46743e,0x3f49c346,0x3f4d194d,0x3f50760b,0x3f53d936,
  0x3f57427c,0x3f5ab18c,0x3f5e260c,0x3f619fa4,0x3f651df3,0x3f68a097,0x3f6c272a,0x3f6fb142,
  0x3f733e75,0x3f76ce51,0x3f7a6065,0x3f7df437,0x3f80c4aa,0x3f828f9f,0x3f845abc,0x3f8625c3,
  0x3f87f071,0x3f89ba86,0x3f8b83c0,0x3f8d4bdd,0x3f8f1299,0x3f90d7b1,0x3f929ae3,0x3f945bec,
  0x3f961a86,0x3f97d672,0x3f998f6c,0x3f9b4532,0x3f9cf786,0x3f9ea627,0x3fa050d7,0x3fa1f758,
  0x3fa3996f,0x3fa536e1,0x3fa6cf76,0x3fa862f8,0x3fa9f132,0x3fab79f3,0x3facfd08,0x3fae7a43,
  0x3faff17c,0x3fb16285,0x3fb2cd3a,0x3fb43177,0x3fb58f18,0x3fb6e601,0x3fb83614,0x3fb97f38,
  0x3fbac156,0x3fbbfc5b,0x3fbd3033,0x3fbe5cd2,0x3fbf822b,0x3fc00000,0x3fc00000,0x3fc00000,
  0x3fc00000,0x3fc00000,0x3fc00000,0x3fc00000,0x3fc00000,0x3fc00000,0x3fc00000,0x3fc00000,
  0x3fc00000,0x3fc00000,0x3fc00000,0x3fc00000,0x3fc00000,0x3fc00000,0x3fc00000,0x3fc00000,
  0x3fc00000,0x3fc00000,0x3fc00000,0x3fc00000,0x3fc00000,0x3fc00000,0x3fc00000,0x3fc00000,
  0x3fc00000,0x3fc00000,0x3fc00000,0x3fc00000,0x3fc00000,0x3fc00000,0x3fc00000,0x3fc00000,
  0x3fc00000,0x3fc00000,0x3fc00000,0x3fc00000,0x3fc00000,0x3fc00000,0x3fc00000,0x3fc00000,
  0x3fc00000,0x3fc00000,0x3fc00000,0x3fc00000,0x3fc00000,0x3fc00000,0x3fc00000,0x3fc00000,
};
static const uint32_t JUNO_LUT17[256] = {
  0x3cb1a602,0x3cb52bf9,0x3cb8c45e,0x3cbc6f90,0x3cc02df5,0x3cc3fff7,0x3cc7e5fd,0x3ccbe074,
  0x3ccfefcc,0x3cd41474,0x3cd84edf,0x3cdc9f82,0x3ce106d8,0x3ce58557,0x3cea1b81,0x3ceec9d1,
  0x3cf390d2,0x3cf87100,0x3cfd6ae7,0x3d013f89,0x3d03d708,0x3d067c3a,0x3d092f67,0x3d0bf0db,
  0x3d0ec0e5,0x3d119fd2,0x3d148df4,0x3d178b9c,0x3d1a991e,0x3d1db6d2,0x3d20e50d,0x3d242429,
  0x3d277481,0x3d2ad673,0x3d2e4a5e,0x3d31d09f,0x3d35699f,0x3d3915c1,0x3d3cd56a,0x3d40a906,
  0x3d4490fd,0x3d488dbf,0x3d4c9fbb,0x3d50c761,0x3d550529,0x3d59598a,0x3d5dc4f7,0x3d6247ee,
  0x3d66e2ed,0x3d6b9676,0x3d70630a,0x3d75492e,0x3d7a496a,0x3d7f6445,0x3d824d29,0x3d84f60e,
  0x3d87ad1b,0x3d8a729b,0x3d8d46da,0x3d902a22,0x3d931cc7,0x3d961f15,0x3d99315f,0x3d9c53f8,
  0x3d9f8736,0x3da2cb69,0x3da620ed,0x3da9881c,0x3dad014c,0x3db08cd9,0x3db42b23,0x3db7dc87,
  0x3dbba165,0x3dbf7a1e,0x3dc36715,0x3dc768b0,0x3dcb7f54,0x3dcfab67,0x3dd3ed55,0x3dd84584,
  0x3ddcb463,0x3de13a5d,0x3de5d7e1,0x3dea8d5d,0x3def5b49,0x3df4420e,0x3df94220,0x3dfe5bfc,
  0x3e01c807,0x3e046f6a,0x3e072460,0x3e09e727,0x3e0cb7fd,0x3e0f971d,0x3e1284c4,0x3e158132,
  0x3e188ca3,0x3e1ba758,0x3e1ed18d,0x3e220b84,0x3e255579,0x3e28afab,0x3e2c1a5a,0x3e2f95c5,
  0x3e332227,0x3e36bfc2,0x3e3a6ed3,0x3e3e2f97,0x3e42024a,0x3e45e729,0x3e49de6e,0x3e4de858,
  0x3e52051b,0x3e5634f3,0x3e5a7816,0x3e5ecebd,0x3e63391b,0x3e67b762,0x3e6c49c5,0x3e70f071,
  0x3e75ab99,0x3e7a7b64,0x3e7f5ffa,0x3e822cc3,0x3e84b416,0x3e874605,0x3e89e2a0,0x3e8c89f5,
  0x3e8f3c0e,0x3e91f8f9,0x3e94c0bb,0x3e979359,0x3e9a70db,0x3e9d5941,0x3ea04c8a,0x3ea34ab4,
  0x3ea653bb,0x3ea96797,0x3eac863b,0x3eafaf9e,0x3eb2e3ae,0x3eb62257,0x3eb96b84,0x3ebcbf1c,
  0x3ec01d02,0x3ec38517,0x3ec6f736,0x3eca733b,0x3ecdf8fa,0x3ed18843,0x3ed520e7,0x3ed8c2af,
  0x3edc6d62,0x3ee020c5,0x3ee3dc91,0x3ee7a088,0x3eeb6c5c,0x3eef3fc2,0x3ef31a67,0x3ef6fbf7,
  0x3efae41c,0x3efed274,0x3f016352,0x3f036020,0x3f055f73,0x3f076114,0x3f0964cb,0x3f0b6a60,
  0x3f0d7195,0x3f0f7a30,0x3f1183f1,0x3f138e9a,0x3f1599e7,0x3f17a599,0x3f19b16b,0x3f1bbd19,
  0x3f1dc85b,0x3f1fd2ee,0x3f21dc8a,0x3f23e4e4,0x3f25ebb8,0x3f27f0bc,0x3f29f3a8,0x3f2bf432,
  0x3f2df211,0x3f2fecfd,0x3f31e4ad,0x3f33d8da,0x3f35c93d,0x3f37b591,0x3f399d8d,0x3f3b80ef,
  0x3f3d5f74,0x3f3f38d9,0x3f410cdc,0x3f42db42,0x3f44a3ca,0x3f46663b,0x3f48225a,0x3f49d7f1,
  0x3f4b86c7,0x3f4d2eac,0x3f4ecf6d,0x3f5068de,0x3f51fad0,0x3f538519,0x3f550793,0x3f56821a,
  0x3f57f48a,0x3f595ec3,0x3f5ac0ab,0x3f5c1a25,0x3f5d6b1a,0x3f5eb376,0x3f5ff326,0x3f612a1b,
  0x3f625847,0x3f637d9f,0x3f649a1e,0x3f65adbd,0x3f66b878,0x3f67ba4e,0x3f68b344,0x3f69a35d,
  0x3f6a8a9c,0x3f6b690e,0x3f6c3ebb,0x3f6d0bb0,0x3f6dcffc,0x3f6e8bae,0x3f6f3edb,0x3f6fe994,
  0x3f708bf0,0x3f712605,0x3f71b7ec,0x3f7241be,0x3f72c397,0x3f733d91,0x3f73afcc,0x3f741a65,
  0x3f747d7b,0x3f74d92e,0x3f752da1,0x3f757af3,0x3f75c147,0x3f7600c0,0x3f763981,0x3f766bad,
  0x3f769769,0x3f76bcd9,0x3f76dc21,0x3f76f568,0x3f7708cf,0x3f77167f,0x3f771e9a,0x3f772145,
};
static const uint32_t JUNO_LUT18[128] = {
  0x00000000,0x3b053a1f,0x3b86721f,0x3bcb84e5,0x3c08ed98,0x3c2cbd76,0x3c513511,0x3c765779,
  0x3c8e13e8,0x3ca154a1,0x3cb4ef87,0x3cc8e640,0x3cdd3a7b,0x3cf1edee,0x3d03812b,0x3d0e3cbc,
  0x3d192a93,0x3d244b9a,0x3d2fa0c1,0x3d3b2afc,0x3d46eb45,0x3d52e297,0x3d5f11f5,0x3d6b7a66,
  0x3d781cf4,0x3d827d58,0x3d890a58,0x3d8fb606,0x3d9680f3,0x3d9d6bb0,0x3da476d4,0x3daba2f4,
  0x3db2f0ad,0x3dba609b,0x3dc1f35e,0x3dc9a99a,0x3dd183f5,0x3dd98318,0x3de1a7b0,0x3de9f26b,
  0x3df263fc,0x3dfafd1a,0x3e01df3f,0x3e065471,0x3e0ade85,0x3e0f7ddc,0x3e1432d9,0x3e18fde2,
  0x3e1ddf5e,0x3e22d7b7,0x3e27e757,0x3e2d0eab,0x3e324e22,0x3e37a62f,0x3e3d1742,0x3e42a1d3,
  0x3e484658,0x3e4e054a,0x3e53df26,0x3e59d46a,0x3e5fe596,0x3e66132c,0x3e6c5db3,0x3e72c5b0,
  0x3e794baf,0x3e7ff03c,0x3e8359f3,0x3e86cb9f,0x3e8a4d6d,0x3e8ddfa8,0x3e91829c,0x3e95369a,
  0x3e98fbef,0x3e9cd2ee,0x3ea0bbe9,0x3ea4b734,0x3ea8c526,0x3eace615,0x3eb11a5a,0x3eb56250,
  0x3eb9be54,0x3ebe2ec2,0x3ec2b3fc,0x3ec74e62,0x3ecbfe56,0x3ed0c440,0x3ed5a084,0x3eda938c,
  0x3edf9dc3,0x3ee4bf95,0x3ee9f970,0x3eef4bc6,0x3ef4b709,0x3efa3bad,0x3effda29,0x3f02c97c,
  0x3f05b349,0x3f08aabc,0x3f0bb013,0x3f0ec391,0x3f11e577,0x3f15160a,0x3f18558c,0x3f1ba446,
  0x3f1f027d,0x3f22707b,0x3f25ee89,0x3f297cf2,0x3f2d1c04,0x3f30cc0c,0x3f348d59,0x3f38603d,
  0x3f3c450a,0x3f403c13,0x3f4445af,0x3f486234,0x3f4c91fb,0x3f50d55e,0x3f552cb8,0x3f599868,
  0x3f5e18cc,0x3f62ae46,0x3f675938,0x3f6c1a07,0x3f70f11a,0x3f75ded7,0x3f7ae3ab,0x3f800000,
};
static const uint32_t JUNO_LUT19[256] = {
  0x00000000,0x3a8419c9,0x3b04b329,0x3b47f431,0x3b85e8b2,0x3ba82617,0x3bcab2fe,0x3bed901f,
  0x3c085f1b,0x3c1a1efe,0x3c2c0819,0x3c3e1acb,0x3c505775,0x3c62be77,0x3c755035,0x3c840689,
  0x3c8d7ab8,0x3c9704dc,0x3ca0a526,0x3caa5bca,0x3cb428fd,0x3cbe0cf2,0x3cc807df,0x3cd219f9,
  0x3cdc4375,0x3ce6848a,0x3cf0dd6e,0x3cfb4e5a,0x3d02ebc2,0x3d083c93,0x3d0d99bb,0x3d130358,
  0x3d187987,0x3d1dfc64,0x3d238c0e,0x3d2928a1,0x3d2ed23c,0x3d3488fe,0x3d3a4d04,0x3d401e6d,
  0x3d45fd59,0x3d4be9e7,0x3d51e436,0x3d57ec67,0x3d5e029a,0x3d6426ef,0x3d6a5987,0x3d709a83,
  0x3d76ea05,0x3d7d482e,0x3d81da90,0x3d85187f,0x3d885df6,0x3d8bab05,0x3d8effbe,0x3d925c33,
  0x3d95c077,0x3d992c9a,0x3d9ca0b0,0x3da01ccb,0x3da3a0fe,0x3da72d5b,0x3daac1f5,0x3dae5edf,
  0x3db2042e,0x3db5b1f3,0x3db96844,0x3dbd2733,0x3dc0eed5,0x3dc4bf3d,0x3dc89881,0x3dcc7ab5,
  0x3dd065ee,0x3dd45a40,0x3dd857c1,0x3ddc5e86,0x3de06ea4,0x3de48831,0x3de8ab44,0x3decd7f2,
  0x3df10e52,0x3df54e79,0x3df99880,0x3dfdec7c,0x3e012542,0x3e035959,0x3e05928d,0x3e07d0ec,
  0x3e0a147f,0x3e0c5d55,0x3e0eab79,0x3e10fef7,0x3e1357dc,0x3e15b634,0x3e181a0c,0x3e1a8371,
  0x3e1cf270,0x3e1f6715,0x3e21e16e,0x3e246188,0x3e26e770,0x3e297335,0x3e2c04e2,0x3e2e9c87,
  0x3e313a31,0x3e33ddee,0x3e3687cc,0x3e3937d9,0x3e3bee25,0x3e3eaabc,0x3e416dae,0x3e44370a,
  0x3e4706de,0x3e49dd3a,0x3e4cba2c,0x3e4f9dc4,0x3e528812,0x3e557925,0x3e58710c,0x3e5b6fd8,
  0x3e5e7599,0x3e61825e,0x3e649638,0x3e67b138,0x3e6ad36e,0x3e6dfcea,0x3e712dbf,0x3e7465fc,
  0x3e77a5b3,0x3e7aecf5,0x3e7e3bd4,0x3e80c931,0x3e827858,0x3e842b68,0x3e85e26a,0x3e879d68,
  0x3e895c6b,0x3e8b1f7b,0x3e8ce6a3,0x3e8eb1ec,0x3e90815f,0x3e925507,0x3e942cec,0x3e960919,
  0x3e97e998,0x3e99ce73,0x3e9bb7b3,0x3e9da564,0x3e9f978f,0x3ea18e3f,0x3ea3897e,0x3ea58957,
  0x3ea78dd4,0x3ea99701,0x3eaba4e8,0x3eadb794,0x3eafcf11,0x3eb1eb69,0x3eb40ca7,0x3eb632d8,
  0x3eb85e06,0x3eba8e3e,0x3ebcc38a,0x3ebefdf7,0x3ec13d91,0x3ec38263,0x3ec5cc7a,0x3ec81be2,
  0x3eca70a7,0x3ecccad6,0x3ecf2a7b,0x3ed18fa3,0x3ed3fa5c,0x3ed66ab0,0x3ed8e0af,0x3edb5c64,
  0x3eddddde,0x3ee06529,0x3ee2f253,0x3ee5856a,0x3ee81e7b,0x3eeabd95,0x3eed62c5,0x3ef00e1a,
  0x3ef2bfa1,0x3ef5776a,0x3ef83582,0x3efaf9f8,0x3efdc4dc,0x3f004b1e,0x3f01b713,0x3f032655,
  0x3f0498ed,0x3f060ee1,0x3f078839,0x3f0904fd,0x3f0a8536,0x3f0c08ea,0x3f0d9023,0x3f0f1ae9,
  0x3f10a943,0x3f123b3a,0x3f13d0d7,0x3f156a21,0x3f170722,0x3f18a7e2,0x3f1a4c6a,0x3f1bf4c2,
  0x3f1da0f3,0x3f1f5107,0x3f210506,0x3f22bcfa,0x3f2478eb,0x3f2638e3,0x3f27fceb,0x3f29c50d,
  0x3f2b9152,0x3f2d61c4,0x3f2f366c,0x3f310f55,0x3f32ec88,0x3f34ce0e,0x3f36b3f3,0x3f389e41,
  0x3f3a8d00,0x3f3c803d,0x3f3e7801,0x3f407457,0x3f427549,0x3f447ae2,0x3f46852d,0x3f489435,
  0x3f4aa804,0x3f4cc0a7,0x3f4ede28,0x3f510092,0x3f5327f1,0x3f555450,0x3f5785bb,0x3f59bc3e,
  0x3f5bf7e5,0x3f5e38ba,0x3f607ecc,0x3f62ca24,0x3f651ad1,0x3f6770de,0x3f69cc58,0x3f6c2d4b,
  0x3f6e93c4,0x3f70ffd0,0x3f73717b,0x3f75e8d4,0x3f7865e6,0x3f7ae8c0,0x3f7d716f,0x3f800000,
};
static const uint32_t JUNO_LUT20[256] = {
  0xbf800000,0xbf7ae3ab,0xbf75ded7,0xbf70f11a,0xbf6c1a07,0xbf675938,0xbf62ae46,0xbf5e18cc,
  0xbf599868,0xbf552cb8,0xbf50d55e,0xbf4c91fb,0xbf486234,0xbf4445af,0xbf403c13,0xbf3c450a,
  0xbf38603d,0xbf348d59,0xbf30cc0c,0xbf2d1c04,0xbf297cf2,0xbf25ee89,0xbf22707b,0xbf1f027d,
  0xbf1ba446,0xbf18558c,0xbf15160a,0xbf11e577,0xbf0ec391,0xbf0bb013,0xbf08aabc,0xbf05b349,
  0xbf02c97c,0xbeffda29,0xbefa3bad,0xbef4b709,0xbeef4bc6,0xbee9f970,0xbee4bf95,0xbedf9dc3,
  0xbeda938c,0xbed5a084,0xbed0c440,0xbecbfe56,0xbec74e62,0xbec2b3fc,0xbebe2ec2,0xbeb9be54,
  0xbeb56250,0xbeb11a5a,0xbeace615,0xbea8c526,0xbea4b734,0xbea0bbe9,0xbe9cd2ee,0xbe98fbef,
  0xbe95369a,0xbe91829c,0xbe8ddfa8,0xbe8a4d6d,0xbe86cb9f,0xbe8359f3,0xbe7ff03c,0xbe794baf,
  0xbe72c5b0,0xbe6c5db3,0xbe66132c,0xbe5fe596,0xbe59d46a,0xbe53df26,0xbe4e054a,0xbe484658,
  0xbe42a1d3,0xbe3d1742,0xbe37a62f,0xbe324e22,0xbe2d0eab,0xbe27e757,0xbe22d7b7,0xbe1ddf5e,
  0xbe18fde2,0xbe1432d9,0xbe0f7ddc,0xbe0ade85,0xbe065471,0xbe01df3f,0xbdfafd1a,0xbdf263fc,
  0xbde9f26b,0xbde1a7b0,0xbdd98318,0xbdd183f5,0xbdc9a99a,0xbdc1f35e,0xbdba609b,0xbdb2f0ad,
  0xbdaba2f4,0xbda476d4,0xbd9d6bb0,0xbd9680f3,0xbd8fb606,0xbd890a58,0xbd827d58,0xbd781cf4,
  0xbd6b7a66,0xbd5f11f5,0xbd52e297,0xbd46eb45,0xbd3b2afc,0xbd2fa0c1,0xbd244b9a,0xbd192a93,
  0xbd0e3cbc,0xbd03812b,0xbcf1edee,0xbcdd3a7b,0xbcc8e640,0xbcb4ef87,0xbca154a1,0xbc8e13e8,
  0xbc765779,0xbc513511,0xbc2cbd76,0xbc08ed98,0xbbcb84e5,0xbb86721f,0xbb053a1f,0x00000000,
  0x00000000,0x3b053a1f,0x3b86721f,0x3bcb84e5,0x3c08ed98,0x3c2cbd76,0x3c513511,0x3c765779,
  0x3c8e13e8,0x3ca154a1,0x3cb4ef87,0x3cc8e640,0x3cdd3a7b,0x3cf1edee,0x3d03812b,0x3d0e3cbc,
  0x3d192a93,0x3d244b9a,0x3d2fa0c1,0x3d3b2afc,0x3d46eb45,0x3d52e297,0x3d5f11f5,0x3d6b7a66,
  0x3d781cf4,0x3d827d58,0x3d890a58,0x3d8fb606,0x3d9680f3,0x3d9d6bb0,0x3da476d4,0x3daba2f4,
  0x3db2f0ad,0x3dba609b,0x3dc1f35e,0x3dc9a99a,0x3dd183f5,0x3dd98318,0x3de1a7b0,0x3de9f26b,
  0x3df263fc,0x3dfafd1a,0x3e01df3f,0x3e065471,0x3e0ade85,0x3e0f7ddc,0x3e1432d9,0x3e18fde2,
  0x3e1ddf5e,0x3e22d7b7,0x3e27e757,0x3e2d0eab,0x3e324e22,0x3e37a62f,0x3e3d1742,0x3e42a1d3,
  0x3e484658,0x3e4e054a,0x3e53df26,0x3e59d46a,0x3e5fe596,0x3e66132c,0x3e6c5db3,0x3e72c5b0,
  0x3e794baf,0x3e7ff03c,0x3e8359f3,0x3e86cb9f,0x3e8a4d6d,0x3e8ddfa8,0x3e91829c,0x3e95369a,
  0x3e98fbef,0x3e9cd2ee,0x3ea0bbe9,0x3ea4b734,0x3ea8c526,0x3eace615,0x3eb11a5a,0x3eb56250,
  0x3eb9be54,0x3ebe2ec2,0x3ec2b3fc,0x3ec74e62,0x3ecbfe56,0x3ed0c440,0x3ed5a084,0x3eda938c,
  0x3edf9dc3,0x3ee4bf95,0x3ee9f970,0x3eef4bc6,0x3ef4b709,0x3efa3bad,0x3effda29,0x3f02c97c,
  0x3f05b349,0x3f08aabc,0x3f0bb013,0x3f0ec391,0x3f11e577,0x3f15160a,0x3f18558c,0x3f1ba446,
  0x3f1f027d,0x3f22707b,0x3f25ee89,0x3f297cf2,0x3f2d1c04,0x3f30cc0c,0x3f348d59,0x3f38603d,
  0x3f3c450a,0x3f403c13,0x3f4445af,0x3f486234,0x3f4c91fb,0x3f50d55e,0x3f552cb8,0x3f599868,
  0x3f5e18cc,0x3f62ae46,0x3f675938,0x3f6c1a07,0x3f70f11a,0x3f75ded7,0x3f7ae3ab,0x3f800000,
};
static const uint32_t JUNO_LUT21[128] = {
  0x00000000,0x3c010204,0x3c810204,0x3cc18306,0x3d010204,0x3d214285,0x3d418306,0x3d61c387,
  0x3d810204,0x3d912245,0x3da14285,0x3db162c6,0x3dc18306,0x3dd1a347,0x3de1c387,0x3df1e3c8,
  0x3e010204,0x3e091224,0x3e112245,0x3e193265,0x3e214285,0x3e2952a5,0x3e3162c6,0x3e3972e6,
  0x3e418306,0x3e499326,0x3e51a347,0x3e59b367,0x3e61c387,0x3e69d3a7,0x3e71e3c8,0x3e79f3e8,
  0x3e810204,0x3e850a14,0x3e891224,0x3e8d1a34,0x3e912245,0x3e952a55,0x3e993265,0x3e9d3a75,
  0x3ea14285,0x3ea54a95,0x3ea952a5,0x3ead5ab5,0x3eb162c6,0x3eb56ad6,0x3eb972e6,0x3ebd7af6,
  0x3ec18306,0x3ec58b16,0x3ec99326,0x3ecd9b36,0x3ed1a347,0x3ed5ab57,0x3ed9b367,0x3eddbb77,
  0x3ee1c387,0x3ee5cb97,0x3ee9d3a7,0x3eeddbb7,0x3ef1e3c8,0x3ef5ebd8,0x3ef9f3e8,0x3efdfbf8,
  0x3f010204,0x3f03060c,0x3f050a14,0x3f070e1c,0x3f091224,0x3f0b162c,0x3f0d1a34,0x3f0f1e3c,
  0x3f112245,0x3f13264d,0x3f152a55,0x3f172e5d,0x3f193265,0x3f1b366d,0x3f1d3a75,0x3f1f3e7d,
  0x3f214285,0x3f23468d,0x3f254a95,0x3f274e9d,0x3f2952a5,0x3f2b56ad,0x3f2d5ab5,0x3f2f5ebd,
  0x3f3162c6,0x3f3366ce,0x3f356ad6,0x3f376ede,0x3f3972e6,0x3f3b76ee,0x3f3d7af6,0x3f3f7efe,
  0x3f418306,0x3f43870e,0x3f458b16,0x3f478f1e,0x3f499326,0x3f4b972e,0x3f4d9b36,0x3f4f9f3e,
  0x3f51a347,0x3f53a74f,0x3f55ab57,0x3f57af5f,0x3f59b367,0x3f5bb76f,0x3f5dbb77,0x3f5fbf7f,
  0x3f61c387,0x3f63c78f,0x3f65cb97,0x3f67cf9f,0x3f69d3a7,0x3f6bd7af,0x3f6ddbb7,0x3f6fdfbf,
  0x3f71e3c8,0x3f73e7d0,0x3f75ebd8,0x3f77efe0,0x3f79f3e8,0x3f7bf7f0,0x3f7dfbf8,0x3f800000,
};
static const uint32_t JUNO_LUT22[256] = {
  0x00000000,0x3b808081,0x3c008081,0x3c40c0c1,0x3c808081,0x3ca0a0a1,0x3cc0c0c1,0x3ce0e0e1,
  0x3d008081,0x3d109091,0x3d20a0a1,0x3d30b0b1,0x3d40c0c1,0x3d50d0d1,0x3d60e0e1,0x3d70f0f1,
  0x3d808081,0x3d888889,0x3d909091,0x3d989899,0x3da0a0a1,0x3da8a8a9,0x3db0b0b1,0x3db8b8b9,
  0x3dc0c0c1,0x3dc8c8c9,0x3dd0d0d1,0x3dd8d8d9,0x3de0e0e1,0x3de8e8e9,0x3df0f0f1,0x3df8f8f9,
  0x3e008081,0x3e048485,0x3e088889,0x3e0c8c8d,0x3e109091,0x3e149495,0x3e189899,0x3e1c9c9d,
  0x3e20a0a1,0x3e24a4a5,0x3e28a8a9,0x3e2cacad,0x3e30b0b1,0x3e34b4b5,0x3e38b8b9,0x3e3cbcbd,
  0x3e40c0c1,0x3e44c4c5,0x3e48c8c9,0x3e4ccccd,0x3e50d0d1,0x3e54d4d5,0x3e58d8d9,0x3e5cdcdd,
  0x3e60e0e1,0x3e64e4e5,0x3e68e8e9,0x3e6ceced,0x3e70f0f1,0x3e74f4f5,0x3e78f8f9,0x3e7cfcfd,
  0x3e808081,0x3e828283,0x3e848485,0x3e868687,0x3e888889,0x3e8a8a8b,0x3e8c8c8d,0x3e8e8e8f,
  0x3e909091,0x3e929293,0x3e949495,0x3e969697,0x3e989899,0x3e9a9a9b,0x3e9c9c9d,0x3e9e9e9f,
  0x3ea0a0a1,0x3ea2a2a3,0x3ea4a4a5,0x3ea6a6a7,0x3ea8a8a9,0x3eaaaaab,0x3eacacad,0x3eaeaeaf,
  0x3eb0b0b1,0x3eb2b2b3,0x3eb4b4b5,0x3eb6b6b7,0x3eb8b8b9,0x3ebababb,0x3ebcbcbd,0x3ebebebf,
  0x3ec0c0c1,0x3ec2c2c3,0x3ec4c4c5,0x3ec6c6c7,0x3ec8c8c9,0x3ecacacb,0x3ecccccd,0x3ecececf,
  0x3ed0d0d1,0x3ed2d2d3,0x3ed4d4d5,0x3ed6d6d7,0x3ed8d8d9,0x3edadadb,0x3edcdcdd,0x3edededf,
  0x3ee0e0e1,0x3ee2e2e3,0x3ee4e4e5,0x3ee6e6e7,0x3ee8e8e9,0x3eeaeaeb,0x3eececed,0x3eeeeeef,
  0x3ef0f0f1,0x3ef2f2f3,0x3ef4f4f5,0x3ef6f6f7,0x3ef8f8f9,0x3efafafb,0x3efcfcfd,0x3efefeff,
  0x3f008081,0x3f018182,0x3f028283,0x3f038384,0x3f048485,0x3f058586,0x3f068687,0x3f078788,
  0x3f088889,0x3f09898a,0x3f0a8a8b,0x3f0b8b8c,0x3f0c8c8d,0x3f0d8d8e,0x3f0e8e8f,0x3f0f8f90,
  0x3f109091,0x3f119192,0x3f129293,0x3f139394,0x3f149495,0x3f159596,0x3f169697,0x3f179798,
  0x3f189899,0x3f19999a,0x3f1a9a9b,0x3f1b9b9c,0x3f1c9c9d,0x3f1d9d9e,0x3f1e9e9f,0x3f1f9fa0,
  0x3f20a0a1,0x3f21a1a2,0x3f22a2a3,0x3f23a3a4,0x3f24a4a5,0x3f25a5a6,0x3f26a6a7,0x3f27a7a8,
  0x3f28a8a9,0x3f29a9aa,0x3f2aaaab,0x3f2babac,0x3f2cacad,0x3f2dadae,0x3f2eaeaf,0x3f2fafb0,
  0x3f30b0b1,0x3f31b1b2,0x3f32b2b3,0x3f33b3b4,0x3f34b4b5,0x3f35b5b6,0x3f36b6b7,0x3f37b7b8,
  0x3f38b8b9,0x3f39b9ba,0x3f3ababb,0x3f3bbbbc,0x3f3cbcbd,0x3f3dbdbe,0x3f3ebebf,0x3f3fbfc0,
  0x3f40c0c1,0x3f41c1c2,0x3f42c2c3,0x3f43c3c4,0x3f44c4c5,0x3f45c5c6,0x3f46c6c7,0x3f47c7c8,
  0x3f48c8c9,0x3f49c9ca,0x3f4acacb,0x3f4bcbcc,0x3f4ccccd,0x3f4dcdce,0x3f4ececf,0x3f4fcfd0,
  0x3f50d0d1,0x3f51d1d2,0x3f52d2d3,0x3f53d3d4,0x3f54d4d5,0x3f55d5d6,0x3f56d6d7,0x3f57d7d8,
  0x3f58d8d9,0x3f59d9da,0x3f5adadb,0x3f5bdbdc,0x3f5cdcdd,0x3f5dddde,0x3f5ededf,0x3f5fdfe0,
  0x3f60e0e1,0x3f61e1e2,0x3f62e2e3,0x3f63e3e4,0x3f64e4e5,0x3f65e5e6,0x3f66e6e7,0x3f67e7e8,
  0x3f68e8e9,0x3f69e9ea,0x3f6aeaeb,0x3f6bebec,0x3f6ceced,0x3f6dedee,0x3f6eeeef,0x3f6feff0,
  0x3f70f0f1,0x3f71f1f2,0x3f72f2f3,0x3f73f3f4,0x3f74f4f5,0x3f75f5f6,0x3f76f6f7,0x3f77f7f8,
  0x3f78f8f9,0x3f79f9fa,0x3f7afafb,0x3f7bfbfc,0x3f7cfcfd,0x3f7dfdfe,0x3f7efeff,0x3f800000,
};
static const uint32_t JUNO_LUT23[256] = {
  0x00000000,0x3b008081,0x3b808081,0x3bc0c0c1,0x3c008081,0x3c20a0a1,0x3c40c0c1,0x3c60e0e1,
  0x3c808081,0x3c909091,0x3ca0a0a1,0x3cb0b0b1,0x3cc0c0c1,0x3cd0d0d1,0x3ce0e0e1,0x3cf0f0f1,
  0x3d008081,0x3d088889,0x3d109091,0x3d189899,0x3d20a0a1,0x3d28a8a9,0x3d30b0b1,0x3d38b8b9,
  0x3d40c0c1,0x3d48c8c9,0x3d50d0d1,0x3d58d8d9,0x3d60e0e1,0x3d68e8e9,0x3d70f0f1,0x3d78f8f9,
  0x3d808081,0x3d848485,0x3d888889,0x3d8c8c8d,0x3d909091,0x3d949495,0x3d989899,0x3d9c9c9d,
  0x3da0a0a1,0x3da4a4a5,0x3da8a8a9,0x3dacacad,0x3db0b0b1,0x3db4b4b5,0x3db8b8b9,0x3dbcbcbd,
  0x3dc0c0c1,0x3dc4c4c5,0x3dc8c8c9,0x3dcccccd,0x3dd0d0d1,0x3dd4d4d5,0x3dd8d8d9,0x3ddcdcdd,
  0x3de0e0e1,0x3de4e4e5,0x3de8e8e9,0x3dececed,0x3df0f0f1,0x3df4f4f5,0x3df8f8f9,0x3dfcfcfd,
  0x3e008081,0x3e028283,0x3e048485,0x3e068687,0x3e088889,0x3e0a8a8b,0x3e0c8c8d,0x3e0e8e8f,
  0x3e109091,0x3e129293,0x3e149495,0x3e169697,0x3e189899,0x3e1a9a9b,0x3e1c9c9d,0x3e1e9e9f,
  0x3e20a0a1,0x3e22a2a3,0x3e24a4a5,0x3e26a6a7,0x3e28a8a9,0x3e2aaaab,0x3e2cacad,0x3e2eaeaf,
  0x3e30b0b1,0x3e32b2b3,0x3e34b4b5,0x3e36b6b7,0x3e38b8b9,0x3e3ababb,0x3e3cbcbd,0x3e3ebebf,
  0x3e40c0c1,0x3e42c2c3,0x3e44c4c5,0x3e46c6c7,0x3e48c8c9,0x3e4acacb,0x3e4ccccd,0x3e4ececf,
  0x3e50d0d1,0x3e52d2d3,0x3e54d4d5,0x3e56d6d7,0x3e58d8d9,0x3e5adadb,0x3e5cdcdd,0x3e5ededf,
  0x3e60e0e1,0x3e62e2e3,0x3e64e4e5,0x3e66e6e7,0x3e68e8e9,0x3e6aeaeb,0x3e6ceced,0x3e6eeeef,
  0x3e70f0f1,0x3e72f2f3,0x3e74f4f5,0x3e76f6f7,0x3e78f8f9,0x3e7afafb,0x3e7cfcfd,0x3e7efeff,
  0x3e808081,0x3e818182,0x3e828283,0x3e838384,0x3e848485,0x3e858586,0x3e868687,0x3e878788,
  0x3e888889,0x3e89898a,0x3e8a8a8b,0x3e8b8b8c,0x3e8c8c8d,0x3e8d8d8e,0x3e8e8e8f,0x3e8f8f90,
  0x3e909091,0x3e919192,0x3e929293,0x3e939394,0x3e949495,0x3e959596,0x3e969697,0x3e979798,
  0x3e989899,0x3e99999a,0x3e9a9a9b,0x3e9b9b9c,0x3e9c9c9d,0x3e9d9d9e,0x3e9e9e9f,0x3e9f9fa0,
  0x3ea0a0a1,0x3ea1a1a2,0x3ea2a2a3,0x3ea3a3a4,0x3ea4a4a5,0x3ea5a5a6,0x3ea6a6a7,0x3ea7a7a8,
  0x3ea8a8a9,0x3ea9a9aa,0x3eaaaaab,0x3eababac,0x3eacacad,0x3eadadae,0x3eaeaeaf,0x3eafafb0,
  0x3eb0b0b1,0x3eb1b1b2,0x3eb2b2b3,0x3eb3b3b4,0x3eb4b4b5,0x3eb5b5b6,0x3eb6b6b7,0x3eb7b7b8,
  0x3eb8b8b9,0x3eb9b9ba,0x3ebababb,0x3ebbbbbc,0x3ebcbcbd,0x3ebdbdbe,0x3ebebebf,0x3ebfbfc0,
  0x3ec0c0c1,0x3ec1c1c2,0x3ec2c2c3,0x3ec3c3c4,0x3ec4c4c5,0x3ec5c5c6,0x3ec6c6c7,0x3ec7c7c8,
  0x3ec8c8c9,0x3ec9c9ca,0x3ecacacb,0x3ecbcbcc,0x3ecccccd,0x3ecdcdce,0x3ecececf,0x3ecfcfd0,
  0x3ed0d0d1,0x3ed1d1d2,0x3ed2d2d3,0x3ed3d3d4,0x3ed4d4d5,0x3ed5d5d6,0x3ed6d6d7,0x3ed7d7d8,
  0x3ed8d8d9,0x3ed9d9da,0x3edadadb,0x3edbdbdc,0x3edcdcdd,0x3eddddde,0x3edededf,0x3edfdfe0,
  0x3ee0e0e1,0x3ee1e1e2,0x3ee2e2e3,0x3ee3e3e4,0x3ee4e4e5,0x3ee5e5e6,0x3ee6e6e7,0x3ee7e7e8,
  0x3ee8e8e9,0x3ee9e9ea,0x3eeaeaeb,0x3eebebec,0x3eececed,0x3eededee,0x3eeeeeef,0x3eefeff0,
  0x3ef0f0f1,0x3ef1f1f2,0x3ef2f2f3,0x3ef3f3f4,0x3ef4f4f5,0x3ef5f5f6,0x3ef6f6f7,0x3ef7f7f8,
  0x3ef8f8f9,0x3ef9f9fa,0x3efafafb,0x3efbfbfc,0x3efcfcfd,0x3efdfdfe,0x3efefeff,0x3f000000,
};
static const uint32_t JUNO_LUT24[256] = {
  0xbf800000,0xbf7dfbf8,0xbf7bf7f0,0xbf79f3e8,0xbf77efe0,0xbf75ebd8,0xbf73e7d0,0xbf71e3c8,
  0xbf6fdfbf,0xbf6ddbb7,0xbf6bd7af,0xbf69d3a7,0xbf67cf9f,0xbf65cb97,0xbf63c78f,0xbf61c387,
  0xbf5fbf7f,0xbf5dbb77,0xbf5bb76f,0xbf59b367,0xbf57af5f,0xbf55ab57,0xbf53a74f,0xbf51a347,
  0xbf4f9f3e,0xbf4d9b36,0xbf4b972e,0xbf499326,0xbf478f1e,0xbf458b16,0xbf43870e,0xbf418306,
  0xbf3f7efe,0xbf3d7af6,0xbf3b76ee,0xbf3972e6,0xbf376ede,0xbf356ad6,0xbf3366ce,0xbf3162c6,
  0xbf2f5ebd,0xbf2d5ab5,0xbf2b56ad,0xbf2952a5,0xbf274e9d,0xbf254a95,0xbf23468d,0xbf214285,
  0xbf1f3e7d,0xbf1d3a75,0xbf1b366d,0xbf193265,0xbf172e5d,0xbf152a55,0xbf13264d,0xbf112245,
  0xbf0f1e3c,0xbf0d1a34,0xbf0b162c,0xbf091224,0xbf070e1c,0xbf050a14,0xbf03060c,0xbf010204,
  0xbefdfbf8,0xbef9f3e8,0xbef5ebd8,0xbef1e3c8,0xbeeddbb7,0xbee9d3a7,0xbee5cb97,0xbee1c387,
  0xbeddbb77,0xbed9b367,0xbed5ab57,0xbed1a347,0xbecd9b36,0xbec99326,0xbec58b16,0xbec18306,
  0xbebd7af6,0xbeb972e6,0xbeb56ad6,0xbeb162c6,0xbead5ab5,0xbea952a5,0xbea54a95,0xbea14285,
  0xbe9d3a75,0xbe993265,0xbe952a55,0xbe912245,0xbe8d1a34,0xbe891224,0xbe850a14,0xbe810204,
  0xbe79f3e8,0xbe71e3c8,0xbe69d3a7,0xbe61c387,0xbe59b367,0xbe51a347,0xbe499326,0xbe418306,
  0xbe3972e6,0xbe3162c6,0xbe2952a5,0xbe214285,0xbe193265,0xbe112245,0xbe091224,0xbe010204,
  0xbdf1e3c8,0xbde1c387,0xbdd1a347,0xbdc18306,0xbdb162c6,0xbda14285,0xbd912245,0xbd810204,
  0xbd61c387,0xbd418306,0xbd214285,0xbd010204,0xbcc18306,0xbc810204,0xbc010204,0x00000000,
  0x00000000,0x3c010204,0x3c810204,0x3cc18306,0x3d010204,0x3d214285,0x3d418306,0x3d61c387,
  0x3d810204,0x3d912245,0x3da14285,0x3db162c6,0x3dc18306,0x3dd1a347,0x3de1c387,0x3df1e3c8,
  0x3e010204,0x3e091224,0x3e112245,0x3e193265,0x3e214285,0x3e2952a5,0x3e3162c6,0x3e3972e6,
  0x3e418306,0x3e499326,0x3e51a347,0x3e59b367,0x3e61c387,0x3e69d3a7,0x3e71e3c8,0x3e79f3e8,
  0x3e810204,0x3e850a14,0x3e891224,0x3e8d1a34,0x3e912245,0x3e952a55,0x3e993265,0x3e9d3a75,
  0x3ea14285,0x3ea54a95,0x3ea952a5,0x3ead5ab5,0x3eb162c6,0x3eb56ad6,0x3eb972e6,0x3ebd7af6,
  0x3ec18306,0x3ec58b16,0x3ec99326,0x3ecd9b36,0x3ed1a347,0x3ed5ab57,0x3ed9b367,0x3eddbb77,
  0x3ee1c387,0x3ee5cb97,0x3ee9d3a7,0x3eeddbb7,0x3ef1e3c8,0x3ef5ebd8,0x3ef9f3e8,0x3efdfbf8,
  0x3f010204,0x3f03060c,0x3f050a14,0x3f070e1c,0x3f091224,0x3f0b162c,0x3f0d1a34,0x3f0f1e3c,
  0x3f112245,0x3f13264d,0x3f152a55,0x3f172e5d,0x3f193265,0x3f1b366d,0x3f1d3a75,0x3f1f3e7d,
  0x3f214285,0x3f23468d,0x3f254a95,0x3f274e9d,0x3f2952a5,0x3f2b56ad,0x3f2d5ab5,0x3f2f5ebd,
  0x3f3162c6,0x3f3366ce,0x3f356ad6,0x3f376ede,0x3f3972e6,0x3f3b76ee,0x3f3d7af6,0x3f3f7efe,
  0x3f418306,0x3f43870e,0x3f458b16,0x3f478f1e,0x3f499326,0x3f4b972e,0x3f4d9b36,0x3f4f9f3e,
  0x3f51a347,0x3f53a74f,0x3f55ab57,0x3f57af5f,0x3f59b367,0x3f5bb76f,0x3f5dbb77,0x3f5fbf7f,
  0x3f61c387,0x3f63c78f,0x3f65cb97,0x3f67cf9f,0x3f69d3a7,0x3f6bd7af,0x3f6ddbb7,0x3f6fdfbf,
  0x3f71e3c8,0x3f73e7d0,0x3f75ebd8,0x3f77efe0,0x3f79f3e8,0x3f7bf7f0,0x3f7dfbf8,0x3f800000,
};
static const uint32_t JUNO_LUT25[256] = {
  0x00000000,0x3c76cdef,0x3cf2aad1,0x3d330822,0x3d6aeac7,0x3d908ccf,0x3daad737,0x3dc4605f,
  0x3ddd3313,0x3df5593b,0x3e066dfb,0x3e11e1d8,0x3e1d0c18,0x3e27f057,0x3e3291ee,0x3e3cf3f9,
  0x3e47195f,0x3e5104d4,0x3e5ab8e0,0x3e6437e2,0x3e6d840f,0x3e769f7e,0x3e7f8c23,0x3e8425eb,
  0x3e887029,0x3e8ca59e,0x3e90c70e,0x3e94d536,0x3e98d0c5,0x3e9cba63,0x3ea092b0,0x3ea45a41,
  0x3ea811a6,0x3eabb967,0x3eaf5207,0x3eb2dbff,0x3eb657c5,0x3eb9c5ca,0x3ebd2679,0x3ec07a38,
  0x3ec3c168,0x3ec6fc66,0x3eca2b8d,0x3ecd4f32,0x3ed067a7,0x3ed3753a,0x3ed67838,0x3ed970e7,
  0x3edc5f8f,0x3edf4472,0x3ee21fcf,0x3ee4f1e6,0x3ee7baf1,0x3eea7b29,0x3eed32c7,0x3eefe1ff,
  0x3ef28904,0x3ef52808,0x3ef7bf3b,0x3efa4eca,0x3efcd6e3,0x3eff57b0,0x3f00e8ad,0x3f022206,
  0x3f0357f5,0x3f048a8d,0x3f05b9e1,0x3f06e601,0x3f080f01,0x3f0934ef,0x3f0a57db,0x3f0b77d7,
  0x3f0c94ef,0x3f0daf34,0x3f0ec6b4,0x3f0fdb7b,0x3f10ed98,0x3f11fd18,0x3f130a07,0x3f141472,
  0x3f151c64,0x3f1621e9,0x3f17250c,0x3f1825da,0x3f19245b,0x3f1a209b,0x3f1b1aa3,0x3f1c127e,
  0x3f1d0835,0x3f1dfbd2,0x3f1eed5e,0x3f1fdce1,0x3f20ca65,0x3f21b5f1,0x3f229f8e,0x3f238745,
  0x3f246d1c,0x3f25511d,0x3f26334d,0x3f2713b5,0x3f27f25b,0x3f28cf47,0x3f29aa7f,0x3f2a840b,
  0x3f2b5bf0,0x3f2c3234,0x3f2d06df,0x3f2dd9f7,0x3f2eab80,0x3f2f7b81,0x3f304a00,0x3f311703,
  0x3f31e28d,0x3f32aca6,0x3f337553,0x3f343c97,0x3f350279,0x3f35c6fd,0x3f368a28,0x3f374bff,
  0x3f380c86,0x3f38cbc2,0x3f3989b7,0x3f3a466a,0x3f3b01df,0x3f3bbc19,0x3f3c751e,0x3f3d2cf1,
  0x3f3de396,0x3f3e9910,0x3f3f4d65,0x3f400097,0x3f40b2a9,0x3f4163a0,0x3f421380,0x3f42c24b,
  0x3f437004,0x3f441cb0,0x3f44c852,0x3f4572ec,0x3f461c81,0x3f46c516,0x3f476cac,0x3f481348,
  0x3f48b8eb,0x3f495d99,0x3f4a0154,0x3f4aa41f,0x3f4b45fe,0x3f4be6f2,0x3f4c86ff,0x3f4d2626,
  0x3f4dc46b,0x3f4e61d0,0x3f4efe57,0x3f4f9a03,0x3f5034d6,0x3f50ced3,0x3f5167fb,0x3f520052,
  0x3f5297d9,0x3f532e93,0x3f53c481,0x3f5459a7,0x3f54ee05,0x3f55819e,0x3f561475,0x3f56a68a,
  0x3f5737e1,0x3f57c87a,0x3f585858,0x3f58e77d,0x3f5975eb,0x3f5a03a3,0x3f5a90a8,0x3f5b1cfa,
  0x3f5ba89c,0x3f5c3390,0x3f5cbdd7,0x3f5d4773,0x3f5dd065,0x3f5e58af,0x3f5ee053,0x3f5f6753,
  0x3f5fedaf,0x3f607369,0x3f60f884,0x3f617d00,0x3f6200df,0x3f628422,0x3f6306cb,0x3f6388da,
  0x3f640a53,0x3f648b35,0x3f650b83,0x3f658b3d,0x3f660a66,0x3f6688fd,0x3f670705,0x3f67847e,
  0x3f68016b,0x3f687dcc,0x3f68f9a2,0x3f6974ef,0x3f69efb4,0x3f6a69f2,0x3f6ae3aa,0x3f6b5cde,
  0x3f6bd58e,0x3f6c4dbb,0x3f6cc567,0x3f6d3c93,0x3f6db33f,0x3f6e296e,0x3f6e9f1f,0x3f6f1454,
  0x3f6f890e,0x3f6ffd4e,0x3f707115,0x3f70e464,0x3f71573c,0x3f71c99e,0x3f723b8a,0x3f72ad03,
  0x3f731e07,0x3f738e9a,0x3f73febb,0x3f746e6b,0x3f74ddab,0x3f754c7d,0x3f75bae1,0x3f7628d7,
  0x3f769661,0x3f770380,0x3f777034,0x3f77dc7e,0x3f78485e,0x3f78b3d7,0x3f791ee8,0x3f798993,
  0x3f79f3d7,0x3f7a5db6,0x3f7ac731,0x3f7b3048,0x3f7b98fc,0x3f7c014e,0x3f7c693f,0x3f7cd0ce,
  0x3f7d37fe,0x3f7d9ece,0x3f7e053f,0x3f7e6b52,0x3f7ed108,0x3f7f3661,0x3f7f9b5e,0x3f800000,
};
static const uint32_t JUNO_LUT26[16384] = {
  0xbf800000,0xbf800000,0xbf7ff800,0xbf7fefff,0xbf7fe7ff,0xbf7fdfff,0xbf7fd7ff,0xbf7fcffe,
  0xbf7fc7fe,0xbf7fbffe,0xbf7fb7fe,0xbf7faffd,0xbf7fa7fd,0xbf7f9ffd,0xbf7f97fd,0xbf7f8ffc,
  0xbf7f87fc,0xbf7f7ffc,0xbf7f77fc,0xbf7f6ffb,0xbf7f67fb,0xbf7f5ffb,0xbf7f57fb,0xbf7f4ffa,
  0xbf7f47fa,0xbf7f3ffa,0xbf7f37fa,0xbf7f2ff9,0xbf7f27f9,0xbf7f1ff9,0xbf7f17f9,0xbf7f0ff8,
  0xbf7f07f8,0xbf7efff8,0xbf7ef7f8,0xbf7eeff7,0xbf7ee7f7,0xbf7edff7,0xbf7ed7f7,0xbf7ecff6,
  0xbf7ec7f6,0xbf7ebff6,0xbf7eb7f6,0xbf7eaff5,0xbf7ea7f5,0xbf7e9ff5,0xbf7e97f5,0xbf7e8ff4,
  0xbf7e87f4,0xbf7e7ff4,0xbf7e77f4,0xbf7e6ff3,0xbf7e67f3,0xbf7e5ff3,0xbf7e57f3,0xbf7e4ff2,
  0xbf7e47f2,0xbf7e3ff2,0xbf7e37f2,0xbf7e2ff1,0xbf7e27f1,0xbf7e1ff1,0xbf7e17f1,0xbf7e0ff0,
  0xbf7e07f0,0xbf7dfff0,0xbf7df7f0,0xbf7defef,0xbf7de7ef,0xbf7ddfef,0xbf7dd7ef,0xbf7dcfee,
  0xbf7dc7ee,0xbf7dbfee,0xbf7db7ee,0xbf7dafed,0xbf7da7ed,0xbf7d9fed,0xbf7d97ed,0xbf7d8fec,
  0xbf7d87ec,0xbf7d7fec,0xbf7d77ec,0xbf7d6feb,0xbf7d67eb,0xbf7d5feb,0xbf7d57eb,0xbf7d4fea,
  0xbf7d47ea,0xbf7d3fea,0xbf7d37ea,0xbf7d2fe9,0xbf7d27e9,0xbf7d1fe9,0xbf7d17e9,0xbf7d0fe8,
  0xbf7d07e8,0xbf7cffe8,0xbf7cf7e8,0xbf7cefe7,0xbf7ce7e7,0xbf7cdfe7,0xbf7cd7e7,0xbf7ccfe6,
  0xbf7cc7e6,0xbf7cbfe6,0xbf7cb7e6,0xbf7cafe5,0xbf7ca7e5,0xbf7c9fe5,0xbf7c97e5,0xbf7c8fe4,
  0xbf7c87e4,0xbf7c7fe4,0xbf7c77e4,0xbf7c6fe3,0xbf7c67e3,0xbf7c5fe3,0xbf7c57e3,0xbf7c4fe2,
  0xbf7c47e2,0xbf7c3fe2,0xbf7c37e2,0xbf7c2fe1,0xbf7c27e1,0xbf7c1fe1,0xbf7c17e1,0xbf7c0fe0,
  0xbf7c07e0,0xbf7bffe0,0xbf7bf7e0,0xbf7befdf,0xbf7be7df,0xbf7bdfdf,0xbf7bd7df,0xbf7bcfde,
  0xbf7bc7de,0xbf7bbfde,0xbf7bb7de,0xbf7bafdd,0xbf7ba7dd,0xbf7b9fdd,0xbf7b97dd,0xbf7b8fdc,
  0xbf7b87dc,0xbf7b7fdc,0xbf7b77dc,0xbf7b6fdb,0xbf7b67db,0xbf7b5fdb,0xbf7b57db,0xbf7b4fda,
  0xbf7b47da,0xbf7b3fda,0xbf7b37da,0xbf7b2fd9,0xbf7b27d9,0xbf7b1fd9,0xbf7b17d9,0xbf7b0fd8,
  0xbf7b07d8,0xbf7affd8,0xbf7af7d8,0xbf7aefd7,0xbf7ae7d7,0xbf7adfd7,0xbf7ad7d7,0xbf7acfd6,
  0xbf7ac7d6,0xbf7abfd6,0xbf7ab7d6,0xbf7aafd5,0xbf7aa7d5,0xbf7a9fd5,0xbf7a97d5,0xbf7a8fd4,
  0xbf7a87d4,0xbf7a7fd4,0xbf7a77d4,0xbf7a6fd3,0xbf7a67d3,0xbf7a5fd3,0xbf7a57d3,0xbf7a4fd2,
  0xbf7a47d2,0xbf7a3fd2,0xbf7a37d2,0xbf7a2fd1,0xbf7a27d1,0xbf7a1fd1,0xbf7a17d1,0xbf7a0fd0,
  0xbf7a07d0,0xbf79ffd0,0xbf79f7d0,0xbf79efcf,0xbf79e7cf,0xbf79dfcf,0xbf79d7cf,0xbf79cfce,
  0xbf79c7ce,0xbf79bfce,0xbf79b7ce,0xbf79afcd,0xbf79a7cd,0xbf799fcd,0xbf7997cd,0xbf798fcc,
  0xbf7987cc,0xbf797fcc,0xbf7977cc,0xbf796fcb,0xbf7967cb,0xbf795fcb,0xbf7957cb,0xbf794fca,
  0xbf7947ca,0xbf793fca,0xbf7937ca,0xbf792fc9,0xbf7927c9,0xbf791fc9,0xbf7917c9,0xbf790fc8,
  0xbf7907c8,0xbf78ffc8,0xbf78f7c8,0xbf78efc7,0xbf78e7c7,0xbf78dfc7,0xbf78d7c7,0xbf78cfc6,
  0xbf78c7c6,0xbf78bfc6,0xbf78b7c6,0xbf78afc5,0xbf78a7c5,0xbf789fc5,0xbf7897c5,0xbf788fc4,
  0xbf7887c4,0xbf787fc4,0xbf7877c4,0xbf786fc3,0xbf7867c3,0xbf785fc3,0xbf7857c3,0xbf784fc2,
  0xbf7847c2,0xbf783fc2,0xbf7837c2,0xbf782fc1,0xbf7827c1,0xbf781fc1,0xbf7817c1,0xbf780fc0,
  0xbf7807c0,0xbf77ffc0,0xbf77f7c0,0xbf77efbf,0xbf77e7bf,0xbf77dfbf,0xbf77d7bf,0xbf77cfbe,
  0xbf77c7be,0xbf77bfbe,0xbf77b7be,0xbf77afbd,0xbf77a7bd,0xbf779fbd,0xbf7797bd,0xbf778fbc,
  0xbf7787bc,0xbf777fbc,0xbf7777bc,0xbf776fbb,0xbf7767bb,0xbf775fbb,0xbf7757bb,0xbf774fba,
  0xbf7747ba,0xbf773fba,0xbf7737ba,0xbf772fb9,0xbf7727b9,0xbf771fb9,0xbf7717b9,0xbf770fb8,
  0xbf7707b8,0xbf76ffb8,0xbf76f7b8,0xbf76efb7,0xbf76e7b7,0xbf76dfb7,0xbf76d7b7,0xbf76cfb6,
  0xbf76c7b6,0xbf76bfb6,0xbf76b7b6,0xbf76afb5,0xbf76a7b5,0xbf769fb5,0xbf7697b5,0xbf768fb4,
  0xbf7687b4,0xbf767fb4,0xbf7677b4,0xbf766fb3,0xbf7667b3,0xbf765fb3,0xbf7657b3,0xbf764fb2,
  0xbf7647b2,0xbf763fb2,0xbf7637b2,0xbf762fb1,0xbf7627b1,0xbf761fb1,0xbf7617b1,0xbf760fb0,
  0xbf7607b0,0xbf75ffb0,0xbf75f7b0,0xbf75efaf,0xbf75e7af,0xbf75dfaf,0xbf75d7af,0xbf75cfae,
  0xbf75c7ae,0xbf75bfae,0xbf75b7ae,0xbf75afad,0xbf75a7ad,0xbf759fad,0xbf7597ad,0xbf758fac,
  0xbf7587ac,0xbf757fac,0xbf7577ac,0xbf756fab,0xbf7567ab,0xbf755fab,0xbf7557ab,0xbf754faa,
  0xbf7547aa,0xbf753faa,0xbf7537aa,0xbf752fa9,0xbf7527a9,0xbf751fa9,0xbf7517a9,0xbf750fa8,
  0xbf7507a8,0xbf74ffa8,0xbf74f7a8,0xbf74efa7,0xbf74e7a7,0xbf74dfa7,0xbf74d7a7,0xbf74cfa6,
  0xbf74c7a6,0xbf74bfa6,0xbf74b7a6,0xbf74afa5,0xbf74a7a5,0xbf749fa5,0xbf7497a5,0xbf748fa4,
  0xbf7487a4,0xbf747fa4,0xbf7477a4,0xbf746fa3,0xbf7467a3,0xbf745fa3,0xbf7457a3,0xbf744fa2,
  0xbf7447a2,0xbf743fa2,0xbf7437a2,0xbf742fa1,0xbf7427a1,0xbf741fa1,0xbf7417a1,0xbf740fa0,
  0xbf7407a0,0xbf73ffa0,0xbf73f7a0,0xbf73ef9f,0xbf73e79f,0xbf73df9f,0xbf73d79f,0xbf73cf9e,
  0xbf73c79e,0xbf73bf9e,0xbf73b79e,0xbf73af9d,0xbf73a79d,0xbf739f9d,0xbf73979d,0xbf738f9c,
  0xbf73879c,0xbf737f9c,0xbf73779c,0xbf736f9b,0xbf73679b,0xbf735f9b,0xbf73579b,0xbf734f9a,
  0xbf73479a,0xbf733f9a,0xbf73379a,0xbf732f99,0xbf732799,0xbf731f99,0xbf731799,0xbf730f98,
  0xbf730798,0xbf72ff98,0xbf72f798,0xbf72ef97,0xbf72e797,0xbf72df97,0xbf72d797,0xbf72cf96,
  0xbf72c796,0xbf72bf96,0xbf72b796,0xbf72af95,0xbf72a795,0xbf729f95,0xbf729795,0xbf728f94,
  0xbf728794,0xbf727f94,0xbf727794,0xbf726f93,0xbf726793,0xbf725f93,0xbf725793,0xbf724f92,
  0xbf724792,0xbf723f92,0xbf723792,0xbf722f91,0xbf722791,0xbf721f91,0xbf721791,0xbf720f90,
  0xbf720790,0xbf71ff90,0xbf71f790,0xbf71ef8f,0xbf71e78f,0xbf71df8f,0xbf71d78f,0xbf71cf8e,
  0xbf71c78e,0xbf71bf8e,0xbf71b78e,0xbf71af8d,0xbf71a78d,0xbf719f8d,0xbf71978d,0xbf718f8c,
  0xbf71878c,0xbf717f8c,0xbf71778c,0xbf716f8b,0xbf71678b,0xbf715f8b,0xbf71578b,0xbf714f8a,
  0xbf71478a,0xbf713f8a,0xbf71378a,0xbf712f89,0xbf712789,0xbf711f89,0xbf711789,0xbf710f88,
  0xbf710788,0xbf70ff88,0xbf70f788,0xbf70ef87,0xbf70e787,0xbf70df87,0xbf70d787,0xbf70cf86,
  0xbf70c786,0xbf70bf86,0xbf70b786,0xbf70af85,0xbf70a785,0xbf709f85,0xbf709785,0xbf708f84,
  0xbf708784,0xbf707f84,0xbf707784,0xbf706f83,0xbf706783,0xbf705f83,0xbf705783,0xbf704f82,
  0xbf704782,0xbf703f82,0xbf703782,0xbf702f81,0xbf702781,0xbf701f81,0xbf701781,0xbf700f80,
  0xbf700780,0xbf6fff80,0xbf6ff780,0xbf6fef7f,0xbf6fe77f,0xbf6fdf7f,0xbf6fd77f,0xbf6fcf7e,
  0xbf6fc77e,0xbf6fbf7e,0xbf6fb77e,0xbf6faf7d,0xbf6fa77d,0xbf6f9f7d,0xbf6f977d,0xbf6f8f7c,
  0xbf6f877c,0xbf6f7f7c,0xbf6f777c,0xbf6f6f7b,0xbf6f677b,0xbf6f5f7b,0xbf6f577b,0xbf6f4f7a,
  0xbf6f477a,0xbf6f3f7a,0xbf6f377a,0xbf6f2f79,0xbf6f2779,0xbf6f1f79,0xbf6f1779,0xbf6f0f78,
  0xbf6f0778,0xbf6eff78,0xbf6ef778,0xbf6eef77,0xbf6ee777,0xbf6edf77,0xbf6ed777,0xbf6ecf76,
  0xbf6ec776,0xbf6ebf76,0xbf6eb776,0xbf6eaf75,0xbf6ea775,0xbf6e9f75,0xbf6e9775,0xbf6e8f74,
  0xbf6e8774,0xbf6e7f74,0xbf6e7774,0xbf6e6f73,0xbf6e6773,0xbf6e5f73,0xbf6e5773,0xbf6e4f72,
  0xbf6e4772,0xbf6e3f72,0xbf6e3772,0xbf6e2f71,0xbf6e2771,0xbf6e1f71,0xbf6e1771,0xbf6e0f70,
  0xbf6e0770,0xbf6dff70,0xbf6df770,0xbf6def6f,0xbf6de76f,0xbf6ddf6f,0xbf6dd76f,0xbf6dcf6e,
  0xbf6dc76e,0xbf6dbf6e,0xbf6db76e,0xbf6daf6d,0xbf6da76d,0xbf6d9f6d,0xbf6d976d,0xbf6d8f6c,
  0xbf6d876c,0xbf6d7f6c,0xbf6d776c,0xbf6d6f6b,0xbf6d676b,0xbf6d5f6b,0xbf6d576b,0xbf6d4f6a,
  0xbf6d476a,0xbf6d3f6a,0xbf6d376a,0xbf6d2f69,0xbf6d2769,0xbf6d1f69,0xbf6d1769,0xbf6d0f68,
  0xbf6d0768,0xbf6cff68,0xbf6cf768,0xbf6cef67,0xbf6ce767,0xbf6cdf67,0xbf6cd767,0xbf6ccf66,
  0xbf6cc766,0xbf6cbf66,0xbf6cb766,0xbf6caf65,0xbf6ca765,0xbf6c9f65,0xbf6c9765,0xbf6c8f64,
  0xbf6c8764,0xbf6c7f64,0xbf6c7764,0xbf6c6f63,0xbf6c6763,0xbf6c5f63,0xbf6c5763,0xbf6c4f62,
  0xbf6c4762,0xbf6c3f62,0xbf6c3762,0xbf6c2f61,0xbf6c2761,0xbf6c1f61,0xbf6c1761,0xbf6c0f60,
  0xbf6c0760,0xbf6bff60,0xbf6bf760,0xbf6bef5f,0xbf6be75f,0xbf6bdf5f,0xbf6bd75f,0xbf6bcf5e,
  0xbf6bc75e,0xbf6bbf5e,0xbf6bb75e,0xbf6baf5d,0xbf6ba75d,0xbf6b9f5d,0xbf6b975d,0xbf6b8f5c,
  0xbf6b875c,0xbf6b7f5c,0xbf6b775c,0xbf6b6f5b,0xbf6b675b,0xbf6b5f5b,0xbf6b575b,0xbf6b4f5a,
  0xbf6b475a,0xbf6b3f5a,0xbf6b375a,0xbf6b2f59,0xbf6b2759,0xbf6b1f59,0xbf6b1759,0xbf6b0f58,
  0xbf6b0758,0xbf6aff58,0xbf6af758,0xbf6aef57,0xbf6ae757,0xbf6adf57,0xbf6ad757,0xbf6acf56,
  0xbf6ac756,0xbf6abf56,0xbf6ab756,0xbf6aaf55,0xbf6aa755,0xbf6a9f55,0xbf6a9755,0xbf6a8f54,
  0xbf6a8754,0xbf6a7f54,0xbf6a7754,0xbf6a6f53,0xbf6a6753,0xbf6a5f53,0xbf6a5753,0xbf6a4f52,
  0xbf6a4752,0xbf6a3f52,0xbf6a3752,0xbf6a2f51,0xbf6a2751,0xbf6a1f51,0xbf6a1751,0xbf6a0f50,
  0xbf6a0750,0xbf69ff50,0xbf69f750,0xbf69ef4f,0xbf69e74f,0xbf69df4f,0xbf69d74f,0xbf69cf4e,
  0xbf69c74e,0xbf69bf4e,0xbf69b74e,0xbf69af4d,0xbf69a74d,0xbf699f4d,0xbf69974d,0xbf698f4c,
  0xbf69874c,0xbf697f4c,0xbf69774c,0xbf696f4b,0xbf69674b,0xbf695f4b,0xbf69574b,0xbf694f4a,
  0xbf69474a,0xbf693f4a,0xbf69374a,0xbf692f49,0xbf692749,0xbf691f49,0xbf691749,0xbf690f48,
  0xbf690748,0xbf68ff48,0xbf68f748,0xbf68ef47,0xbf68e747,0xbf68df47,0xbf68d747,0xbf68cf46,
  0xbf68c746,0xbf68bf46,0xbf68b746,0xbf68af45,0xbf68a745,0xbf689f45,0xbf689745,0xbf688f44,
  0xbf688744,0xbf687f44,0xbf687744,0xbf686f43,0xbf686743,0xbf685f43,0xbf685743,0xbf684f42,
  0xbf684742,0xbf683f42,0xbf683742,0xbf682f41,0xbf682741,0xbf681f41,0xbf681741,0xbf680f40,
  0xbf680740,0xbf67ff40,0xbf67f740,0xbf67ef3f,0xbf67e73f,0xbf67df3f,0xbf67d73f,0xbf67cf3e,
  0xbf67c73e,0xbf67bf3e,0xbf67b73e,0xbf67af3d,0xbf67a73d,0xbf679f3d,0xbf67973d,0xbf678f3c,
  0xbf67873c,0xbf677f3c,0xbf67773c,0xbf676f3b,0xbf67673b,0xbf675f3b,0xbf67573b,0xbf674f3a,
  0xbf67473a,0xbf673f3a,0xbf67373a,0xbf672f39,0xbf672739,0xbf671f39,0xbf671739,0xbf670f38,
  0xbf670738,0xbf66ff38,0xbf66f738,0xbf66ef37,0xbf66e737,0xbf66df37,0xbf66d737,0xbf66cf36,
  0xbf66c736,0xbf66bf36,0xbf66b736,0xbf66af35,0xbf66a735,0xbf669f35,0xbf669735,0xbf668f34,
  0xbf668734,0xbf667f34,0xbf667734,0xbf666f33,0xbf666733,0xbf665f33,0xbf665733,0xbf664f32,
  0xbf664732,0xbf663f32,0xbf663732,0xbf662f31,0xbf662731,0xbf661f31,0xbf661731,0xbf660f30,
  0xbf660730,0xbf65ff30,0xbf65f730,0xbf65ef2f,0xbf65e72f,0xbf65df2f,0xbf65d72f,0xbf65cf2e,
  0xbf65c72e,0xbf65bf2e,0xbf65b72e,0xbf65af2d,0xbf65a72d,0xbf659f2d,0xbf65972d,0xbf658f2c,
  0xbf65872c,0xbf657f2c,0xbf65772c,0xbf656f2b,0xbf65672b,0xbf655f2b,0xbf65572b,0xbf654f2a,
  0xbf65472a,0xbf653f2a,0xbf65372a,0xbf652f29,0xbf652729,0xbf651f29,0xbf651729,0xbf650f28,
  0xbf650728,0xbf64ff28,0xbf64f728,0xbf64ef27,0xbf64e727,0xbf64df27,0xbf64d727,0xbf64cf26,
  0xbf64c726,0xbf64bf26,0xbf64b726,0xbf64af25,0xbf64a725,0xbf649f25,0xbf649725,0xbf648f24,
  0xbf648724,0xbf647f24,0xbf647724,0xbf646f23,0xbf646723,0xbf645f23,0xbf645723,0xbf644f22,
  0xbf644722,0xbf643f22,0xbf643722,0xbf642f21,0xbf642721,0xbf641f21,0xbf641721,0xbf640f20,
  0xbf640720,0xbf63ff20,0xbf63f720,0xbf63ef1f,0xbf63e71f,0xbf63df1f,0xbf63d71f,0xbf63cf1e,
  0xbf63c71e,0xbf63bf1e,0xbf63b71e,0xbf63af1d,0xbf63a71d,0xbf639f1d,0xbf63971d,0xbf638f1c,
  0xbf63871c,0xbf637f1c,0xbf63771c,0xbf636f1b,0xbf63671b,0xbf635f1b,0xbf63571b,0xbf634f1a,
  0xbf63471a,0xbf633f1a,0xbf63371a,0xbf632f19,0xbf632719,0xbf631f19,0xbf631719,0xbf630f18,
  0xbf630718,0xbf62ff18,0xbf62f718,0xbf62ef17,0xbf62e717,0xbf62df17,0xbf62d717,0xbf62cf16,
  0xbf62c716,0xbf62bf16,0xbf62b716,0xbf62af15,0xbf62a715,0xbf629f15,0xbf629715,0xbf628f14,
  0xbf628714,0xbf627f14,0xbf627714,0xbf626f13,0xbf626713,0xbf625f13,0xbf625713,0xbf624f12,
  0xbf624712,0xbf623f12,0xbf623712,0xbf622f11,0xbf622711,0xbf621f11,0xbf621711,0xbf620f10,
  0xbf620710,0xbf61ff10,0xbf61f710,0xbf61ef0f,0xbf61e70f,0xbf61df0f,0xbf61d70f,0xbf61cf0e,
  0xbf61c70e,0xbf61bf0e,0xbf61b70e,0xbf61af0d,0xbf61a70d,0xbf619f0d,0xbf61970d,0xbf618f0c,
  0xbf61870c,0xbf617f0c,0xbf61770c,0xbf616f0b,0xbf61670b,0xbf615f0b,0xbf61570b,0xbf614f0a,
  0xbf61470a,0xbf613f0a,0xbf61370a,0xbf612f09,0xbf612709,0xbf611f09,0xbf611709,0xbf610f08,
  0xbf610708,0xbf60ff08,0xbf60f708,0xbf60ef07,0xbf60e707,0xbf60df07,0xbf60d707,0xbf60cf06,
  0xbf60c706,0xbf60bf06,0xbf60b706,0xbf60af05,0xbf60a705,0xbf609f05,0xbf609705,0xbf608f04,
  0xbf608704,0xbf607f04,0xbf607704,0xbf606f03,0xbf606703,0xbf605f03,0xbf605703,0xbf604f02,
  0xbf604702,0xbf603f02,0xbf603702,0xbf602f01,0xbf602701,0xbf601f01,0xbf601701,0xbf600f00,
  0xbf600700,0xbf5fff00,0xbf5ff700,0xbf5feeff,0xbf5fe6ff,0xbf5fdeff,0xbf5fd6ff,0xbf5fcefe,
  0xbf5fc6fe,0xbf5fbefe,0xbf5fb6fe,0xbf5faefd,0xbf5fa6fd,0xbf5f9efd,0xbf5f96fd,0xbf5f8efc,
  0xbf5f86fc,0xbf5f7efc,0xbf5f76fc,0xbf5f6efb,0xbf5f66fb,0xbf5f5efb,0xbf5f56fb,0xbf5f4efa,
  0xbf5f46fa,0xbf5f3efa,0xbf5f36fa,0xbf5f2ef9,0xbf5f26f9,0xbf5f1ef9,0xbf5f16f9,0xbf5f0ef8,
  0xbf5f06f8,0xbf5efef8,0xbf5ef6f8,0xbf5eeef7,0xbf5ee6f7,0xbf5edef7,0xbf5ed6f7,0xbf5ecef6,
  0xbf5ec6f6,0xbf5ebef6,0xbf5eb6f6,0xbf5eaef5,0xbf5ea6f5,0xbf5e9ef5,0xbf5e96f5,0xbf5e8ef4,
  0xbf5e86f4,0xbf5e7ef4,0xbf5e76f4,0xbf5e6ef3,0xbf5e66f3,0xbf5e5ef3,0xbf5e56f3,0xbf5e4ef2,
  0xbf5e46f2,0xbf5e3ef2,0xbf5e36f2,0xbf5e2ef1,0xbf5e26f1,0xbf5e1ef1,0xbf5e16f1,0xbf5e0ef0,
  0xbf5e06f0,0xbf5dfef0,0xbf5df6f0,0xbf5deeef,0xbf5de6ef,0xbf5ddeef,0xbf5dd6ef,0xbf5dceee,
  0xbf5dc6ee,0xbf5dbeee,0xbf5db6ee,0xbf5daeed,0xbf5da6ed,0xbf5d9eed,0xbf5d96ed,0xbf5d8eec,
  0xbf5d86ec,0xbf5d7eec,0xbf5d76ec,0xbf5d6eeb,0xbf5d66eb,0xbf5d5eeb,0xbf5d56eb,0xbf5d4eea,
  0xbf5d46ea,0xbf5d3eea,0xbf5d36ea,0xbf5d2ee9,0xbf5d26e9,0xbf5d1ee9,0xbf5d16e9,0xbf5d0ee8,
  0xbf5d06e8,0xbf5cfee8,0xbf5cf6e8,0xbf5ceee7,0xbf5ce6e7,0xbf5cdee7,0xbf5cd6e7,0xbf5ccee6,
  0xbf5cc6e6,0xbf5cbee6,0xbf5cb6e6,0xbf5caee5,0xbf5ca6e5,0xbf5c9ee5,0xbf5c96e5,0xbf5c8ee4,
  0xbf5c86e4,0xbf5c7ee4,0xbf5c76e4,0xbf5c6ee3,0xbf5c66e3,0xbf5c5ee3,0xbf5c56e3,0xbf5c4ee2,
  0xbf5c46e2,0xbf5c3ee2,0xbf5c36e2,0xbf5c2ee1,0xbf5c26e1,0xbf5c1ee1,0xbf5c16e1,0xbf5c0ee0,
  0xbf5c06e0,0xbf5bfee0,0xbf5bf6e0,0xbf5beedf,0xbf5be6df,0xbf5bdedf,0xbf5bd6df,0xbf5bcede,
  0xbf5bc6de,0xbf5bbede,0xbf5bb6de,0xbf5baedd,0xbf5ba6dd,0xbf5b9edd,0xbf5b96dd,0xbf5b8edc,
  0xbf5b86dc,0xbf5b7edc,0xbf5b76dc,0xbf5b6edb,0xbf5b66db,0xbf5b5edb,0xbf5b56db,0xbf5b4eda,
  0xbf5b46da,0xbf5b3eda,0xbf5b36da,0xbf5b2ed9,0xbf5b26d9,0xbf5b1ed9,0xbf5b16d9,0xbf5b0ed8,
  0xbf5b06d8,0xbf5afed8,0xbf5af6d8,0xbf5aeed7,0xbf5ae6d7,0xbf5aded7,0xbf5ad6d7,0xbf5aced6,
  0xbf5ac6d6,0xbf5abed6,0xbf5ab6d6,0xbf5aaed5,0xbf5aa6d5,0xbf5a9ed5,0xbf5a96d5,0xbf5a8ed4,
  0xbf5a86d4,0xbf5a7ed4,0xbf5a76d4,0xbf5a6ed3,0xbf5a66d3,0xbf5a5ed3,0xbf5a56d3,0xbf5a4ed2,
  0xbf5a46d2,0xbf5a3ed2,0xbf5a36d2,0xbf5a2ed1,0xbf5a26d1,0xbf5a1ed1,0xbf5a16d1,0xbf5a0ed0,
  0xbf5a06d0,0xbf59fed0,0xbf59f6d0,0xbf59eecf,0xbf59e6cf,0xbf59decf,0xbf59d6cf,0xbf59cece,
  0xbf59c6ce,0xbf59bece,0xbf59b6ce,0xbf59aecd,0xbf59a6cd,0xbf599ecd,0xbf5996cd,0xbf598ecc,
  0xbf5986cc,0xbf597ecc,0xbf5976cc,0xbf596ecb,0xbf5966cb,0xbf595ecb,0xbf5956cb,0xbf594eca,
  0xbf5946ca,0xbf593eca,0xbf5936ca,0xbf592ec9,0xbf5926c9,0xbf591ec9,0xbf5916c9,0xbf590ec8,
  0xbf5906c8,0xbf58fec8,0xbf58f6c8,0xbf58eec7,0xbf58e6c7,0xbf58dec7,0xbf58d6c7,0xbf58cec6,
  0xbf58c6c6,0xbf58bec6,0xbf58b6c6,0xbf58aec5,0xbf58a6c5,0xbf589ec5,0xbf5896c5,0xbf588ec4,
  0xbf5886c4,0xbf587ec4,0xbf5876c4,0xbf586ec3,0xbf5866c3,0xbf585ec3,0xbf5856c3,0xbf584ec2,
  0xbf5846c2,0xbf583ec2,0xbf5836c2,0xbf582ec1,0xbf5826c1,0xbf581ec1,0xbf5816c1,0xbf580ec0,
  0xbf5806c0,0xbf57fec0,0xbf57f6c0,0xbf57eebf,0xbf57e6bf,0xbf57debf,0xbf57d6bf,0xbf57cebe,
  0xbf57c6be,0xbf57bebe,0xbf57b6be,0xbf57aebd,0xbf57a6bd,0xbf579ebd,0xbf5796bd,0xbf578ebc,
  0xbf5786bc,0xbf577ebc,0xbf5776bc,0xbf576ebb,0xbf5766bb,0xbf575ebb,0xbf5756bb,0xbf574eba,
  0xbf5746ba,0xbf573eba,0xbf5736ba,0xbf572eb9,0xbf5726b9,0xbf571eb9,0xbf5716b9,0xbf570eb8,
  0xbf5706b8,0xbf56feb8,0xbf56f6b8,0xbf56eeb7,0xbf56e6b7,0xbf56deb7,0xbf56d6b7,0xbf56ceb6,
  0xbf56c6b6,0xbf56beb6,0xbf56b6b6,0xbf56aeb5,0xbf56a6b5,0xbf569eb5,0xbf5696b5,0xbf568eb4,
  0xbf5686b4,0xbf567eb4,0xbf5676b4,0xbf566eb3,0xbf5666b3,0xbf565eb3,0xbf5656b3,0xbf564eb2,
  0xbf5646b2,0xbf563eb2,0xbf5636b2,0xbf562eb1,0xbf5626b1,0xbf561eb1,0xbf5616b1,0xbf560eb0,
  0xbf5606b0,0xbf55feb0,0xbf55f6b0,0xbf55eeaf,0xbf55e6af,0xbf55deaf,0xbf55d6af,0xbf55ceae,
  0xbf55c6ae,0xbf55beae,0xbf55b6ae,0xbf55aead,0xbf55a6ad,0xbf559ead,0xbf5596ad,0xbf558eac,
  0xbf5586ac,0xbf557eac,0xbf5576ac,0xbf556eab,0xbf5566ab,0xbf555eab,0xbf5556ab,0xbf554eaa,
  0xbf5546aa,0xbf553eaa,0xbf5536aa,0xbf552ea9,0xbf5526a9,0xbf551ea9,0xbf5516a9,0xbf550ea8,
  0xbf5506a8,0xbf54fea8,0xbf54f6a8,0xbf54eea7,0xbf54e6a7,0xbf54dea7,0xbf54d6a7,0xbf54cea6,
  0xbf54c6a6,0xbf54bea6,0xbf54b6a6,0xbf54aea5,0xbf54a6a5,0xbf549ea5,0xbf5496a5,0xbf548ea4,
  0xbf5486a4,0xbf547ea4,0xbf5476a4,0xbf546ea3,0xbf5466a3,0xbf545ea3,0xbf5456a3,0xbf544ea2,
  0xbf5446a2,0xbf543ea2,0xbf5436a2,0xbf542ea1,0xbf5426a1,0xbf541ea1,0xbf5416a1,0xbf540ea0,
  0xbf5406a0,0xbf53fea0,0xbf53f6a0,0xbf53ee9f,0xbf53e69f,0xbf53de9f,0xbf53d69f,0xbf53ce9e,
  0xbf53c69e,0xbf53be9e,0xbf53b69e,0xbf53ae9d,0xbf53a69d,0xbf539e9d,0xbf53969d,0xbf538e9c,
  0xbf53869c,0xbf537e9c,0xbf53769c,0xbf536e9b,0xbf53669b,0xbf535e9b,0xbf53569b,0xbf534e9a,
  0xbf53469a,0xbf533e9a,0xbf53369a,0xbf532e99,0xbf532699,0xbf531e99,0xbf531699,0xbf530e98,
  0xbf530698,0xbf52fe98,0xbf52f698,0xbf52ee97,0xbf52e697,0xbf52de97,0xbf52d697,0xbf52ce96,
  0xbf52c696,0xbf52be96,0xbf52b696,0xbf52ae95,0xbf52a695,0xbf529e95,0xbf529695,0xbf528e94,
  0xbf528694,0xbf527e94,0xbf527694,0xbf526e93,0xbf526693,0xbf525e93,0xbf525693,0xbf524e92,
  0xbf524692,0xbf523e92,0xbf523692,0xbf522e91,0xbf522691,0xbf521e91,0xbf521691,0xbf520e90,
  0xbf520690,0xbf51fe90,0xbf51f690,0xbf51ee8f,0xbf51e68f,0xbf51de8f,0xbf51d68f,0xbf51ce8e,
  0xbf51c68e,0xbf51be8e,0xbf51b68e,0xbf51ae8d,0xbf51a68d,0xbf519e8d,0xbf51968d,0xbf518e8c,
  0xbf51868c,0xbf517e8c,0xbf51768c,0xbf516e8b,0xbf51668b,0xbf515e8b,0xbf51568b,0xbf514e8a,
  0xbf51468a,0xbf513e8a,0xbf51368a,0xbf512e89,0xbf512689,0xbf511e89,0xbf511689,0xbf510e88,
  0xbf510688,0xbf50fe88,0xbf50f688,0xbf50ee87,0xbf50e687,0xbf50de87,0xbf50d687,0xbf50ce86,
  0xbf50c686,0xbf50be86,0xbf50b686,0xbf50ae85,0xbf50a685,0xbf509e85,0xbf509685,0xbf508e84,
  0xbf508684,0xbf507e84,0xbf507684,0xbf506e83,0xbf506683,0xbf505e83,0xbf505683,0xbf504e82,
  0xbf504682,0xbf503e82,0xbf503682,0xbf502e81,0xbf502681,0xbf501e81,0xbf501681,0xbf500e80,
  0xbf500680,0xbf4ffe80,0xbf4ff680,0xbf4fee7f,0xbf4fe67f,0xbf4fde7f,0xbf4fd67f,0xbf4fce7e,
  0xbf4fc67e,0xbf4fbe7e,0xbf4fb67e,0xbf4fae7d,0xbf4fa67d,0xbf4f9e7d,0xbf4f967d,0xbf4f8e7c,
  0xbf4f867c,0xbf4f7e7c,0xbf4f767c,0xbf4f6e7b,0xbf4f667b,0xbf4f5e7b,0xbf4f567b,0xbf4f4e7a,
  0xbf4f467a,0xbf4f3e7a,0xbf4f367a,0xbf4f2e79,0xbf4f2679,0xbf4f1e79,0xbf4f1679,0xbf4f0e78,
  0xbf4f0678,0xbf4efe78,0xbf4ef678,0xbf4eee77,0xbf4ee677,0xbf4ede77,0xbf4ed677,0xbf4ece76,
  0xbf4ec676,0xbf4ebe76,0xbf4eb676,0xbf4eae75,0xbf4ea675,0xbf4e9e75,0xbf4e9675,0xbf4e8e74,
  0xbf4e8674,0xbf4e7e74,0xbf4e7674,0xbf4e6e73,0xbf4e6673,0xbf4e5e73,0xbf4e5673,0xbf4e4e72,
  0xbf4e4672,0xbf4e3e72,0xbf4e3672,0xbf4e2e71,0xbf4e2671,0xbf4e1e71,0xbf4e1671,0xbf4e0e70,
  0xbf4e0670,0xbf4dfe70,0xbf4df670,0xbf4dee6f,0xbf4de66f,0xbf4dde6f,0xbf4dd66f,0xbf4dce6e,
  0xbf4dc66e,0xbf4dbe6e,0xbf4db66e,0xbf4dae6d,0xbf4da66d,0xbf4d9e6d,0xbf4d966d,0xbf4d8e6c,
  0xbf4d866c,0xbf4d7e6c,0xbf4d766c,0xbf4d6e6b,0xbf4d666b,0xbf4d5e6b,0xbf4d566b,0xbf4d4e6a,
  0xbf4d466a,0xbf4d3e6a,0xbf4d366a,0xbf4d2e69,0xbf4d2669,0xbf4d1e69,0xbf4d1669,0xbf4d0e68,
  0xbf4d0668,0xbf4cfe68,0xbf4cf668,0xbf4cee67,0xbf4ce667,0xbf4cde67,0xbf4cd667,0xbf4cce66,
  0xbf4cc666,0xbf4cbe66,0xbf4cb666,0xbf4cae65,0xbf4ca665,0xbf4c9e65,0xbf4c9665,0xbf4c8e64,
  0xbf4c8664,0xbf4c7e64,0xbf4c7664,0xbf4c6e63,0xbf4c6663,0xbf4c5e63,0xbf4c5663,0xbf4c4e62,
  0xbf4c4662,0xbf4c3e62,0xbf4c3662,0xbf4c2e61,0xbf4c2661,0xbf4c1e61,0xbf4c1661,0xbf4c0e60,
  0xbf4c0660,0xbf4bfe60,0xbf4bf660,0xbf4bee5f,0xbf4be65f,0xbf4bde5f,0xbf4bd65f,0xbf4bce5e,
  0xbf4bc65e,0xbf4bbe5e,0xbf4bb65e,0xbf4bae5d,0xbf4ba65d,0xbf4b9e5d,0xbf4b965d,0xbf4b8e5c,
  0xbf4b865c,0xbf4b7e5c,0xbf4b765c,0xbf4b6e5b,0xbf4b665b,0xbf4b5e5b,0xbf4b565b,0xbf4b4e5a,
  0xbf4b465a,0xbf4b3e5a,0xbf4b365a,0xbf4b2e59,0xbf4b2659,0xbf4b1e59,0xbf4b1659,0xbf4b0e58,
  0xbf4b0658,0xbf4afe58,0xbf4af658,0xbf4aee57,0xbf4ae657,0xbf4ade57,0xbf4ad657,0xbf4ace56,
  0xbf4ac656,0xbf4abe56,0xbf4ab656,0xbf4aae55,0xbf4aa655,0xbf4a9e55,0xbf4a9655,0xbf4a8e54,
  0xbf4a8654,0xbf4a7e54,0xbf4a7654,0xbf4a6e53,0xbf4a6653,0xbf4a5e53,0xbf4a5653,0xbf4a4e52,
  0xbf4a4652,0xbf4a3e52,0xbf4a3652,0xbf4a2e51,0xbf4a2651,0xbf4a1e51,0xbf4a1651,0xbf4a0e50,
  0xbf4a0650,0xbf49fe50,0xbf49f650,0xbf49ee4f,0xbf49e64f,0xbf49de4f,0xbf49d64f,0xbf49ce4e,
  0xbf49c64e,0xbf49be4e,0xbf49b64e,0xbf49ae4d,0xbf49a64d,0xbf499e4d,0xbf49964d,0xbf498e4c,
  0xbf49864c,0xbf497e4c,0xbf49764c,0xbf496e4b,0xbf49664b,0xbf495e4b,0xbf49564b,0xbf494e4a,
  0xbf49464a,0xbf493e4a,0xbf49364a,0xbf492e49,0xbf492649,0xbf491e49,0xbf491649,0xbf490e48,
  0xbf490648,0xbf48fe48,0xbf48f648,0xbf48ee47,0xbf48e647,0xbf48de47,0xbf48d647,0xbf48ce46,
  0xbf48c646,0xbf48be46,0xbf48b646,0xbf48ae45,0xbf48a645,0xbf489e45,0xbf489645,0xbf488e44,
  0xbf488644,0xbf487e44,0xbf487644,0xbf486e43,0xbf486643,0xbf485e43,0xbf485643,0xbf484e42,
  0xbf484642,0xbf483e42,0xbf483642,0xbf482e41,0xbf482641,0xbf481e41,0xbf481641,0xbf480e40,
  0xbf480640,0xbf47fe40,0xbf47f640,0xbf47ee3f,0xbf47e63f,0xbf47de3f,0xbf47d63f,0xbf47ce3e,
  0xbf47c63e,0xbf47be3e,0xbf47b63e,0xbf47ae3d,0xbf47a63d,0xbf479e3d,0xbf47963d,0xbf478e3c,
  0xbf47863c,0xbf477e3c,0xbf47763c,0xbf476e3b,0xbf47663b,0xbf475e3b,0xbf47563b,0xbf474e3a,
  0xbf47463a,0xbf473e3a,0xbf47363a,0xbf472e39,0xbf472639,0xbf471e39,0xbf471639,0xbf470e38,
  0xbf470638,0xbf46fe38,0xbf46f638,0xbf46ee37,0xbf46e637,0xbf46de37,0xbf46d637,0xbf46ce36,
  0xbf46c636,0xbf46be36,0xbf46b636,0xbf46ae35,0xbf46a635,0xbf469e35,0xbf469635,0xbf468e34,
  0xbf468634,0xbf467e34,0xbf467634,0xbf466e33,0xbf466633,0xbf465e33,0xbf465633,0xbf464e32,
  0xbf464632,0xbf463e32,0xbf463632,0xbf462e31,0xbf462631,0xbf461e31,0xbf461631,0xbf460e30,
  0xbf460630,0xbf45fe30,0xbf45f630,0xbf45ee2f,0xbf45e62f,0xbf45de2f,0xbf45d62f,0xbf45ce2e,
  0xbf45c62e,0xbf45be2e,0xbf45b62e,0xbf45ae2d,0xbf45a62d,0xbf459e2d,0xbf45962d,0xbf458e2c,
  0xbf45862c,0xbf457e2c,0xbf45762c,0xbf456e2b,0xbf45662b,0xbf455e2b,0xbf45562b,0xbf454e2a,
  0xbf45462a,0xbf453e2a,0xbf45362a,0xbf452e29,0xbf452629,0xbf451e29,0xbf451629,0xbf450e28,
  0xbf450628,0xbf44fe28,0xbf44f628,0xbf44ee27,0xbf44e627,0xbf44de27,0xbf44d627,0xbf44ce26,
  0xbf44c626,0xbf44be26,0xbf44b626,0xbf44ae25,0xbf44a625,0xbf449e25,0xbf449625,0xbf448e24,
  0xbf448624,0xbf447e24,0xbf447624,0xbf446e23,0xbf446623,0xbf445e23,0xbf445623,0xbf444e22,
  0xbf444622,0xbf443e22,0xbf443622,0xbf442e21,0xbf442621,0xbf441e21,0xbf441621,0xbf440e20,
  0xbf440620,0xbf43fe20,0xbf43f620,0xbf43ee1f,0xbf43e61f,0xbf43de1f,0xbf43d61f,0xbf43ce1e,
  0xbf43c61e,0xbf43be1e,0xbf43b61e,0xbf43ae1d,0xbf43a61d,0xbf439e1d,0xbf43961d,0xbf438e1c,
  0xbf43861c,0xbf437e1c,0xbf43761c,0xbf436e1b,0xbf43661b,0xbf435e1b,0xbf43561b,0xbf434e1a,
  0xbf43461a,0xbf433e1a,0xbf43361a,0xbf432e19,0xbf432619,0xbf431e19,0xbf431619,0xbf430e18,
  0xbf430618,0xbf42fe18,0xbf42f618,0xbf42ee17,0xbf42e617,0xbf42de17,0xbf42d617,0xbf42ce16,
  0xbf42c616,0xbf42be16,0xbf42b616,0xbf42ae15,0xbf42a615,0xbf429e15,0xbf429615,0xbf428e14,
  0xbf428614,0xbf427e14,0xbf427614,0xbf426e13,0xbf426613,0xbf425e13,0xbf425613,0xbf424e12,
  0xbf424612,0xbf423e12,0xbf423612,0xbf422e11,0xbf422611,0xbf421e11,0xbf421611,0xbf420e10,
  0xbf420610,0xbf41fe10,0xbf41f610,0xbf41ee0f,0xbf41e60f,0xbf41de0f,0xbf41d60f,0xbf41ce0e,
  0xbf41c60e,0xbf41be0e,0xbf41b60e,0xbf41ae0d,0xbf41a60d,0xbf419e0d,0xbf41960d,0xbf418e0c,
  0xbf41860c,0xbf417e0c,0xbf41760c,0xbf416e0b,0xbf41660b,0xbf415e0b,0xbf41560b,0xbf414e0a,
  0xbf41460a,0xbf413e0a,0xbf41360a,0xbf412e09,0xbf412609,0xbf411e09,0xbf411609,0xbf410e08,
  0xbf410608,0xbf40fe08,0xbf40f608,0xbf40ee07,0xbf40e607,0xbf40de07,0xbf40d607,0xbf40ce06,
  0xbf40c606,0xbf40be06,0xbf40b606,0xbf40ae05,0xbf40a605,0xbf409e05,0xbf409605,0xbf408e04,
  0xbf408604,0xbf407e04,0xbf407604,0xbf406e03,0xbf406603,0xbf405e03,0xbf405603,0xbf404e02,
  0xbf404602,0xbf403e02,0xbf403602,0xbf402e01,0xbf402601,0xbf401e01,0xbf401601,0xbf400e00,
  0xbf400600,0xbf3ffe00,0xbf3ff600,0xbf3fedff,0xbf3fe5ff,0xbf3fddff,0xbf3fd5ff,0xbf3fcdfe,
  0xbf3fc5fe,0xbf3fbdfe,0xbf3fb5fe,0xbf3fadfd,0xbf3fa5fd,0xbf3f9dfd,0xbf3f95fd,0xbf3f8dfc,
  0xbf3f85fc,0xbf3f7dfc,0xbf3f75fc,0xbf3f6dfb,0xbf3f65fb,0xbf3f5dfb,0xbf3f55fb,0xbf3f4dfa,
  0xbf3f45fa,0xbf3f3dfa,0xbf3f35fa,0xbf3f2df9,0xbf3f25f9,0xbf3f1df9,0xbf3f15f9,0xbf3f0df8,
  0xbf3f05f8,0xbf3efdf8,0xbf3ef5f8,0xbf3eedf7,0xbf3ee5f7,0xbf3eddf7,0xbf3ed5f7,0xbf3ecdf6,
  0xbf3ec5f6,0xbf3ebdf6,0xbf3eb5f6,0xbf3eadf5,0xbf3ea5f5,0xbf3e9df5,0xbf3e95f5,0xbf3e8df4,
  0xbf3e85f4,0xbf3e7df4,0xbf3e75f4,0xbf3e6df3,0xbf3e65f3,0xbf3e5df3,0xbf3e55f3,0xbf3e4df2,
  0xbf3e45f2,0xbf3e3df2,0xbf3e35f2,0xbf3e2df1,0xbf3e25f1,0xbf3e1df1,0xbf3e15f1,0xbf3e0df0,
  0xbf3e05f0,0xbf3dfdf0,0xbf3df5f0,0xbf3dedef,0xbf3de5ef,0xbf3dddef,0xbf3dd5ef,0xbf3dcdee,
  0xbf3dc5ee,0xbf3dbdee,0xbf3db5ee,0xbf3daded,0xbf3da5ed,0xbf3d9ded,0xbf3d95ed,0xbf3d8dec,
  0xbf3d85ec,0xbf3d7dec,0xbf3d75ec,0xbf3d6deb,0xbf3d65eb,0xbf3d5deb,0xbf3d55eb,0xbf3d4dea,
  0xbf3d45ea,0xbf3d3dea,0xbf3d35ea,0xbf3d2de9,0xbf3d25e9,0xbf3d1de9,0xbf3d15e9,0xbf3d0de8,
  0xbf3d05e8,0xbf3cfde8,0xbf3cf5e8,0xbf3cede7,0xbf3ce5e7,0xbf3cdde7,0xbf3cd5e7,0xbf3ccde6,
  0xbf3cc5e6,0xbf3cbde6,0xbf3cb5e6,0xbf3cade5,0xbf3ca5e5,0xbf3c9de5,0xbf3c95e5,0xbf3c8de4,
  0xbf3c85e4,0xbf3c7de4,0xbf3c75e4,0xbf3c6de3,0xbf3c65e3,0xbf3c5de3,0xbf3c55e3,0xbf3c4de2,
  0xbf3c45e2,0xbf3c3de2,0xbf3c35e2,0xbf3c2de1,0xbf3c25e1,0xbf3c1de1,0xbf3c15e1,0xbf3c0de0,
  0xbf3c05e0,0xbf3bfde0,0xbf3bf5e0,0xbf3beddf,0xbf3be5df,0xbf3bdddf,0xbf3bd5df,0xbf3bcdde,
  0xbf3bc5de,0xbf3bbdde,0xbf3bb5de,0xbf3baddd,0xbf3ba5dd,0xbf3b9ddd,0xbf3b95dd,0xbf3b8ddc,
  0xbf3b85dc,0xbf3b7ddc,0xbf3b75dc,0xbf3b6ddb,0xbf3b65db,0xbf3b5ddb,0xbf3b55db,0xbf3b4dda,
  0xbf3b45da,0xbf3b3dda,0xbf3b35da,0xbf3b2dd9,0xbf3b25d9,0xbf3b1dd9,0xbf3b15d9,0xbf3b0dd8,
  0xbf3b05d8,0xbf3afdd8,0xbf3af5d8,0xbf3aedd7,0xbf3ae5d7,0xbf3addd7,0xbf3ad5d7,0xbf3acdd6,
  0xbf3ac5d6,0xbf3abdd6,0xbf3ab5d6,0xbf3aadd5,0xbf3aa5d5,0xbf3a9dd5,0xbf3a95d5,0xbf3a8dd4,
  0xbf3a85d4,0xbf3a7dd4,0xbf3a75d4,0xbf3a6dd3,0xbf3a65d3,0xbf3a5dd3,0xbf3a55d3,0xbf3a4dd2,
  0xbf3a45d2,0xbf3a3dd2,0xbf3a35d2,0xbf3a2dd1,0xbf3a25d1,0xbf3a1dd1,0xbf3a15d1,0xbf3a0dd0,
  0xbf3a05d0,0xbf39fdd0,0xbf39f5d0,0xbf39edcf,0xbf39e5cf,0xbf39ddcf,0xbf39d5cf,0xbf39cdce,
  0xbf39c5ce,0xbf39bdce,0xbf39b5ce,0xbf39adcd,0xbf39a5cd,0xbf399dcd,0xbf3995cd,0xbf398dcc,
  0xbf3985cc,0xbf397dcc,0xbf3975cc,0xbf396dcb,0xbf3965cb,0xbf395dcb,0xbf3955cb,0xbf394dca,
  0xbf3945ca,0xbf393dca,0xbf3935ca,0xbf392dc9,0xbf3925c9,0xbf391dc9,0xbf3915c9,0xbf390dc8,
  0xbf3905c8,0xbf38fdc8,0xbf38f5c8,0xbf38edc7,0xbf38e5c7,0xbf38ddc7,0xbf38d5c7,0xbf38cdc6,
  0xbf38c5c6,0xbf38bdc6,0xbf38b5c6,0xbf38adc5,0xbf38a5c5,0xbf389dc5,0xbf3895c5,0xbf388dc4,
  0xbf3885c4,0xbf387dc4,0xbf3875c4,0xbf386dc3,0xbf3865c3,0xbf385dc3,0xbf3855c3,0xbf384dc2,
  0xbf3845c2,0xbf383dc2,0xbf3835c2,0xbf382dc1,0xbf3825c1,0xbf381dc1,0xbf3815c1,0xbf380dc0,
  0xbf3805c0,0xbf37fdc0,0xbf37f5c0,0xbf37edbf,0xbf37e5bf,0xbf37ddbf,0xbf37d5bf,0xbf37cdbe,
  0xbf37c5be,0xbf37bdbe,0xbf37b5be,0xbf37adbd,0xbf37a5bd,0xbf379dbd,0xbf3795bd,0xbf378dbc,
  0xbf3785bc,0xbf377dbc,0xbf3775bc,0xbf376dbb,0xbf3765bb,0xbf375dbb,0xbf3755bb,0xbf374dba,
  0xbf3745ba,0xbf373dba,0xbf3735ba,0xbf372db9,0xbf3725b9,0xbf371db9,0xbf3715b9,0xbf370db8,
  0xbf3705b8,0xbf36fdb8,0xbf36f5b8,0xbf36edb7,0xbf36e5b7,0xbf36ddb7,0xbf36d5b7,0xbf36cdb6,
  0xbf36c5b6,0xbf36bdb6,0xbf36b5b6,0xbf36adb5,0xbf36a5b5,0xbf369db5,0xbf3695b5,0xbf368db4,
  0xbf3685b4,0xbf367db4,0xbf3675b4,0xbf366db3,0xbf3665b3,0xbf365db3,0xbf3655b3,0xbf364db2,
  0xbf3645b2,0xbf363db2,0xbf3635b2,0xbf362db1,0xbf3625b1,0xbf361db1,0xbf3615b1,0xbf360db0,
  0xbf3605b0,0xbf35fdb0,0xbf35f5b0,0xbf35edaf,0xbf35e5af,0xbf35ddaf,0xbf35d5af,0xbf35cdae,
  0xbf35c5ae,0xbf35bdae,0xbf35b5ae,0xbf35adad,0xbf35a5ad,0xbf359dad,0xbf3595ad,0xbf358dac,
  0xbf3585ac,0xbf357dac,0xbf3575ac,0xbf356dab,0xbf3565ab,0xbf355dab,0xbf3555ab,0xbf354daa,
  0xbf3545aa,0xbf353daa,0xbf3535aa,0xbf352da9,0xbf3525a9,0xbf351da9,0xbf3515a9,0xbf350da8,
  0xbf3505a8,0xbf34fda8,0xbf34f5a8,0xbf34eda7,0xbf34e5a7,0xbf34dda7,0xbf34d5a7,0xbf34cda6,
  0xbf34c5a6,0xbf34bda6,0xbf34b5a6,0xbf34ada5,0xbf34a5a5,0xbf349da5,0xbf3495a5,0xbf348da4,
  0xbf3485a4,0xbf347da4,0xbf3475a4,0xbf346da3,0xbf3465a3,0xbf345da3,0xbf3455a3,0xbf344da2,
  0xbf3445a2,0xbf343da2,0xbf3435a2,0xbf342da1,0xbf3425a1,0xbf341da1,0xbf3415a1,0xbf340da0,
  0xbf3405a0,0xbf33fda0,0xbf33f5a0,0xbf33ed9f,0xbf33e59f,0xbf33dd9f,0xbf33d59f,0xbf33cd9e,
  0xbf33c59e,0xbf33bd9e,0xbf33b59e,0xbf33ad9d,0xbf33a59d,0xbf339d9d,0xbf33959d,0xbf338d9c,
  0xbf33859c,0xbf337d9c,0xbf33759c,0xbf336d9b,0xbf33659b,0xbf335d9b,0xbf33559b,0xbf334d9a,
  0xbf33459a,0xbf333d9a,0xbf33359a,0xbf332d99,0xbf332599,0xbf331d99,0xbf331599,0xbf330d98,
  0xbf330598,0xbf32fd98,0xbf32f598,0xbf32ed97,0xbf32e597,0xbf32dd97,0xbf32d597,0xbf32cd96,
  0xbf32c596,0xbf32bd96,0xbf32b596,0xbf32ad95,0xbf32a595,0xbf329d95,0xbf329595,0xbf328d94,
  0xbf328594,0xbf327d94,0xbf327594,0xbf326d93,0xbf326593,0xbf325d93,0xbf325593,0xbf324d92,
  0xbf324592,0xbf323d92,0xbf323592,0xbf322d91,0xbf322591,0xbf321d91,0xbf321591,0xbf320d90,
  0xbf320590,0xbf31fd90,0xbf31f590,0xbf31ed8f,0xbf31e58f,0xbf31dd8f,0xbf31d58f,0xbf31cd8e,
  0xbf31c58e,0xbf31bd8e,0xbf31b58e,0xbf31ad8d,0xbf31a58d,0xbf319d8d,0xbf31958d,0xbf318d8c,
  0xbf31858c,0xbf317d8c,0xbf31758c,0xbf316d8b,0xbf31658b,0xbf315d8b,0xbf31558b,0xbf314d8a,
  0xbf31458a,0xbf313d8a,0xbf31358a,0xbf312d89,0xbf312589,0xbf311d89,0xbf311589,0xbf310d88,
  0xbf310588,0xbf30fd88,0xbf30f588,0xbf30ed87,0xbf30e587,0xbf30dd87,0xbf30d587,0xbf30cd86,
  0xbf30c586,0xbf30bd86,0xbf30b586,0xbf30ad85,0xbf30a585,0xbf309d85,0xbf309585,0xbf308d84,
  0xbf308584,0xbf307d84,0xbf307584,0xbf306d83,0xbf306583,0xbf305d83,0xbf305583,0xbf304d82,
  0xbf304582,0xbf303d82,0xbf303582,0xbf302d81,0xbf302581,0xbf301d81,0xbf301581,0xbf300d80,
  0xbf300580,0xbf2ffd80,0xbf2ff580,0xbf2fed7f,0xbf2fe57f,0xbf2fdd7f,0xbf2fd57f,0xbf2fcd7e,
  0xbf2fc57e,0xbf2fbd7e,0xbf2fb57e,0xbf2fad7d,0xbf2fa57d,0xbf2f9d7d,0xbf2f957d,0xbf2f8d7c,
  0xbf2f857c,0xbf2f7d7c,0xbf2f757c,0xbf2f6d7b,0xbf2f657b,0xbf2f5d7b,0xbf2f557b,0xbf2f4d7a,
  0xbf2f457a,0xbf2f3d7a,0xbf2f357a,0xbf2f2d79,0xbf2f2579,0xbf2f1d79,0xbf2f1579,0xbf2f0d78,
  0xbf2f0578,0xbf2efd78,0xbf2ef578,0xbf2eed77,0xbf2ee577,0xbf2edd77,0xbf2ed577,0xbf2ecd76,
  0xbf2ec576,0xbf2ebd76,0xbf2eb576,0xbf2ead75,0xbf2ea575,0xbf2e9d75,0xbf2e9575,0xbf2e8d74,
  0xbf2e8574,0xbf2e7d74,0xbf2e7574,0xbf2e6d73,0xbf2e6573,0xbf2e5d73,0xbf2e5573,0xbf2e4d72,
  0xbf2e4572,0xbf2e3d72,0xbf2e3572,0xbf2e2d71,0xbf2e2571,0xbf2e1d71,0xbf2e1571,0xbf2e0d70,
  0xbf2e0570,0xbf2dfd70,0xbf2df570,0xbf2ded6f,0xbf2de56f,0xbf2ddd6f,0xbf2dd56f,0xbf2dcd6e,
  0xbf2dc56e,0xbf2dbd6e,0xbf2db56e,0xbf2dad6d,0xbf2da56d,0xbf2d9d6d,0xbf2d956d,0xbf2d8d6c,
  0xbf2d856c,0xbf2d7d6c,0xbf2d756c,0xbf2d6d6b,0xbf2d656b,0xbf2d5d6b,0xbf2d556b,0xbf2d4d6a,
  0xbf2d456a,0xbf2d3d6a,0xbf2d356a,0xbf2d2d69,0xbf2d2569,0xbf2d1d69,0xbf2d1569,0xbf2d0d68,
  0xbf2d0568,0xbf2cfd68,0xbf2cf568,0xbf2ced67,0xbf2ce567,0xbf2cdd67,0xbf2cd567,0xbf2ccd66,
  0xbf2cc566,0xbf2cbd66,0xbf2cb566,0xbf2cad65,0xbf2ca565,0xbf2c9d65,0xbf2c9565,0xbf2c8d64,
  0xbf2c8564,0xbf2c7d64,0xbf2c7564,0xbf2c6d63,0xbf2c6563,0xbf2c5d63,0xbf2c5563,0xbf2c4d62,
  0xbf2c4562,0xbf2c3d62,0xbf2c3562,0xbf2c2d61,0xbf2c2561,0xbf2c1d61,0xbf2c1561,0xbf2c0d60,
  0xbf2c0560,0xbf2bfd60,0xbf2bf560,0xbf2bed5f,0xbf2be55f,0xbf2bdd5f,0xbf2bd55f,0xbf2bcd5e,
  0xbf2bc55e,0xbf2bbd5e,0xbf2bb55e,0xbf2bad5d,0xbf2ba55d,0xbf2b9d5d,0xbf2b955d,0xbf2b8d5c,
  0xbf2b855c,0xbf2b7d5c,0xbf2b755c,0xbf2b6d5b,0xbf2b655b,0xbf2b5d5b,0xbf2b555b,0xbf2b4d5a,
  0xbf2b455a,0xbf2b3d5a,0xbf2b355a,0xbf2b2d59,0xbf2b2559,0xbf2b1d59,0xbf2b1559,0xbf2b0d58,
  0xbf2b0558,0xbf2afd58,0xbf2af558,0xbf2aed57,0xbf2ae557,0xbf2add57,0xbf2ad557,0xbf2acd56,
  0xbf2ac556,0xbf2abd56,0xbf2ab556,0xbf2aad55,0xbf2aa555,0xbf2a9d55,0xbf2a9555,0xbf2a8d54,
  0xbf2a8554,0xbf2a7d54,0xbf2a7554,0xbf2a6d53,0xbf2a6553,0xbf2a5d53,0xbf2a5553,0xbf2a4d52,
  0xbf2a4552,0xbf2a3d52,0xbf2a3552,0xbf2a2d51,0xbf2a2551,0xbf2a1d51,0xbf2a1551,0xbf2a0d50,
  0xbf2a0550,0xbf29fd50,0xbf29f550,0xbf29ed4f,0xbf29e54f,0xbf29dd4f,0xbf29d54f,0xbf29cd4e,
  0xbf29c54e,0xbf29bd4e,0xbf29b54e,0xbf29ad4d,0xbf29a54d,0xbf299d4d,0xbf29954d,0xbf298d4c,
  0xbf29854c,0xbf297d4c,0xbf29754c,0xbf296d4b,0xbf29654b,0xbf295d4b,0xbf29554b,0xbf294d4a,
  0xbf29454a,0xbf293d4a,0xbf29354a,0xbf292d49,0xbf292549,0xbf291d49,0xbf291549,0xbf290d48,
  0xbf290548,0xbf28fd48,0xbf28f548,0xbf28ed47,0xbf28e547,0xbf28dd47,0xbf28d547,0xbf28cd46,
  0xbf28c546,0xbf28bd46,0xbf28b546,0xbf28ad45,0xbf28a545,0xbf289d45,0xbf289545,0xbf288d44,
  0xbf288544,0xbf287d44,0xbf287544,0xbf286d43,0xbf286543,0xbf285d43,0xbf285543,0xbf284d42,
  0xbf284542,0xbf283d42,0xbf283542,0xbf282d41,0xbf282541,0xbf281d41,0xbf281541,0xbf280d40,
  0xbf280540,0xbf27fd40,0xbf27f540,0xbf27ed3f,0xbf27e53f,0xbf27dd3f,0xbf27d53f,0xbf27cd3e,
  0xbf27c53e,0xbf27bd3e,0xbf27b53e,0xbf27ad3d,0xbf27a53d,0xbf279d3d,0xbf27953d,0xbf278d3c,
  0xbf27853c,0xbf277d3c,0xbf27753c,0xbf276d3b,0xbf27653b,0xbf275d3b,0xbf27553b,0xbf274d3a,
  0xbf27453a,0xbf273d3a,0xbf27353a,0xbf272d39,0xbf272539,0xbf271d39,0xbf271539,0xbf270d38,
  0xbf270538,0xbf26fd38,0xbf26f538,0xbf26ed37,0xbf26e537,0xbf26dd37,0xbf26d537,0xbf26cd36,
  0xbf26c536,0xbf26bd36,0xbf26b536,0xbf26ad35,0xbf26a535,0xbf269d35,0xbf269535,0xbf268d34,
  0xbf268534,0xbf267d34,0xbf267534,0xbf266d33,0xbf266533,0xbf265d33,0xbf265533,0xbf264d32,
  0xbf264532,0xbf263d32,0xbf263532,0xbf262d31,0xbf262531,0xbf261d31,0xbf261531,0xbf260d30,
  0xbf260530,0xbf25fd30,0xbf25f530,0xbf25ed2f,0xbf25e52f,0xbf25dd2f,0xbf25d52f,0xbf25cd2e,
  0xbf25c52e,0xbf25bd2e,0xbf25b52e,0xbf25ad2d,0xbf25a52d,0xbf259d2d,0xbf25952d,0xbf258d2c,
  0xbf25852c,0xbf257d2c,0xbf25752c,0xbf256d2b,0xbf25652b,0xbf255d2b,0xbf25552b,0xbf254d2a,
  0xbf25452a,0xbf253d2a,0xbf25352a,0xbf252d29,0xbf252529,0xbf251d29,0xbf251529,0xbf250d28,
  0xbf250528,0xbf24fd28,0xbf24f528,0xbf24ed27,0xbf24e527,0xbf24dd27,0xbf24d527,0xbf24cd26,
  0xbf24c526,0xbf24bd26,0xbf24b526,0xbf24ad25,0xbf24a525,0xbf249d25,0xbf249525,0xbf248d24,
  0xbf248524,0xbf247d24,0xbf247524,0xbf246d23,0xbf246523,0xbf245d23,0xbf245523,0xbf244d22,
  0xbf244522,0xbf243d22,0xbf243522,0xbf242d21,0xbf242521,0xbf241d21,0xbf241521,0xbf240d20,
  0xbf240520,0xbf23fd20,0xbf23f520,0xbf23ed1f,0xbf23e51f,0xbf23dd1f,0xbf23d51f,0xbf23cd1e,
  0xbf23c51e,0xbf23bd1e,0xbf23b51e,0xbf23ad1d,0xbf23a51d,0xbf239d1d,0xbf23951d,0xbf238d1c,
  0xbf23851c,0xbf237d1c,0xbf23751c,0xbf236d1b,0xbf23651b,0xbf235d1b,0xbf23551b,0xbf234d1a,
  0xbf23451a,0xbf233d1a,0xbf23351a,0xbf232d19,0xbf232519,0xbf231d19,0xbf231519,0xbf230d18,
  0xbf230518,0xbf22fd18,0xbf22f518,0xbf22ed17,0xbf22e517,0xbf22dd17,0xbf22d517,0xbf22cd16,
  0xbf22c516,0xbf22bd16,0xbf22b516,0xbf22ad15,0xbf22a515,0xbf229d15,0xbf229515,0xbf228d14,
  0xbf228514,0xbf227d14,0xbf227514,0xbf226d13,0xbf226513,0xbf225d13,0xbf225513,0xbf224d12,
  0xbf224512,0xbf223d12,0xbf223512,0xbf222d11,0xbf222511,0xbf221d11,0xbf221511,0xbf220d10,
  0xbf220510,0xbf21fd10,0xbf21f510,0xbf21ed0f,0xbf21e50f,0xbf21dd0f,0xbf21d50f,0xbf21cd0e,
  0xbf21c50e,0xbf21bd0e,0xbf21b50e,0xbf21ad0d,0xbf21a50d,0xbf219d0d,0xbf21950d,0xbf218d0c,
  0xbf21850c,0xbf217d0c,0xbf21750c,0xbf216d0b,0xbf21650b,0xbf215d0b,0xbf21550b,0xbf214d0a,
  0xbf21450a,0xbf213d0a,0xbf21350a,0xbf212d09,0xbf212509,0xbf211d09,0xbf211509,0xbf210d08,
  0xbf210508,0xbf20fd08,0xbf20f508,0xbf20ed07,0xbf20e507,0xbf20dd07,0xbf20d507,0xbf20cd06,
  0xbf20c506,0xbf20bd06,0xbf20b506,0xbf20ad05,0xbf20a505,0xbf209d05,0xbf209505,0xbf208d04,
  0xbf208504,0xbf207d04,0xbf207504,0xbf206d03,0xbf206503,0xbf205d03,0xbf205503,0xbf204d02,
  0xbf204502,0xbf203d02,0xbf203502,0xbf202d01,0xbf202501,0xbf201d01,0xbf201501,0xbf200d00,
  0xbf200500,0xbf1ffd00,0xbf1ff500,0xbf1fecff,0xbf1fe4ff,0xbf1fdcff,0xbf1fd4ff,0xbf1fccfe,
  0xbf1fc4fe,0xbf1fbcfe,0xbf1fb4fe,0xbf1facfd,0xbf1fa4fd,0xbf1f9cfd,0xbf1f94fd,0xbf1f8cfc,
  0xbf1f84fc,0xbf1f7cfc,0xbf1f74fc,0xbf1f6cfb,0xbf1f64fb,0xbf1f5cfb,0xbf1f54fb,0xbf1f4cfa,
  0xbf1f44fa,0xbf1f3cfa,0xbf1f34fa,0xbf1f2cf9,0xbf1f24f9,0xbf1f1cf9,0xbf1f14f9,0xbf1f0cf8,
  0xbf1f04f8,0xbf1efcf8,0xbf1ef4f8,0xbf1eecf7,0xbf1ee4f7,0xbf1edcf7,0xbf1ed4f7,0xbf1eccf6,
  0xbf1ec4f6,0xbf1ebcf6,0xbf1eb4f6,0xbf1eacf5,0xbf1ea4f5,0xbf1e9cf5,0xbf1e94f5,0xbf1e8cf4,
  0xbf1e84f4,0xbf1e7cf4,0xbf1e74f4,0xbf1e6cf3,0xbf1e64f3,0xbf1e5cf3,0xbf1e54f3,0xbf1e4cf2,
  0xbf1e44f2,0xbf1e3cf2,0xbf1e34f2,0xbf1e2cf1,0xbf1e24f1,0xbf1e1cf1,0xbf1e14f1,0xbf1e0cf0,
  0xbf1e04f0,0xbf1dfcf0,0xbf1df4f0,0xbf1decef,0xbf1de4ef,0xbf1ddcef,0xbf1dd4ef,0xbf1dccee,
  0xbf1dc4ee,0xbf1dbcee,0xbf1db4ee,0xbf1daced,0xbf1da4ed,0xbf1d9ced,0xbf1d94ed,0xbf1d8cec,
  0xbf1d84ec,0xbf1d7cec,0xbf1d74ec,0xbf1d6ceb,0xbf1d64eb,0xbf1d5ceb,0xbf1d54eb,0xbf1d4cea,
  0xbf1d44ea,0xbf1d3cea,0xbf1d34ea,0xbf1d2ce9,0xbf1d24e9,0xbf1d1ce9,0xbf1d14e9,0xbf1d0ce8,
  0xbf1d04e8,0xbf1cfce8,0xbf1cf4e8,0xbf1cece7,0xbf1ce4e7,0xbf1cdce7,0xbf1cd4e7,0xbf1ccce6,
  0xbf1cc4e6,0xbf1cbce6,0xbf1cb4e6,0xbf1cace5,0xbf1ca4e5,0xbf1c9ce5,0xbf1c94e5,0xbf1c8ce4,
  0xbf1c84e4,0xbf1c7ce4,0xbf1c74e4,0xbf1c6ce3,0xbf1c64e3,0xbf1c5ce3,0xbf1c54e3,0xbf1c4ce2,
  0xbf1c44e2,0xbf1c3ce2,0xbf1c34e2,0xbf1c2ce1,0xbf1c24e1,0xbf1c1ce1,0xbf1c14e1,0xbf1c0ce0,
  0xbf1c04e0,0xbf1bfce0,0xbf1bf4e0,0xbf1becdf,0xbf1be4df,0xbf1bdcdf,0xbf1bd4df,0xbf1bccde,
  0xbf1bc4de,0xbf1bbcde,0xbf1bb4de,0xbf1bacdd,0xbf1ba4dd,0xbf1b9cdd,0xbf1b94dd,0xbf1b8cdc,
  0xbf1b84dc,0xbf1b7cdc,0xbf1b74dc,0xbf1b6cdb,0xbf1b64db,0xbf1b5cdb,0xbf1b54db,0xbf1b4cda,
  0xbf1b44da,0xbf1b3cda,0xbf1b34da,0xbf1b2cd9,0xbf1b24d9,0xbf1b1cd9,0xbf1b14d9,0xbf1b0cd8,
  0xbf1b04d8,0xbf1afcd8,0xbf1af4d8,0xbf1aecd7,0xbf1ae4d7,0xbf1adcd7,0xbf1ad4d7,0xbf1accd6,
  0xbf1ac4d6,0xbf1abcd6,0xbf1ab4d6,0xbf1aacd5,0xbf1aa4d5,0xbf1a9cd5,0xbf1a94d5,0xbf1a8cd4,
  0xbf1a84d4,0xbf1a7cd4,0xbf1a74d4,0xbf1a6cd3,0xbf1a64d3,0xbf1a5cd3,0xbf1a54d3,0xbf1a4cd2,
  0xbf1a44d2,0xbf1a3cd2,0xbf1a34d2,0xbf1a2cd1,0xbf1a24d1,0xbf1a1cd1,0xbf1a14d1,0xbf1a0cd0,
  0xbf1a04d0,0xbf19fcd0,0xbf19f4d0,0xbf19eccf,0xbf19e4cf,0xbf19dccf,0xbf19d4cf,0xbf19ccce,
  0xbf19c4ce,0xbf19bcce,0xbf19b4ce,0xbf19accd,0xbf19a4cd,0xbf199ccd,0xbf1994cd,0xbf198ccc,
  0xbf1984cc,0xbf197ccc,0xbf1974cc,0xbf196ccb,0xbf1964cb,0xbf195ccb,0xbf1954cb,0xbf194cca,
  0xbf1944ca,0xbf193cca,0xbf1934ca,0xbf192cc9,0xbf1924c9,0xbf191cc9,0xbf1914c9,0xbf190cc8,
  0xbf1904c8,0xbf18fcc8,0xbf18f4c8,0xbf18ecc7,0xbf18e4c7,0xbf18dcc7,0xbf18d4c7,0xbf18ccc6,
  0xbf18c4c6,0xbf18bcc6,0xbf18b4c6,0xbf18acc5,0xbf18a4c5,0xbf189cc5,0xbf1894c5,0xbf188cc4,
  0xbf1884c4,0xbf187cc4,0xbf1874c4,0xbf186cc3,0xbf1864c3,0xbf185cc3,0xbf1854c3,0xbf184cc2,
  0xbf1844c2,0xbf183cc2,0xbf1834c2,0xbf182cc1,0xbf1824c1,0xbf181cc1,0xbf1814c1,0xbf180cc0,
  0xbf1804c0,0xbf17fcc0,0xbf17f4c0,0xbf17ecbf,0xbf17e4bf,0xbf17dcbf,0xbf17d4bf,0xbf17ccbe,
  0xbf17c4be,0xbf17bcbe,0xbf17b4be,0xbf17acbd,0xbf17a4bd,0xbf179cbd,0xbf1794bd,0xbf178cbc,
  0xbf1784bc,0xbf177cbc,0xbf1774bc,0xbf176cbb,0xbf1764bb,0xbf175cbb,0xbf1754bb,0xbf174cba,
  0xbf1744ba,0xbf173cba,0xbf1734ba,0xbf172cb9,0xbf1724b9,0xbf171cb9,0xbf1714b9,0xbf170cb8,
  0xbf1704b8,0xbf16fcb8,0xbf16f4b8,0xbf16ecb7,0xbf16e4b7,0xbf16dcb7,0xbf16d4b7,0xbf16ccb6,
  0xbf16c4b6,0xbf16bcb6,0xbf16b4b6,0xbf16acb5,0xbf16a4b5,0xbf169cb5,0xbf1694b5,0xbf168cb4,
  0xbf1684b4,0xbf167cb4,0xbf1674b4,0xbf166cb3,0xbf1664b3,0xbf165cb3,0xbf1654b3,0xbf164cb2,
  0xbf1644b2,0xbf163cb2,0xbf1634b2,0xbf162cb1,0xbf1624b1,0xbf161cb1,0xbf1614b1,0xbf160cb0,
  0xbf1604b0,0xbf15fcb0,0xbf15f4b0,0xbf15ecaf,0xbf15e4af,0xbf15dcaf,0xbf15d4af,0xbf15ccae,
  0xbf15c4ae,0xbf15bcae,0xbf15b4ae,0xbf15acad,0xbf15a4ad,0xbf159cad,0xbf1594ad,0xbf158cac,
  0xbf1584ac,0xbf157cac,0xbf1574ac,0xbf156cab,0xbf1564ab,0xbf155cab,0xbf1554ab,0xbf154caa,
  0xbf1544aa,0xbf153caa,0xbf1534aa,0xbf152ca9,0xbf1524a9,0xbf151ca9,0xbf1514a9,0xbf150ca8,
  0xbf1504a8,0xbf14fca8,0xbf14f4a8,0xbf14eca7,0xbf14e4a7,0xbf14dca7,0xbf14d4a7,0xbf14cca6,
  0xbf14c4a6,0xbf14bca6,0xbf14b4a6,0xbf14aca5,0xbf14a4a5,0xbf149ca5,0xbf1494a5,0xbf148ca4,
  0xbf1484a4,0xbf147ca4,0xbf1474a4,0xbf146ca3,0xbf1464a3,0xbf145ca3,0xbf1454a3,0xbf144ca2,
  0xbf1444a2,0xbf143ca2,0xbf1434a2,0xbf142ca1,0xbf1424a1,0xbf141ca1,0xbf1414a1,0xbf140ca0,
  0xbf1404a0,0xbf13fca0,0xbf13f4a0,0xbf13ec9f,0xbf13e49f,0xbf13dc9f,0xbf13d49f,0xbf13cc9e,
  0xbf13c49e,0xbf13bc9e,0xbf13b49e,0xbf13ac9d,0xbf13a49d,0xbf139c9d,0xbf13949d,0xbf138c9c,
  0xbf13849c,0xbf137c9c,0xbf13749c,0xbf136c9b,0xbf13649b,0xbf135c9b,0xbf13549b,0xbf134c9a,
  0xbf13449a,0xbf133c9a,0xbf13349a,0xbf132c99,0xbf132499,0xbf131c99,0xbf131499,0xbf130c98,
  0xbf130498,0xbf12fc98,0xbf12f498,0xbf12ec97,0xbf12e497,0xbf12dc97,0xbf12d497,0xbf12cc96,
  0xbf12c496,0xbf12bc96,0xbf12b496,0xbf12ac95,0xbf12a495,0xbf129c95,0xbf129495,0xbf128c94,
  0xbf128494,0xbf127c94,0xbf127494,0xbf126c93,0xbf126493,0xbf125c93,0xbf125493,0xbf124c92,
  0xbf124492,0xbf123c92,0xbf123492,0xbf122c91,0xbf122491,0xbf121c91,0xbf121491,0xbf120c90,
  0xbf120490,0xbf11fc90,0xbf11f490,0xbf11ec8f,0xbf11e48f,0xbf11dc8f,0xbf11d48f,0xbf11cc8e,
  0xbf11c48e,0xbf11bc8e,0xbf11b48e,0xbf11ac8d,0xbf11a48d,0xbf119c8d,0xbf11948d,0xbf118c8c,
  0xbf11848c,0xbf117c8c,0xbf11748c,0xbf116c8b,0xbf11648b,0xbf115c8b,0xbf11548b,0xbf114c8a,
  0xbf11448a,0xbf113c8a,0xbf11348a,0xbf112c89,0xbf112489,0xbf111c89,0xbf111489,0xbf110c88,
  0xbf110488,0xbf10fc88,0xbf10f488,0xbf10ec87,0xbf10e487,0xbf10dc87,0xbf10d487,0xbf10cc86,
  0xbf10c486,0xbf10bc86,0xbf10b486,0xbf10ac85,0xbf10a485,0xbf109c85,0xbf109485,0xbf108c84,
  0xbf108484,0xbf107c84,0xbf107484,0xbf106c83,0xbf106483,0xbf105c83,0xbf105483,0xbf104c82,
  0xbf104482,0xbf103c82,0xbf103482,0xbf102c81,0xbf102481,0xbf101c81,0xbf101481,0xbf100c80,
  0xbf100480,0xbf0ffc80,0xbf0ff480,0xbf0fec7f,0xbf0fe47f,0xbf0fdc7f,0xbf0fd47f,0xbf0fcc7e,
  0xbf0fc47e,0xbf0fbc7e,0xbf0fb47e,0xbf0fac7d,0xbf0fa47d,0xbf0f9c7d,0xbf0f947d,0xbf0f8c7c,
  0xbf0f847c,0xbf0f7c7c,0xbf0f747c,0xbf0f6c7b,0xbf0f647b,0xbf0f5c7b,0xbf0f547b,0xbf0f4c7a,
  0xbf0f447a,0xbf0f3c7a,0xbf0f347a,0xbf0f2c79,0xbf0f2479,0xbf0f1c79,0xbf0f1479,0xbf0f0c78,
  0xbf0f0478,0xbf0efc78,0xbf0ef478,0xbf0eec77,0xbf0ee477,0xbf0edc77,0xbf0ed477,0xbf0ecc76,
  0xbf0ec476,0xbf0ebc76,0xbf0eb476,0xbf0eac75,0xbf0ea475,0xbf0e9c75,0xbf0e9475,0xbf0e8c74,
  0xbf0e8474,0xbf0e7c74,0xbf0e7474,0xbf0e6c73,0xbf0e6473,0xbf0e5c73,0xbf0e5473,0xbf0e4c72,
  0xbf0e4472,0xbf0e3c72,0xbf0e3472,0xbf0e2c71,0xbf0e2471,0xbf0e1c71,0xbf0e1471,0xbf0e0c70,
  0xbf0e0470,0xbf0dfc70,0xbf0df470,0xbf0dec6f,0xbf0de46f,0xbf0ddc6f,0xbf0dd46f,0xbf0dcc6e,
  0xbf0dc46e,0xbf0dbc6e,0xbf0db46e,0xbf0dac6d,0xbf0da46d,0xbf0d9c6d,0xbf0d946d,0xbf0d8c6c,
  0xbf0d846c,0xbf0d7c6c,0xbf0d746c,0xbf0d6c6b,0xbf0d646b,0xbf0d5c6b,0xbf0d546b,0xbf0d4c6a,
  0xbf0d446a,0xbf0d3c6a,0xbf0d346a,0xbf0d2c69,0xbf0d2469,0xbf0d1c69,0xbf0d1469,0xbf0d0c68,
  0xbf0d0468,0xbf0cfc68,0xbf0cf468,0xbf0cec67,0xbf0ce467,0xbf0cdc67,0xbf0cd467,0xbf0ccc66,
  0xbf0cc466,0xbf0cbc66,0xbf0cb466,0xbf0cac65,0xbf0ca465,0xbf0c9c65,0xbf0c9465,0xbf0c8c64,
  0xbf0c8464,0xbf0c7c64,0xbf0c7464,0xbf0c6c63,0xbf0c6463,0xbf0c5c63,0xbf0c5463,0xbf0c4c62,
  0xbf0c4462,0xbf0c3c62,0xbf0c3462,0xbf0c2c61,0xbf0c2461,0xbf0c1c61,0xbf0c1461,0xbf0c0c60,
  0xbf0c0460,0xbf0bfc60,0xbf0bf460,0xbf0bec5f,0xbf0be45f,0xbf0bdc5f,0xbf0bd45f,0xbf0bcc5e,
  0xbf0bc45e,0xbf0bbc5e,0xbf0bb45e,0xbf0bac5d,0xbf0ba45d,0xbf0b9c5d,0xbf0b945d,0xbf0b8c5c,
  0xbf0b845c,0xbf0b7c5c,0xbf0b745c,0xbf0b6c5b,0xbf0b645b,0xbf0b5c5b,0xbf0b545b,0xbf0b4c5a,
  0xbf0b445a,0xbf0b3c5a,0xbf0b345a,0xbf0b2c59,0xbf0b2459,0xbf0b1c59,0xbf0b1459,0xbf0b0c58,
  0xbf0b0458,0xbf0afc58,0xbf0af458,0xbf0aec57,0xbf0ae457,0xbf0adc57,0xbf0ad457,0xbf0acc56,
  0xbf0ac456,0xbf0abc56,0xbf0ab456,0xbf0aac55,0xbf0aa455,0xbf0a9c55,0xbf0a9455,0xbf0a8c54,
  0xbf0a8454,0xbf0a7c54,0xbf0a7454,0xbf0a6c53,0xbf0a6453,0xbf0a5c53,0xbf0a5453,0xbf0a4c52,
  0xbf0a4452,0xbf0a3c52,0xbf0a3452,0xbf0a2c51,0xbf0a2451,0xbf0a1c51,0xbf0a1451,0xbf0a0c50,
  0xbf0a0450,0xbf09fc50,0xbf09f450,0xbf09ec4f,0xbf09e44f,0xbf09dc4f,0xbf09d44f,0xbf09cc4e,
  0xbf09c44e,0xbf09bc4e,0xbf09b44e,0xbf09ac4d,0xbf09a44d,0xbf099c4d,0xbf09944d,0xbf098c4c,
  0xbf09844c,0xbf097c4c,0xbf09744c,0xbf096c4b,0xbf09644b,0xbf095c4b,0xbf09544b,0xbf094c4a,
  0xbf09444a,0xbf093c4a,0xbf09344a,0xbf092c49,0xbf092449,0xbf091c49,0xbf091449,0xbf090c48,
  0xbf090448,0xbf08fc48,0xbf08f448,0xbf08ec47,0xbf08e447,0xbf08dc47,0xbf08d447,0xbf08cc46,
  0xbf08c446,0xbf08bc46,0xbf08b446,0xbf08ac45,0xbf08a445,0xbf089c45,0xbf089445,0xbf088c44,
  0xbf088444,0xbf087c44,0xbf087444,0xbf086c43,0xbf086443,0xbf085c43,0xbf085443,0xbf084c42,
  0xbf084442,0xbf083c42,0xbf083442,0xbf082c41,0xbf082441,0xbf081c41,0xbf081441,0xbf080c40,
  0xbf080440,0xbf07fc40,0xbf07f440,0xbf07ec3f,0xbf07e43f,0xbf07dc3f,0xbf07d43f,0xbf07cc3e,
  0xbf07c43e,0xbf07bc3e,0xbf07b43e,0xbf07ac3d,0xbf07a43d,0xbf079c3d,0xbf07943d,0xbf078c3c,
  0xbf07843c,0xbf077c3c,0xbf07743c,0xbf076c3b,0xbf07643b,0xbf075c3b,0xbf07543b,0xbf074c3a,
  0xbf07443a,0xbf073c3a,0xbf07343a,0xbf072c39,0xbf072439,0xbf071c39,0xbf071439,0xbf070c38,
  0xbf070438,0xbf06fc38,0xbf06f438,0xbf06ec37,0xbf06e437,0xbf06dc37,0xbf06d437,0xbf06cc36,
  0xbf06c436,0xbf06bc36,0xbf06b436,0xbf06ac35,0xbf06a435,0xbf069c35,0xbf069435,0xbf068c34,
  0xbf068434,0xbf067c34,0xbf067434,0xbf066c33,0xbf066433,0xbf065c33,0xbf065433,0xbf064c32,
  0xbf064432,0xbf063c32,0xbf063432,0xbf062c31,0xbf062431,0xbf061c31,0xbf061431,0xbf060c30,
  0xbf060430,0xbf05fc30,0xbf05f430,0xbf05ec2f,0xbf05e42f,0xbf05dc2f,0xbf05d42f,0xbf05cc2e,
  0xbf05c42e,0xbf05bc2e,0xbf05b42e,0xbf05ac2d,0xbf05a42d,0xbf059c2d,0xbf05942d,0xbf058c2c,
  0xbf05842c,0xbf057c2c,0xbf05742c,0xbf056c2b,0xbf05642b,0xbf055c2b,0xbf05542b,0xbf054c2a,
  0xbf05442a,0xbf053c2a,0xbf05342a,0xbf052c29,0xbf052429,0xbf051c29,0xbf051429,0xbf050c28,
  0xbf050428,0xbf04fc28,0xbf04f428,0xbf04ec27,0xbf04e427,0xbf04dc27,0xbf04d427,0xbf04cc26,
  0xbf04c426,0xbf04bc26,0xbf04b426,0xbf04ac25,0xbf04a425,0xbf049c25,0xbf049425,0xbf048c24,
  0xbf048424,0xbf047c24,0xbf047424,0xbf046c23,0xbf046423,0xbf045c23,0xbf045423,0xbf044c22,
  0xbf044422,0xbf043c22,0xbf043422,0xbf042c21,0xbf042421,0xbf041c21,0xbf041421,0xbf040c20,
  0xbf040420,0xbf03fc20,0xbf03f420,0xbf03ec1f,0xbf03e41f,0xbf03dc1f,0xbf03d41f,0xbf03cc1e,
  0xbf03c41e,0xbf03bc1e,0xbf03b41e,0xbf03ac1d,0xbf03a41d,0xbf039c1d,0xbf03941d,0xbf038c1c,
  0xbf03841c,0xbf037c1c,0xbf03741c,0xbf036c1b,0xbf03641b,0xbf035c1b,0xbf03541b,0xbf034c1a,
  0xbf03441a,0xbf033c1a,0xbf03341a,0xbf032c19,0xbf032419,0xbf031c19,0xbf031419,0xbf030c18,
  0xbf030418,0xbf02fc18,0xbf02f418,0xbf02ec17,0xbf02e417,0xbf02dc17,0xbf02d417,0xbf02cc16,
  0xbf02c416,0xbf02bc16,0xbf02b416,0xbf02ac15,0xbf02a415,0xbf029c15,0xbf029415,0xbf028c14,
  0xbf028414,0xbf027c14,0xbf027414,0xbf026c13,0xbf026413,0xbf025c13,0xbf025413,0xbf024c12,
  0xbf024412,0xbf023c12,0xbf023412,0xbf022c11,0xbf022411,0xbf021c11,0xbf021411,0xbf020c10,
  0xbf020410,0xbf01fc10,0xbf01f410,0xbf01ec0f,0xbf01e40f,0xbf01dc0f,0xbf01d40f,0xbf01cc0e,
  0xbf01c40e,0xbf01bc0e,0xbf01b40e,0xbf01ac0d,0xbf01a40d,0xbf019c0d,0xbf01940d,0xbf018c0c,
  0xbf01840c,0xbf017c0c,0xbf01740c,0xbf016c0b,0xbf01640b,0xbf015c0b,0xbf01540b,0xbf014c0a,
  0xbf01440a,0xbf013c0a,0xbf01340a,0xbf012c09,0xbf012409,0xbf011c09,0xbf011409,0xbf010c08,
  0xbf010408,0xbf00fc08,0xbf00f408,0xbf00ec07,0xbf00e407,0xbf00dc07,0xbf00d407,0xbf00cc06,
  0xbf00c406,0xbf00bc06,0xbf00b406,0xbf00ac05,0xbf00a405,0xbf009c05,0xbf009405,0xbf008c04,
  0xbf008404,0xbf007c04,0xbf007404,0xbf006c03,0xbf006403,0xbf005c03,0xbf005403,0xbf004c02,
  0xbf004402,0xbf003c02,0xbf003402,0xbf002c01,0xbf002401,0xbf001c01,0xbf001401,0xbf000c00,
  0xbf000400,0xbefff800,0xbeffe7ff,0xbeffd7ff,0xbeffc7fe,0xbeffb7fe,0xbeffa7fd,0xbeff97fd,
  0xbeff87fc,0xbeff77fc,0xbeff67fb,0xbeff57fb,0xbeff47fa,0xbeff37fa,0xbeff27f9,0xbeff17f9,
  0xbeff07f8,0xbefef7f8,0xbefee7f7,0xbefed7f7,0xbefec7f6,0xbefeb7f6,0xbefea7f5,0xbefe97f5,
  0xbefe87f4,0xbefe77f4,0xbefe67f3,0xbefe57f3,0xbefe47f2,0xbefe37f2,0xbefe27f1,0xbefe17f1,
  0xbefe07f0,0xbefdf7f0,0xbefde7ef,0xbefdd7ef,0xbefdc7ee,0xbefdb7ee,0xbefda7ed,0xbefd97ed,
  0xbefd87ec,0xbefd77ec,0xbefd67eb,0xbefd57eb,0xbefd47ea,0xbefd37ea,0xbefd27e9,0xbefd17e9,
  0xbefd07e8,0xbefcf7e8,0xbefce7e7,0xbefcd7e7,0xbefcc7e6,0xbefcb7e6,0xbefca7e5,0xbefc97e5,
  0xbefc87e4,0xbefc77e4,0xbefc67e3,0xbefc57e3,0xbefc47e2,0xbefc37e2,0xbefc27e1,0xbefc17e1,
  0xbefc07e0,0xbefbf7e0,0xbefbe7df,0xbefbd7df,0xbefbc7de,0xbefbb7de,0xbefba7dd,0xbefb97dd,
  0xbefb87dc,0xbefb77dc,0xbefb67db,0xbefb57db,0xbefb47da,0xbefb37da,0xbefb27d9,0xbefb17d9,
  0xbefb07d8,0xbefaf7d8,0xbefae7d7,0xbefad7d7,0xbefac7d6,0xbefab7d6,0xbefaa7d5,0xbefa97d5,
  0xbefa87d4,0xbefa77d4,0xbefa67d3,0xbefa57d3,0xbefa47d2,0xbefa37d2,0xbefa27d1,0xbefa17d1,
  0xbefa07d0,0xbef9f7d0,0xbef9e7cf,0xbef9d7cf,0xbef9c7ce,0xbef9b7ce,0xbef9a7cd,0xbef997cd,
  0xbef987cc,0xbef977cc,0xbef967cb,0xbef957cb,0xbef947ca,0xbef937ca,0xbef927c9,0xbef917c9,
  0xbef907c8,0xbef8f7c8,0xbef8e7c7,0xbef8d7c7,0xbef8c7c6,0xbef8b7c6,0xbef8a7c5,0xbef897c5,
  0xbef887c4,0xbef877c4,0xbef867c3,0xbef857c3,0xbef847c2,0xbef837c2,0xbef827c1,0xbef817c1,
  0xbef807c0,0xbef7f7c0,0xbef7e7bf,0xbef7d7bf,0xbef7c7be,0xbef7b7be,0xbef7a7bd,0xbef797bd,
  0xbef787bc,0xbef777bc,0xbef767bb,0xbef757bb,0xbef747ba,0xbef737ba,0xbef727b9,0xbef717b9,
  0xbef707b8,0xbef6f7b8,0xbef6e7b7,0xbef6d7b7,0xbef6c7b6,0xbef6b7b6,0xbef6a7b5,0xbef697b5,
  0xbef687b4,0xbef677b4,0xbef667b3,0xbef657b3,0xbef647b2,0xbef637b2,0xbef627b1,0xbef617b1,
  0xbef607b0,0xbef5f7b0,0xbef5e7af,0xbef5d7af,0xbef5c7ae,0xbef5b7ae,0xbef5a7ad,0xbef597ad,
  0xbef587ac,0xbef577ac,0xbef567ab,0xbef557ab,0xbef547aa,0xbef537aa,0xbef527a9,0xbef517a9,
  0xbef507a8,0xbef4f7a8,0xbef4e7a7,0xbef4d7a7,0xbef4c7a6,0xbef4b7a6,0xbef4a7a5,0xbef497a5,
  0xbef487a4,0xbef477a4,0xbef467a3,0xbef457a3,0xbef447a2,0xbef437a2,0xbef427a1,0xbef417a1,
  0xbef407a0,0xbef3f7a0,0xbef3e79f,0xbef3d79f,0xbef3c79e,0xbef3b79e,0xbef3a79d,0xbef3979d,
  0xbef3879c,0xbef3779c,0xbef3679b,0xbef3579b,0xbef3479a,0xbef3379a,0xbef32799,0xbef31799,
  0xbef30798,0xbef2f798,0xbef2e797,0xbef2d797,0xbef2c796,0xbef2b796,0xbef2a795,0xbef29795,
  0xbef28794,0xbef27794,0xbef26793,0xbef25793,0xbef24792,0xbef23792,0xbef22791,0xbef21791,
  0xbef20790,0xbef1f790,0xbef1e78f,0xbef1d78f,0xbef1c78e,0xbef1b78e,0xbef1a78d,0xbef1978d,
  0xbef1878c,0xbef1778c,0xbef1678b,0xbef1578b,0xbef1478a,0xbef1378a,0xbef12789,0xbef11789,
  0xbef10788,0xbef0f788,0xbef0e787,0xbef0d787,0xbef0c786,0xbef0b786,0xbef0a785,0xbef09785,
  0xbef08784,0xbef07784,0xbef06783,0xbef05783,0xbef04782,0xbef03782,0xbef02781,0xbef01781,
  0xbef00780,0xbeeff780,0xbeefe77f,0xbeefd77f,0xbeefc77e,0xbeefb77e,0xbeefa77d,0xbeef977d,
  0xbeef877c,0xbeef777c,0xbeef677b,0xbeef577b,0xbeef477a,0xbeef377a,0xbeef2779,0xbeef1779,
  0xbeef0778,0xbeeef778,0xbeeee777,0xbeeed777,0xbeeec776,0xbeeeb776,0xbeeea775,0xbeee9775,
  0xbeee8774,0xbeee7774,0xbeee6773,0xbeee5773,0xbeee4772,0xbeee3772,0xbeee2771,0xbeee1771,
  0xbeee0770,0xbeedf770,0xbeede76f,0xbeedd76f,0xbeedc76e,0xbeedb76e,0xbeeda76d,0xbeed976d,
  0xbeed876c,0xbeed776c,0xbeed676b,0xbeed576b,0xbeed476a,0xbeed376a,0xbeed2769,0xbeed1769,
  0xbeed0768,0xbeecf768,0xbeece767,0xbeecd767,0xbeecc766,0xbeecb766,0xbeeca765,0xbeec9765,
  0xbeec8764,0xbeec7764,0xbeec6763,0xbeec5763,0xbeec4762,0xbeec3762,0xbeec2761,0xbeec1761,
  0xbeec0760,0xbeebf760,0xbeebe75f,0xbeebd75f,0xbeebc75e,0xbeebb75e,0xbeeba75d,0xbeeb975d,
  0xbeeb875c,0xbeeb775c,0xbeeb675b,0xbeeb575b,0xbeeb475a,0xbeeb375a,0xbeeb2759,0xbeeb1759,
  0xbeeb0758,0xbeeaf758,0xbeeae757,0xbeead757,0xbeeac756,0xbeeab756,0xbeeaa755,0xbeea9755,
  0xbeea8754,0xbeea7754,0xbeea6753,0xbeea5753,0xbeea4752,0xbeea3752,0xbeea2751,0xbeea1751,
  0xbeea0750,0xbee9f750,0xbee9e74f,0xbee9d74f,0xbee9c74e,0xbee9b74e,0xbee9a74d,0xbee9974d,
  0xbee9874c,0xbee9774c,0xbee9674b,0xbee9574b,0xbee9474a,0xbee9374a,0xbee92749,0xbee91749,
  0xbee90748,0xbee8f748,0xbee8e747,0xbee8d747,0xbee8c746,0xbee8b746,0xbee8a745,0xbee89745,
  0xbee88744,0xbee87744,0xbee86743,0xbee85743,0xbee84742,0xbee83742,0xbee82741,0xbee81741,
  0xbee80740,0xbee7f740,0xbee7e73f,0xbee7d73f,0xbee7c73e,0xbee7b73e,0xbee7a73d,0xbee7973d,
  0xbee7873c,0xbee7773c,0xbee7673b,0xbee7573b,0xbee7473a,0xbee7373a,0xbee72739,0xbee71739,
  0xbee70738,0xbee6f738,0xbee6e737,0xbee6d737,0xbee6c736,0xbee6b736,0xbee6a735,0xbee69735,
  0xbee68734,0xbee67734,0xbee66733,0xbee65733,0xbee64732,0xbee63732,0xbee62731,0xbee61731,
  0xbee60730,0xbee5f730,0xbee5e72f,0xbee5d72f,0xbee5c72e,0xbee5b72e,0xbee5a72d,0xbee5972d,
  0xbee5872c,0xbee5772c,0xbee5672b,0xbee5572b,0xbee5472a,0xbee5372a,0xbee52729,0xbee51729,
  0xbee50728,0xbee4f728,0xbee4e727,0xbee4d727,0xbee4c726,0xbee4b726,0xbee4a725,0xbee49725,
  0xbee48724,0xbee47724,0xbee46723,0xbee45723,0xbee44722,0xbee43722,0xbee42721,0xbee41721,
  0xbee40720,0xbee3f720,0xbee3e71f,0xbee3d71f,0xbee3c71e,0xbee3b71e,0xbee3a71d,0xbee3971d,
  0xbee3871c,0xbee3771c,0xbee3671b,0xbee3571b,0xbee3471a,0xbee3371a,0xbee32719,0xbee31719,
  0xbee30718,0xbee2f718,0xbee2e717,0xbee2d717,0xbee2c716,0xbee2b716,0xbee2a715,0xbee29715,
  0xbee28714,0xbee27714,0xbee26713,0xbee25713,0xbee24712,0xbee23712,0xbee22711,0xbee21711,
  0xbee20710,0xbee1f710,0xbee1e70f,0xbee1d70f,0xbee1c70e,0xbee1b70e,0xbee1a70d,0xbee1970d,
  0xbee1870c,0xbee1770c,0xbee1670b,0xbee1570b,0xbee1470a,0xbee1370a,0xbee12709,0xbee11709,
  0xbee10708,0xbee0f708,0xbee0e707,0xbee0d707,0xbee0c706,0xbee0b706,0xbee0a705,0xbee09705,
  0xbee08704,0xbee07704,0xbee06703,0xbee05703,0xbee04702,0xbee03702,0xbee02701,0xbee01701,
  0xbee00700,0xbedff700,0xbedfe6ff,0xbedfd6ff,0xbedfc6fe,0xbedfb6fe,0xbedfa6fd,0xbedf96fd,
  0xbedf86fc,0xbedf76fc,0xbedf66fb,0xbedf56fb,0xbedf46fa,0xbedf36fa,0xbedf26f9,0xbedf16f9,
  0xbedf06f8,0xbedef6f8,0xbedee6f7,0xbeded6f7,0xbedec6f6,0xbedeb6f6,0xbedea6f5,0xbede96f5,
  0xbede86f4,0xbede76f4,0xbede66f3,0xbede56f3,0xbede46f2,0xbede36f2,0xbede26f1,0xbede16f1,
  0xbede06f0,0xbeddf6f0,0xbedde6ef,0xbeddd6ef,0xbeddc6ee,0xbeddb6ee,0xbedda6ed,0xbedd96ed,
  0xbedd86ec,0xbedd76ec,0xbedd66eb,0xbedd56eb,0xbedd46ea,0xbedd36ea,0xbedd26e9,0xbedd16e9,
  0xbedd06e8,0xbedcf6e8,0xbedce6e7,0xbedcd6e7,0xbedcc6e6,0xbedcb6e6,0xbedca6e5,0xbedc96e5,
  0xbedc86e4,0xbedc76e4,0xbedc66e3,0xbedc56e3,0xbedc46e2,0xbedc36e2,0xbedc26e1,0xbedc16e1,
  0xbedc06e0,0xbedbf6e0,0xbedbe6df,0xbedbd6df,0xbedbc6de,0xbedbb6de,0xbedba6dd,0xbedb96dd,
  0xbedb86dc,0xbedb76dc,0xbedb66db,0xbedb56db,0xbedb46da,0xbedb36da,0xbedb26d9,0xbedb16d9,
  0xbedb06d8,0xbedaf6d8,0xbedae6d7,0xbedad6d7,0xbedac6d6,0xbedab6d6,0xbedaa6d5,0xbeda96d5,
  0xbeda86d4,0xbeda76d4,0xbeda66d3,0xbeda56d3,0xbeda46d2,0xbeda36d2,0xbeda26d1,0xbeda16d1,
  0xbeda06d0,0xbed9f6d0,0xbed9e6cf,0xbed9d6cf,0xbed9c6ce,0xbed9b6ce,0xbed9a6cd,0xbed996cd,
  0xbed986cc,0xbed976cc,0xbed966cb,0xbed956cb,0xbed946ca,0xbed936ca,0xbed926c9,0xbed916c9,
  0xbed906c8,0xbed8f6c8,0xbed8e6c7,0xbed8d6c7,0xbed8c6c6,0xbed8b6c6,0xbed8a6c5,0xbed896c5,
  0xbed886c4,0xbed876c4,0xbed866c3,0xbed856c3,0xbed846c2,0xbed836c2,0xbed826c1,0xbed816c1,
  0xbed806c0,0xbed7f6c0,0xbed7e6bf,0xbed7d6bf,0xbed7c6be,0xbed7b6be,0xbed7a6bd,0xbed796bd,
  0xbed786bc,0xbed776bc,0xbed766bb,0xbed756bb,0xbed746ba,0xbed736ba,0xbed726b9,0xbed716b9,
  0xbed706b8,0xbed6f6b8,0xbed6e6b7,0xbed6d6b7,0xbed6c6b6,0xbed6b6b6,0xbed6a6b5,0xbed696b5,
  0xbed686b4,0xbed676b4,0xbed666b3,0xbed656b3,0xbed646b2,0xbed636b2,0xbed626b1,0xbed616b1,
  0xbed606b0,0xbed5f6b0,0xbed5e6af,0xbed5d6af,0xbed5c6ae,0xbed5b6ae,0xbed5a6ad,0xbed596ad,
  0xbed586ac,0xbed576ac,0xbed566ab,0xbed556ab,0xbed546aa,0xbed536aa,0xbed526a9,0xbed516a9,
  0xbed506a8,0xbed4f6a8,0xbed4e6a7,0xbed4d6a7,0xbed4c6a6,0xbed4b6a6,0xbed4a6a5,0xbed496a5,
  0xbed486a4,0xbed476a4,0xbed466a3,0xbed456a3,0xbed446a2,0xbed436a2,0xbed426a1,0xbed416a1,
  0xbed406a0,0xbed3f6a0,0xbed3e69f,0xbed3d69f,0xbed3c69e,0xbed3b69e,0xbed3a69d,0xbed3969d,
  0xbed3869c,0xbed3769c,0xbed3669b,0xbed3569b,0xbed3469a,0xbed3369a,0xbed32699,0xbed31699,
  0xbed30698,0xbed2f698,0xbed2e697,0xbed2d697,0xbed2c696,0xbed2b696,0xbed2a695,0xbed29695,
  0xbed28694,0xbed27694,0xbed26693,0xbed25693,0xbed24692,0xbed23692,0xbed22691,0xbed21691,
  0xbed20690,0xbed1f690,0xbed1e68f,0xbed1d68f,0xbed1c68e,0xbed1b68e,0xbed1a68d,0xbed1968d,
  0xbed1868c,0xbed1768c,0xbed1668b,0xbed1568b,0xbed1468a,0xbed1368a,0xbed12689,0xbed11689,
  0xbed10688,0xbed0f688,0xbed0e687,0xbed0d687,0xbed0c686,0xbed0b686,0xbed0a685,0xbed09685,
  0xbed08684,0xbed07684,0xbed06683,0xbed05683,0xbed04682,0xbed03682,0xbed02681,0xbed01681,
  0xbed00680,0xbecff680,0xbecfe67f,0xbecfd67f,0xbecfc67e,0xbecfb67e,0xbecfa67d,0xbecf967d,
  0xbecf867c,0xbecf767c,0xbecf667b,0xbecf567b,0xbecf467a,0xbecf367a,0xbecf2679,0xbecf1679,
  0xbecf0678,0xbecef678,0xbecee677,0xbeced677,0xbecec676,0xbeceb676,0xbecea675,0xbece9675,
  0xbece8674,0xbece7674,0xbece6673,0xbece5673,0xbece4672,0xbece3672,0xbece2671,0xbece1671,
  0xbece0670,0xbecdf670,0xbecde66f,0xbecdd66f,0xbecdc66e,0xbecdb66e,0xbecda66d,0xbecd966d,
  0xbecd866c,0xbecd766c,0xbecd666b,0xbecd566b,0xbecd466a,0xbecd366a,0xbecd2669,0xbecd1669,
  0xbecd0668,0xbeccf668,0xbecce667,0xbeccd667,0xbeccc666,0xbeccb666,0xbecca665,0xbecc9665,
  0xbecc8664,0xbecc7664,0xbecc6663,0xbecc5663,0xbecc4662,0xbecc3662,0xbecc2661,0xbecc1661,
  0xbecc0660,0xbecbf660,0xbecbe65f,0xbecbd65f,0xbecbc65e,0xbecbb65e,0xbecba65d,0xbecb965d,
  0xbecb865c,0xbecb765c,0xbecb665b,0xbecb565b,0xbecb465a,0xbecb365a,0xbecb2659,0xbecb1659,
  0xbecb0658,0xbecaf658,0xbecae657,0xbecad657,0xbecac656,0xbecab656,0xbecaa655,0xbeca9655,
  0xbeca8654,0xbeca7654,0xbeca6653,0xbeca5653,0xbeca4652,0xbeca3652,0xbeca2651,0xbeca1651,
  0xbeca0650,0xbec9f650,0xbec9e64f,0xbec9d64f,0xbec9c64e,0xbec9b64e,0xbec9a64d,0xbec9964d,
  0xbec9864c,0xbec9764c,0xbec9664b,0xbec9564b,0xbec9464a,0xbec9364a,0xbec92649,0xbec91649,
  0xbec90648,0xbec8f648,0xbec8e647,0xbec8d647,0xbec8c646,0xbec8b646,0xbec8a645,0xbec89645,
  0xbec88644,0xbec87644,0xbec86643,0xbec85643,0xbec84642,0xbec83642,0xbec82641,0xbec81641,
  0xbec80640,0xbec7f640,0xbec7e63f,0xbec7d63f,0xbec7c63e,0xbec7b63e,0xbec7a63d,0xbec7963d,
  0xbec7863c,0xbec7763c,0xbec7663b,0xbec7563b,0xbec7463a,0xbec7363a,0xbec72639,0xbec71639,
  0xbec70638,0xbec6f638,0xbec6e637,0xbec6d637,0xbec6c636,0xbec6b636,0xbec6a635,0xbec69635,
  0xbec68634,0xbec67634,0xbec66633,0xbec65633,0xbec64632,0xbec63632,0xbec62631,0xbec61631,
  0xbec60630,0xbec5f630,0xbec5e62f,0xbec5d62f,0xbec5c62e,0xbec5b62e,0xbec5a62d,0xbec5962d,
  0xbec5862c,0xbec5762c,0xbec5662b,0xbec5562b,0xbec5462a,0xbec5362a,0xbec52629,0xbec51629,
  0xbec50628,0xbec4f628,0xbec4e627,0xbec4d627,0xbec4c626,0xbec4b626,0xbec4a625,0xbec49625,
  0xbec48624,0xbec47624,0xbec46623,0xbec45623,0xbec44622,0xbec43622,0xbec42621,0xbec41621,
  0xbec40620,0xbec3f620,0xbec3e61f,0xbec3d61f,0xbec3c61e,0xbec3b61e,0xbec3a61d,0xbec3961d,
  0xbec3861c,0xbec3761c,0xbec3661b,0xbec3561b,0xbec3461a,0xbec3361a,0xbec32619,0xbec31619,
  0xbec30618,0xbec2f618,0xbec2e617,0xbec2d617,0xbec2c616,0xbec2b616,0xbec2a615,0xbec29615,
  0xbec28614,0xbec27614,0xbec26613,0xbec25613,0xbec24612,0xbec23612,0xbec22611,0xbec21611,
  0xbec20610,0xbec1f610,0xbec1e60f,0xbec1d60f,0xbec1c60e,0xbec1b60e,0xbec1a60d,0xbec1960d,
  0xbec1860c,0xbec1760c,0xbec1660b,0xbec1560b,0xbec1460a,0xbec1360a,0xbec12609,0xbec11609,
  0xbec10608,0xbec0f608,0xbec0e607,0xbec0d607,0xbec0c606,0xbec0b606,0xbec0a605,0xbec09605,
  0xbec08604,0xbec07604,0xbec06603,0xbec05603,0xbec04602,0xbec03602,0xbec02601,0xbec01601,
  0xbec00600,0xbebff600,0xbebfe5ff,0xbebfd5ff,0xbebfc5fe,0xbebfb5fe,0xbebfa5fd,0xbebf95fd,
  0xbebf85fc,0xbebf75fc,0xbebf65fb,0xbebf55fb,0xbebf45fa,0xbebf35fa,0xbebf25f9,0xbebf15f9,
  0xbebf05f8,0xbebef5f8,0xbebee5f7,0xbebed5f7,0xbebec5f6,0xbebeb5f6,0xbebea5f5,0xbebe95f5,
  0xbebe85f4,0xbebe75f4,0xbebe65f3,0xbebe55f3,0xbebe45f2,0xbebe35f2,0xbebe25f1,0xbebe15f1,
  0xbebe05f0,0xbebdf5f0,0xbebde5ef,0xbebdd5ef,0xbebdc5ee,0xbebdb5ee,0xbebda5ed,0xbebd95ed,
  0xbebd85ec,0xbebd75ec,0xbebd65eb,0xbebd55eb,0xbebd45ea,0xbebd35ea,0xbebd25e9,0xbebd15e9,
  0xbebd05e8,0xbebcf5e8,0xbebce5e7,0xbebcd5e7,0xbebcc5e6,0xbebcb5e6,0xbebca5e5,0xbebc95e5,
  0xbebc85e4,0xbebc75e4,0xbebc65e3,0xbebc55e3,0xbebc45e2,0xbebc35e2,0xbebc25e1,0xbebc15e1,
  0xbebc05e0,0xbebbf5e0,0xbebbe5df,0xbebbd5df,0xbebbc5de,0xbebbb5de,0xbebba5dd,0xbebb95dd,
  0xbebb85dc,0xbebb75dc,0xbebb65db,0xbebb55db,0xbebb45da,0xbebb35da,0xbebb25d9,0xbebb15d9,
  0xbebb05d8,0xbebaf5d8,0xbebae5d7,0xbebad5d7,0xbebac5d6,0xbebab5d6,0xbebaa5d5,0xbeba95d5,
  0xbeba85d4,0xbeba75d4,0xbeba65d3,0xbeba55d3,0xbeba45d2,0xbeba35d2,0xbeba25d1,0xbeba15d1,
  0xbeba05d0,0xbeb9f5d0,0xbeb9e5cf,0xbeb9d5cf,0xbeb9c5ce,0xbeb9b5ce,0xbeb9a5cd,0xbeb995cd,
  0xbeb985cc,0xbeb975cc,0xbeb965cb,0xbeb955cb,0xbeb945ca,0xbeb935ca,0xbeb925c9,0xbeb915c9,
  0xbeb905c8,0xbeb8f5c8,0xbeb8e5c7,0xbeb8d5c7,0xbeb8c5c6,0xbeb8b5c6,0xbeb8a5c5,0xbeb895c5,
  0xbeb885c4,0xbeb875c4,0xbeb865c3,0xbeb855c3,0xbeb845c2,0xbeb835c2,0xbeb825c1,0xbeb815c1,
  0xbeb805c0,0xbeb7f5c0,0xbeb7e5bf,0xbeb7d5bf,0xbeb7c5be,0xbeb7b5be,0xbeb7a5bd,0xbeb795bd,
  0xbeb785bc,0xbeb775bc,0xbeb765bb,0xbeb755bb,0xbeb745ba,0xbeb735ba,0xbeb725b9,0xbeb715b9,
  0xbeb705b8,0xbeb6f5b8,0xbeb6e5b7,0xbeb6d5b7,0xbeb6c5b6,0xbeb6b5b6,0xbeb6a5b5,0xbeb695b5,
  0xbeb685b4,0xbeb675b4,0xbeb665b3,0xbeb655b3,0xbeb645b2,0xbeb635b2,0xbeb625b1,0xbeb615b1,
  0xbeb605b0,0xbeb5f5b0,0xbeb5e5af,0xbeb5d5af,0xbeb5c5ae,0xbeb5b5ae,0xbeb5a5ad,0xbeb595ad,
  0xbeb585ac,0xbeb575ac,0xbeb565ab,0xbeb555ab,0xbeb545aa,0xbeb535aa,0xbeb525a9,0xbeb515a9,
  0xbeb505a8,0xbeb4f5a8,0xbeb4e5a7,0xbeb4d5a7,0xbeb4c5a6,0xbeb4b5a6,0xbeb4a5a5,0xbeb495a5,
  0xbeb485a4,0xbeb475a4,0xbeb465a3,0xbeb455a3,0xbeb445a2,0xbeb435a2,0xbeb425a1,0xbeb415a1,
  0xbeb405a0,0xbeb3f5a0,0xbeb3e59f,0xbeb3d59f,0xbeb3c59e,0xbeb3b59e,0xbeb3a59d,0xbeb3959d,
  0xbeb3859c,0xbeb3759c,0xbeb3659b,0xbeb3559b,0xbeb3459a,0xbeb3359a,0xbeb32599,0xbeb31599,
  0xbeb30598,0xbeb2f598,0xbeb2e597,0xbeb2d597,0xbeb2c596,0xbeb2b596,0xbeb2a595,0xbeb29595,
  0xbeb28594,0xbeb27594,0xbeb26593,0xbeb25593,0xbeb24592,0xbeb23592,0xbeb22591,0xbeb21591,
  0xbeb20590,0xbeb1f590,0xbeb1e58f,0xbeb1d58f,0xbeb1c58e,0xbeb1b58e,0xbeb1a58d,0xbeb1958d,
  0xbeb1858c,0xbeb1758c,0xbeb1658b,0xbeb1558b,0xbeb1458a,0xbeb1358a,0xbeb12589,0xbeb11589,
  0xbeb10588,0xbeb0f588,0xbeb0e587,0xbeb0d587,0xbeb0c586,0xbeb0b586,0xbeb0a585,0xbeb09585,
  0xbeb08584,0xbeb07584,0xbeb06583,0xbeb05583,0xbeb04582,0xbeb03582,0xbeb02581,0xbeb01581,
  0xbeb00580,0xbeaff580,0xbeafe57f,0xbeafd57f,0xbeafc57e,0xbeafb57e,0xbeafa57d,0xbeaf957d,
  0xbeaf857c,0xbeaf757c,0xbeaf657b,0xbeaf557b,0xbeaf457a,0xbeaf357a,0xbeaf2579,0xbeaf1579,
  0xbeaf0578,0xbeaef578,0xbeaee577,0xbeaed577,0xbeaec576,0xbeaeb576,0xbeaea575,0xbeae9575,
  0xbeae8574,0xbeae7574,0xbeae6573,0xbeae5573,0xbeae4572,0xbeae3572,0xbeae2571,0xbeae1571,
  0xbeae0570,0xbeadf570,0xbeade56f,0xbeadd56f,0xbeadc56e,0xbeadb56e,0xbeada56d,0xbead956d,
  0xbead856c,0xbead756c,0xbead656b,0xbead556b,0xbead456a,0xbead356a,0xbead2569,0xbead1569,
  0xbead0568,0xbeacf568,0xbeace567,0xbeacd567,0xbeacc566,0xbeacb566,0xbeaca565,0xbeac9565,
  0xbeac8564,0xbeac7564,0xbeac6563,0xbeac5563,0xbeac4562,0xbeac3562,0xbeac2561,0xbeac1561,
  0xbeac0560,0xbeabf560,0xbeabe55f,0xbeabd55f,0xbeabc55e,0xbeabb55e,0xbeaba55d,0xbeab955d,
  0xbeab855c,0xbeab755c,0xbeab655b,0xbeab555b,0xbeab455a,0xbeab355a,0xbeab2559,0xbeab1559,
  0xbeab0558,0xbeaaf558,0xbeaae557,0xbeaad557,0xbeaac556,0xbeaab556,0xbeaaa555,0xbeaa9555,
  0xbeaa8554,0xbeaa7554,0xbeaa6553,0xbeaa5553,0xbeaa4552,0xbeaa3552,0xbeaa2551,0xbeaa1551,
  0xbeaa0550,0xbea9f550,0xbea9e54f,0xbea9d54f,0xbea9c54e,0xbea9b54e,0xbea9a54d,0xbea9954d,
  0xbea9854c,0xbea9754c,0xbea9654b,0xbea9554b,0xbea9454a,0xbea9354a,0xbea92549,0xbea91549,
  0xbea90548,0xbea8f548,0xbea8e547,0xbea8d547,0xbea8c546,0xbea8b546,0xbea8a545,0xbea89545,
  0xbea88544,0xbea87544,0xbea86543,0xbea85543,0xbea84542,0xbea83542,0xbea82541,0xbea81541,
  0xbea80540,0xbea7f540,0xbea7e53f,0xbea7d53f,0xbea7c53e,0xbea7b53e,0xbea7a53d,0xbea7953d,
  0xbea7853c,0xbea7753c,0xbea7653b,0xbea7553b,0xbea7453a,0xbea7353a,0xbea72539,0xbea71539,
  0xbea70538,0xbea6f538,0xbea6e537,0xbea6d537,0xbea6c536,0xbea6b536,0xbea6a535,0xbea69535,
  0xbea68534,0xbea67534,0xbea66533,0xbea65533,0xbea64532,0xbea63532,0xbea62531,0xbea61531,
  0xbea60530,0xbea5f530,0xbea5e52f,0xbea5d52f,0xbea5c52e,0xbea5b52e,0xbea5a52d,0xbea5952d,
  0xbea5852c,0xbea5752c,0xbea5652b,0xbea5552b,0xbea5452a,0xbea5352a,0xbea52529,0xbea51529,
  0xbea50528,0xbea4f528,0xbea4e527,0xbea4d527,0xbea4c526,0xbea4b526,0xbea4a525,0xbea49525,
  0xbea48524,0xbea47524,0xbea46523,0xbea45523,0xbea44522,0xbea43522,0xbea42521,0xbea41521,
  0xbea40520,0xbea3f520,0xbea3e51f,0xbea3d51f,0xbea3c51e,0xbea3b51e,0xbea3a51d,0xbea3951d,
  0xbea3851c,0xbea3751c,0xbea3651b,0xbea3551b,0xbea3451a,0xbea3351a,0xbea32519,0xbea31519,
  0xbea30518,0xbea2f518,0xbea2e517,0xbea2d517,0xbea2c516,0xbea2b516,0xbea2a515,0xbea29515,
  0xbea28514,0xbea27514,0xbea26513,0xbea25513,0xbea24512,0xbea23512,0xbea22511,0xbea21511,
  0xbea20510,0xbea1f510,0xbea1e50f,0xbea1d50f,0xbea1c50e,0xbea1b50e,0xbea1a50d,0xbea1950d,
  0xbea1850c,0xbea1750c,0xbea1650b,0xbea1550b,0xbea1450a,0xbea1350a,0xbea12509,0xbea11509,
  0xbea10508,0xbea0f508,0xbea0e507,0xbea0d507,0xbea0c506,0xbea0b506,0xbea0a505,0xbea09505,
  0xbea08504,0xbea07504,0xbea06503,0xbea05503,0xbea04502,0xbea03502,0xbea02501,0xbea01501,
  0xbea00500,0xbe9ff500,0xbe9fe4ff,0xbe9fd4ff,0xbe9fc4fe,0xbe9fb4fe,0xbe9fa4fd,0xbe9f94fd,
  0xbe9f84fc,0xbe9f74fc,0xbe9f64fb,0xbe9f54fb,0xbe9f44fa,0xbe9f34fa,0xbe9f24f9,0xbe9f14f9,
  0xbe9f04f8,0xbe9ef4f8,0xbe9ee4f7,0xbe9ed4f7,0xbe9ec4f6,0xbe9eb4f6,0xbe9ea4f5,0xbe9e94f5,
  0xbe9e84f4,0xbe9e74f4,0xbe9e64f3,0xbe9e54f3,0xbe9e44f2,0xbe9e34f2,0xbe9e24f1,0xbe9e14f1,
  0xbe9e04f0,0xbe9df4f0,0xbe9de4ef,0xbe9dd4ef,0xbe9dc4ee,0xbe9db4ee,0xbe9da4ed,0xbe9d94ed,
  0xbe9d84ec,0xbe9d74ec,0xbe9d64eb,0xbe9d54eb,0xbe9d44ea,0xbe9d34ea,0xbe9d24e9,0xbe9d14e9,
  0xbe9d04e8,0xbe9cf4e8,0xbe9ce4e7,0xbe9cd4e7,0xbe9cc4e6,0xbe9cb4e6,0xbe9ca4e5,0xbe9c94e5,
  0xbe9c84e4,0xbe9c74e4,0xbe9c64e3,0xbe9c54e3,0xbe9c44e2,0xbe9c34e2,0xbe9c24e1,0xbe9c14e1,
  0xbe9c04e0,0xbe9bf4e0,0xbe9be4df,0xbe9bd4df,0xbe9bc4de,0xbe9bb4de,0xbe9ba4dd,0xbe9b94dd,
  0xbe9b84dc,0xbe9b74dc,0xbe9b64db,0xbe9b54db,0xbe9b44da,0xbe9b34da,0xbe9b24d9,0xbe9b14d9,
  0xbe9b04d8,0xbe9af4d8,0xbe9ae4d7,0xbe9ad4d7,0xbe9ac4d6,0xbe9ab4d6,0xbe9aa4d5,0xbe9a94d5,
  0xbe9a84d4,0xbe9a74d4,0xbe9a64d3,0xbe9a54d3,0xbe9a44d2,0xbe9a34d2,0xbe9a24d1,0xbe9a14d1,
  0xbe9a04d0,0xbe99f4d0,0xbe99e4cf,0xbe99d4cf,0xbe99c4ce,0xbe99b4ce,0xbe99a4cd,0xbe9994cd,
  0xbe9984cc,0xbe9974cc,0xbe9964cb,0xbe9954cb,0xbe9944ca,0xbe9934ca,0xbe9924c9,0xbe9914c9,
  0xbe9904c8,0xbe98f4c8,0xbe98e4c7,0xbe98d4c7,0xbe98c4c6,0xbe98b4c6,0xbe98a4c5,0xbe9894c5,
  0xbe9884c4,0xbe9874c4,0xbe9864c3,0xbe9854c3,0xbe9844c2,0xbe9834c2,0xbe9824c1,0xbe9814c1,
  0xbe9804c0,0xbe97f4c0,0xbe97e4bf,0xbe97d4bf,0xbe97c4be,0xbe97b4be,0xbe97a4bd,0xbe9794bd,
  0xbe9784bc,0xbe9774bc,0xbe9764bb,0xbe9754bb,0xbe9744ba,0xbe9734ba,0xbe9724b9,0xbe9714b9,
  0xbe9704b8,0xbe96f4b8,0xbe96e4b7,0xbe96d4b7,0xbe96c4b6,0xbe96b4b6,0xbe96a4b5,0xbe9694b5,
  0xbe9684b4,0xbe9674b4,0xbe9664b3,0xbe9654b3,0xbe9644b2,0xbe9634b2,0xbe9624b1,0xbe9614b1,
  0xbe9604b0,0xbe95f4b0,0xbe95e4af,0xbe95d4af,0xbe95c4ae,0xbe95b4ae,0xbe95a4ad,0xbe9594ad,
  0xbe9584ac,0xbe9574ac,0xbe9564ab,0xbe9554ab,0xbe9544aa,0xbe9534aa,0xbe9524a9,0xbe9514a9,
  0xbe9504a8,0xbe94f4a8,0xbe94e4a7,0xbe94d4a7,0xbe94c4a6,0xbe94b4a6,0xbe94a4a5,0xbe9494a5,
  0xbe9484a4,0xbe9474a4,0xbe9464a3,0xbe9454a3,0xbe9444a2,0xbe9434a2,0xbe9424a1,0xbe9414a1,
  0xbe9404a0,0xbe93f4a0,0xbe93e49f,0xbe93d49f,0xbe93c49e,0xbe93b49e,0xbe93a49d,0xbe93949d,
  0xbe93849c,0xbe93749c,0xbe93649b,0xbe93549b,0xbe93449a,0xbe93349a,0xbe932499,0xbe931499,
  0xbe930498,0xbe92f498,0xbe92e497,0xbe92d497,0xbe92c496,0xbe92b496,0xbe92a495,0xbe929495,
  0xbe928494,0xbe927494,0xbe926493,0xbe925493,0xbe924492,0xbe923492,0xbe922491,0xbe921491,
  0xbe920490,0xbe91f490,0xbe91e48f,0xbe91d48f,0xbe91c48e,0xbe91b48e,0xbe91a48d,0xbe91948d,
  0xbe91848c,0xbe91748c,0xbe91648b,0xbe91548b,0xbe91448a,0xbe91348a,0xbe912489,0xbe911489,
  0xbe910488,0xbe90f488,0xbe90e487,0xbe90d487,0xbe90c486,0xbe90b486,0xbe90a485,0xbe909485,
  0xbe908484,0xbe907484,0xbe906483,0xbe905483,0xbe904482,0xbe903482,0xbe902481,0xbe901481,
  0xbe900480,0xbe8ff480,0xbe8fe47f,0xbe8fd47f,0xbe8fc47e,0xbe8fb47e,0xbe8fa47d,0xbe8f947d,
  0xbe8f847c,0xbe8f747c,0xbe8f647b,0xbe8f547b,0xbe8f447a,0xbe8f347a,0xbe8f2479,0xbe8f1479,
  0xbe8f0478,0xbe8ef478,0xbe8ee477,0xbe8ed477,0xbe8ec476,0xbe8eb476,0xbe8ea475,0xbe8e9475,
  0xbe8e8474,0xbe8e7474,0xbe8e6473,0xbe8e5473,0xbe8e4472,0xbe8e3472,0xbe8e2471,0xbe8e1471,
  0xbe8e0470,0xbe8df470,0xbe8de46f,0xbe8dd46f,0xbe8dc46e,0xbe8db46e,0xbe8da46d,0xbe8d946d,
  0xbe8d846c,0xbe8d746c,0xbe8d646b,0xbe8d546b,0xbe8d446a,0xbe8d346a,0xbe8d2469,0xbe8d1469,
  0xbe8d0468,0xbe8cf468,0xbe8ce467,0xbe8cd467,0xbe8cc466,0xbe8cb466,0xbe8ca465,0xbe8c9465,
  0xbe8c8464,0xbe8c7464,0xbe8c6463,0xbe8c5463,0xbe8c4462,0xbe8c3462,0xbe8c2461,0xbe8c1461,
  0xbe8c0460,0xbe8bf460,0xbe8be45f,0xbe8bd45f,0xbe8bc45e,0xbe8bb45e,0xbe8ba45d,0xbe8b945d,
  0xbe8b845c,0xbe8b745c,0xbe8b645b,0xbe8b545b,0xbe8b445a,0xbe8b345a,0xbe8b2459,0xbe8b1459,
  0xbe8b0458,0xbe8af458,0xbe8ae457,0xbe8ad457,0xbe8ac456,0xbe8ab456,0xbe8aa455,0xbe8a9455,
  0xbe8a8454,0xbe8a7454,0xbe8a6453,0xbe8a5453,0xbe8a4452,0xbe8a3452,0xbe8a2451,0xbe8a1451,
  0xbe8a0450,0xbe89f450,0xbe89e44f,0xbe89d44f,0xbe89c44e,0xbe89b44e,0xbe89a44d,0xbe89944d,
  0xbe89844c,0xbe89744c,0xbe89644b,0xbe89544b,0xbe89444a,0xbe89344a,0xbe892449,0xbe891449,
  0xbe890448,0xbe88f448,0xbe88e447,0xbe88d447,0xbe88c446,0xbe88b446,0xbe88a445,0xbe889445,
  0xbe888444,0xbe887444,0xbe886443,0xbe885443,0xbe884442,0xbe883442,0xbe882441,0xbe881441,
  0xbe880440,0xbe87f440,0xbe87e43f,0xbe87d43f,0xbe87c43e,0xbe87b43e,0xbe87a43d,0xbe87943d,
  0xbe87843c,0xbe87743c,0xbe87643b,0xbe87543b,0xbe87443a,0xbe87343a,0xbe872439,0xbe871439,
  0xbe870438,0xbe86f438,0xbe86e437,0xbe86d437,0xbe86c436,0xbe86b436,0xbe86a435,0xbe869435,
  0xbe868434,0xbe867434,0xbe866433,0xbe865433,0xbe864432,0xbe863432,0xbe862431,0xbe861431,
  0xbe860430,0xbe85f430,0xbe85e42f,0xbe85d42f,0xbe85c42e,0xbe85b42e,0xbe85a42d,0xbe85942d,
  0xbe85842c,0xbe85742c,0xbe85642b,0xbe85542b,0xbe85442a,0xbe85342a,0xbe852429,0xbe851429,
  0xbe850428,0xbe84f428,0xbe84e427,0xbe84d427,0xbe84c426,0xbe84b426,0xbe84a425,0xbe849425,
  0xbe848424,0xbe847424,0xbe846423,0xbe845423,0xbe844422,0xbe843422,0xbe842421,0xbe841421,
  0xbe840420,0xbe83f420,0xbe83e41f,0xbe83d41f,0xbe83c41e,0xbe83b41e,0xbe83a41d,0xbe83941d,
  0xbe83841c,0xbe83741c,0xbe83641b,0xbe83541b,0xbe83441a,0xbe83341a,0xbe832419,0xbe831419,
  0xbe830418,0xbe82f418,0xbe82e417,0xbe82d417,0xbe82c416,0xbe82b416,0xbe82a415,0xbe829415,
  0xbe828414,0xbe827414,0xbe826413,0xbe825413,0xbe824412,0xbe823412,0xbe822411,0xbe821411,
  0xbe820410,0xbe81f410,0xbe81e40f,0xbe81d40f,0xbe81c40e,0xbe81b40e,0xbe81a40d,0xbe81940d,
  0xbe81840c,0xbe81740c,0xbe81640b,0xbe81540b,0xbe81440a,0xbe81340a,0xbe812409,0xbe811409,
  0xbe810408,0xbe80f408,0xbe80e407,0xbe80d407,0xbe80c406,0xbe80b406,0xbe80a405,0xbe809405,
  0xbe808404,0xbe807404,0xbe806403,0xbe805403,0xbe804402,0xbe803402,0xbe802401,0xbe801401,
  0xbe800400,0xbe7fe7ff,0xbe7fc7fe,0xbe7fa7fd,0xbe7f87fc,0xbe7f67fb,0xbe7f47fa,0xbe7f27f9,
  0xbe7f07f8,0xbe7ee7f7,0xbe7ec7f6,0xbe7ea7f5,0xbe7e87f4,0xbe7e67f3,0xbe7e47f2,0xbe7e27f1,
  0xbe7e07f0,0xbe7de7ef,0xbe7dc7ee,0xbe7da7ed,0xbe7d87ec,0xbe7d67eb,0xbe7d47ea,0xbe7d27e9,
  0xbe7d07e8,0xbe7ce7e7,0xbe7cc7e6,0xbe7ca7e5,0xbe7c87e4,0xbe7c67e3,0xbe7c47e2,0xbe7c27e1,
  0xbe7c07e0,0xbe7be7df,0xbe7bc7de,0xbe7ba7dd,0xbe7b87dc,0xbe7b67db,0xbe7b47da,0xbe7b27d9,
  0xbe7b07d8,0xbe7ae7d7,0xbe7ac7d6,0xbe7aa7d5,0xbe7a87d4,0xbe7a67d3,0xbe7a47d2,0xbe7a27d1,
  0xbe7a07d0,0xbe79e7cf,0xbe79c7ce,0xbe79a7cd,0xbe7987cc,0xbe7967cb,0xbe7947ca,0xbe7927c9,
  0xbe7907c8,0xbe78e7c7,0xbe78c7c6,0xbe78a7c5,0xbe7887c4,0xbe7867c3,0xbe7847c2,0xbe7827c1,
  0xbe7807c0,0xbe77e7bf,0xbe77c7be,0xbe77a7bd,0xbe7787bc,0xbe7767bb,0xbe7747ba,0xbe7727b9,
  0xbe7707b8,0xbe76e7b7,0xbe76c7b6,0xbe76a7b5,0xbe7687b4,0xbe7667b3,0xbe7647b2,0xbe7627b1,
  0xbe7607b0,0xbe75e7af,0xbe75c7ae,0xbe75a7ad,0xbe7587ac,0xbe7567ab,0xbe7547aa,0xbe7527a9,
  0xbe7507a8,0xbe74e7a7,0xbe74c7a6,0xbe74a7a5,0xbe7487a4,0xbe7467a3,0xbe7447a2,0xbe7427a1,
  0xbe7407a0,0xbe73e79f,0xbe73c79e,0xbe73a79d,0xbe73879c,0xbe73679b,0xbe73479a,0xbe732799,
  0xbe730798,0xbe72e797,0xbe72c796,0xbe72a795,0xbe728794,0xbe726793,0xbe724792,0xbe722791,
  0xbe720790,0xbe71e78f,0xbe71c78e,0xbe71a78d,0xbe71878c,0xbe71678b,0xbe71478a,0xbe712789,
  0xbe710788,0xbe70e787,0xbe70c786,0xbe70a785,0xbe708784,0xbe706783,0xbe704782,0xbe702781,
  0xbe700780,0xbe6fe77f,0xbe6fc77e,0xbe6fa77d,0xbe6f877c,0xbe6f677b,0xbe6f477a,0xbe6f2779,
  0xbe6f0778,0xbe6ee777,0xbe6ec776,0xbe6ea775,0xbe6e8774,0xbe6e6773,0xbe6e4772,0xbe6e2771,
  0xbe6e0770,0xbe6de76f,0xbe6dc76e,0xbe6da76d,0xbe6d876c,0xbe6d676b,0xbe6d476a,0xbe6d2769,
  0xbe6d0768,0xbe6ce767,0xbe6cc766,0xbe6ca765,0xbe6c8764,0xbe6c6763,0xbe6c4762,0xbe6c2761,
  0xbe6c0760,0xbe6be75f,0xbe6bc75e,0xbe6ba75d,0xbe6b875c,0xbe6b675b,0xbe6b475a,0xbe6b2759,
  0xbe6b0758,0xbe6ae757,0xbe6ac756,0xbe6aa755,0xbe6a8754,0xbe6a6753,0xbe6a4752,0xbe6a2751,
  0xbe6a0750,0xbe69e74f,0xbe69c74e,0xbe69a74d,0xbe69874c,0xbe69674b,0xbe69474a,0xbe692749,
  0xbe690748,0xbe68e747,0xbe68c746,0xbe68a745,0xbe688744,0xbe686743,0xbe684742,0xbe682741,
  0xbe680740,0xbe67e73f,0xbe67c73e,0xbe67a73d,0xbe67873c,0xbe67673b,0xbe67473a,0xbe672739,
  0xbe670738,0xbe66e737,0xbe66c736,0xbe66a735,0xbe668734,0xbe666733,0xbe664732,0xbe662731,
  0xbe660730,0xbe65e72f,0xbe65c72e,0xbe65a72d,0xbe65872c,0xbe65672b,0xbe65472a,0xbe652729,
  0xbe650728,0xbe64e727,0xbe64c726,0xbe64a725,0xbe648724,0xbe646723,0xbe644722,0xbe642721,
  0xbe640720,0xbe63e71f,0xbe63c71e,0xbe63a71d,0xbe63871c,0xbe63671b,0xbe63471a,0xbe632719,
  0xbe630718,0xbe62e717,0xbe62c716,0xbe62a715,0xbe628714,0xbe626713,0xbe624712,0xbe622711,
  0xbe620710,0xbe61e70f,0xbe61c70e,0xbe61a70d,0xbe61870c,0xbe61670b,0xbe61470a,0xbe612709,
  0xbe610708,0xbe60e707,0xbe60c706,0xbe60a705,0xbe608704,0xbe606703,0xbe604702,0xbe602701,
  0xbe600700,0xbe5fe6ff,0xbe5fc6fe,0xbe5fa6fd,0xbe5f86fc,0xbe5f66fb,0xbe5f46fa,0xbe5f26f9,
  0xbe5f06f8,0xbe5ee6f7,0xbe5ec6f6,0xbe5ea6f5,0xbe5e86f4,0xbe5e66f3,0xbe5e46f2,0xbe5e26f1,
  0xbe5e06f0,0xbe5de6ef,0xbe5dc6ee,0xbe5da6ed,0xbe5d86ec,0xbe5d66eb,0xbe5d46ea,0xbe5d26e9,
  0xbe5d06e8,0xbe5ce6e7,0xbe5cc6e6,0xbe5ca6e5,0xbe5c86e4,0xbe5c66e3,0xbe5c46e2,0xbe5c26e1,
  0xbe5c06e0,0xbe5be6df,0xbe5bc6de,0xbe5ba6dd,0xbe5b86dc,0xbe5b66db,0xbe5b46da,0xbe5b26d9,
  0xbe5b06d8,0xbe5ae6d7,0xbe5ac6d6,0xbe5aa6d5,0xbe5a86d4,0xbe5a66d3,0xbe5a46d2,0xbe5a26d1,
  0xbe5a06d0,0xbe59e6cf,0xbe59c6ce,0xbe59a6cd,0xbe5986cc,0xbe5966cb,0xbe5946ca,0xbe5926c9,
  0xbe5906c8,0xbe58e6c7,0xbe58c6c6,0xbe58a6c5,0xbe5886c4,0xbe5866c3,0xbe5846c2,0xbe5826c1,
  0xbe5806c0,0xbe57e6bf,0xbe57c6be,0xbe57a6bd,0xbe5786bc,0xbe5766bb,0xbe5746ba,0xbe5726b9,
  0xbe5706b8,0xbe56e6b7,0xbe56c6b6,0xbe56a6b5,0xbe5686b4,0xbe5666b3,0xbe5646b2,0xbe5626b1,
  0xbe5606b0,0xbe55e6af,0xbe55c6ae,0xbe55a6ad,0xbe5586ac,0xbe5566ab,0xbe5546aa,0xbe5526a9,
  0xbe5506a8,0xbe54e6a7,0xbe54c6a6,0xbe54a6a5,0xbe5486a4,0xbe5466a3,0xbe5446a2,0xbe5426a1,
  0xbe5406a0,0xbe53e69f,0xbe53c69e,0xbe53a69d,0xbe53869c,0xbe53669b,0xbe53469a,0xbe532699,
  0xbe530698,0xbe52e697,0xbe52c696,0xbe52a695,0xbe528694,0xbe526693,0xbe524692,0xbe522691,
  0xbe520690,0xbe51e68f,0xbe51c68e,0xbe51a68d,0xbe51868c,0xbe51668b,0xbe51468a,0xbe512689,
  0xbe510688,0xbe50e687,0xbe50c686,0xbe50a685,0xbe508684,0xbe506683,0xbe504682,0xbe502681,
  0xbe500680,0xbe4fe67f,0xbe4fc67e,0xbe4fa67d,0xbe4f867c,0xbe4f667b,0xbe4f467a,0xbe4f2679,
  0xbe4f0678,0xbe4ee677,0xbe4ec676,0xbe4ea675,0xbe4e8674,0xbe4e6673,0xbe4e4672,0xbe4e2671,
  0xbe4e0670,0xbe4de66f,0xbe4dc66e,0xbe4da66d,0xbe4d866c,0xbe4d666b,0xbe4d466a,0xbe4d2669,
  0xbe4d0668,0xbe4ce667,0xbe4cc666,0xbe4ca665,0xbe4c8664,0xbe4c6663,0xbe4c4662,0xbe4c2661,
  0xbe4c0660,0xbe4be65f,0xbe4bc65e,0xbe4ba65d,0xbe4b865c,0xbe4b665b,0xbe4b465a,0xbe4b2659,
  0xbe4b0658,0xbe4ae657,0xbe4ac656,0xbe4aa655,0xbe4a8654,0xbe4a6653,0xbe4a4652,0xbe4a2651,
  0xbe4a0650,0xbe49e64f,0xbe49c64e,0xbe49a64d,0xbe49864c,0xbe49664b,0xbe49464a,0xbe492649,
  0xbe490648,0xbe48e647,0xbe48c646,0xbe48a645,0xbe488644,0xbe486643,0xbe484642,0xbe482641,
  0xbe480640,0xbe47e63f,0xbe47c63e,0xbe47a63d,0xbe47863c,0xbe47663b,0xbe47463a,0xbe472639,
  0xbe470638,0xbe46e637,0xbe46c636,0xbe46a635,0xbe468634,0xbe466633,0xbe464632,0xbe462631,
  0xbe460630,0xbe45e62f,0xbe45c62e,0xbe45a62d,0xbe45862c,0xbe45662b,0xbe45462a,0xbe452629,
  0xbe450628,0xbe44e627,0xbe44c626,0xbe44a625,0xbe448624,0xbe446623,0xbe444622,0xbe442621,
  0xbe440620,0xbe43e61f,0xbe43c61e,0xbe43a61d,0xbe43861c,0xbe43661b,0xbe43461a,0xbe432619,
  0xbe430618,0xbe42e617,0xbe42c616,0xbe42a615,0xbe428614,0xbe426613,0xbe424612,0xbe422611,
  0xbe420610,0xbe41e60f,0xbe41c60e,0xbe41a60d,0xbe41860c,0xbe41660b,0xbe41460a,0xbe412609,
  0xbe410608,0xbe40e607,0xbe40c606,0xbe40a605,0xbe408604,0xbe406603,0xbe404602,0xbe402601,
  0xbe400600,0xbe3fe5ff,0xbe3fc5fe,0xbe3fa5fd,0xbe3f85fc,0xbe3f65fb,0xbe3f45fa,0xbe3f25f9,
  0xbe3f05f8,0xbe3ee5f7,0xbe3ec5f6,0xbe3ea5f5,0xbe3e85f4,0xbe3e65f3,0xbe3e45f2,0xbe3e25f1,
  0xbe3e05f0,0xbe3de5ef,0xbe3dc5ee,0xbe3da5ed,0xbe3d85ec,0xbe3d65eb,0xbe3d45ea,0xbe3d25e9,
  0xbe3d05e8,0xbe3ce5e7,0xbe3cc5e6,0xbe3ca5e5,0xbe3c85e4,0xbe3c65e3,0xbe3c45e2,0xbe3c25e1,
  0xbe3c05e0,0xbe3be5df,0xbe3bc5de,0xbe3ba5dd,0xbe3b85dc,0xbe3b65db,0xbe3b45da,0xbe3b25d9,
  0xbe3b05d8,0xbe3ae5d7,0xbe3ac5d6,0xbe3aa5d5,0xbe3a85d4,0xbe3a65d3,0xbe3a45d2,0xbe3a25d1,
  0xbe3a05d0,0xbe39e5cf,0xbe39c5ce,0xbe39a5cd,0xbe3985cc,0xbe3965cb,0xbe3945ca,0xbe3925c9,
  0xbe3905c8,0xbe38e5c7,0xbe38c5c6,0xbe38a5c5,0xbe3885c4,0xbe3865c3,0xbe3845c2,0xbe3825c1,
  0xbe3805c0,0xbe37e5bf,0xbe37c5be,0xbe37a5bd,0xbe3785bc,0xbe3765bb,0xbe3745ba,0xbe3725b9,
  0xbe3705b8,0xbe36e5b7,0xbe36c5b6,0xbe36a5b5,0xbe3685b4,0xbe3665b3,0xbe3645b2,0xbe3625b1,
  0xbe3605b0,0xbe35e5af,0xbe35c5ae,0xbe35a5ad,0xbe3585ac,0xbe3565ab,0xbe3545aa,0xbe3525a9,
  0xbe3505a8,0xbe34e5a7,0xbe34c5a6,0xbe34a5a5,0xbe3485a4,0xbe3465a3,0xbe3445a2,0xbe3425a1,
  0xbe3405a0,0xbe33e59f,0xbe33c59e,0xbe33a59d,0xbe33859c,0xbe33659b,0xbe33459a,0xbe332599,
  0xbe330598,0xbe32e597,0xbe32c596,0xbe32a595,0xbe328594,0xbe326593,0xbe324592,0xbe322591,
  0xbe320590,0xbe31e58f,0xbe31c58e,0xbe31a58d,0xbe31858c,0xbe31658b,0xbe31458a,0xbe312589,
  0xbe310588,0xbe30e587,0xbe30c586,0xbe30a585,0xbe308584,0xbe306583,0xbe304582,0xbe302581,
  0xbe300580,0xbe2fe57f,0xbe2fc57e,0xbe2fa57d,0xbe2f857c,0xbe2f657b,0xbe2f457a,0xbe2f2579,
  0xbe2f0578,0xbe2ee577,0xbe2ec576,0xbe2ea575,0xbe2e8574,0xbe2e6573,0xbe2e4572,0xbe2e2571,
  0xbe2e0570,0xbe2de56f,0xbe2dc56e,0xbe2da56d,0xbe2d856c,0xbe2d656b,0xbe2d456a,0xbe2d2569,
  0xbe2d0568,0xbe2ce567,0xbe2cc566,0xbe2ca565,0xbe2c8564,0xbe2c6563,0xbe2c4562,0xbe2c2561,
  0xbe2c0560,0xbe2be55f,0xbe2bc55e,0xbe2ba55d,0xbe2b855c,0xbe2b655b,0xbe2b455a,0xbe2b2559,
  0xbe2b0558,0xbe2ae557,0xbe2ac556,0xbe2aa555,0xbe2a8554,0xbe2a6553,0xbe2a4552,0xbe2a2551,
  0xbe2a0550,0xbe29e54f,0xbe29c54e,0xbe29a54d,0xbe29854c,0xbe29654b,0xbe29454a,0xbe292549,
  0xbe290548,0xbe28e547,0xbe28c546,0xbe28a545,0xbe288544,0xbe286543,0xbe284542,0xbe282541,
  0xbe280540,0xbe27e53f,0xbe27c53e,0xbe27a53d,0xbe27853c,0xbe27653b,0xbe27453a,0xbe272539,
  0xbe270538,0xbe26e537,0xbe26c536,0xbe26a535,0xbe268534,0xbe266533,0xbe264532,0xbe262531,
  0xbe260530,0xbe25e52f,0xbe25c52e,0xbe25a52d,0xbe25852c,0xbe25652b,0xbe25452a,0xbe252529,
  0xbe250528,0xbe24e527,0xbe24c526,0xbe24a525,0xbe248524,0xbe246523,0xbe244522,0xbe242521,
  0xbe240520,0xbe23e51f,0xbe23c51e,0xbe23a51d,0xbe23851c,0xbe23651b,0xbe23451a,0xbe232519,
  0xbe230518,0xbe22e517,0xbe22c516,0xbe22a515,0xbe228514,0xbe226513,0xbe224512,0xbe222511,
  0xbe220510,0xbe21e50f,0xbe21c50e,0xbe21a50d,0xbe21850c,0xbe21650b,0xbe21450a,0xbe212509,
  0xbe210508,0xbe20e507,0xbe20c506,0xbe20a505,0xbe208504,0xbe206503,0xbe204502,0xbe202501,
  0xbe200500,0xbe1fe4ff,0xbe1fc4fe,0xbe1fa4fd,0xbe1f84fc,0xbe1f64fb,0xbe1f44fa,0xbe1f24f9,
  0xbe1f04f8,0xbe1ee4f7,0xbe1ec4f6,0xbe1ea4f5,0xbe1e84f4,0xbe1e64f3,0xbe1e44f2,0xbe1e24f1,
  0xbe1e04f0,0xbe1de4ef,0xbe1dc4ee,0xbe1da4ed,0xbe1d84ec,0xbe1d64eb,0xbe1d44ea,0xbe1d24e9,
  0xbe1d04e8,0xbe1ce4e7,0xbe1cc4e6,0xbe1ca4e5,0xbe1c84e4,0xbe1c64e3,0xbe1c44e2,0xbe1c24e1,
  0xbe1c04e0,0xbe1be4df,0xbe1bc4de,0xbe1ba4dd,0xbe1b84dc,0xbe1b64db,0xbe1b44da,0xbe1b24d9,
  0xbe1b04d8,0xbe1ae4d7,0xbe1ac4d6,0xbe1aa4d5,0xbe1a84d4,0xbe1a64d3,0xbe1a44d2,0xbe1a24d1,
  0xbe1a04d0,0xbe19e4cf,0xbe19c4ce,0xbe19a4cd,0xbe1984cc,0xbe1964cb,0xbe1944ca,0xbe1924c9,
  0xbe1904c8,0xbe18e4c7,0xbe18c4c6,0xbe18a4c5,0xbe1884c4,0xbe1864c3,0xbe1844c2,0xbe1824c1,
  0xbe1804c0,0xbe17e4bf,0xbe17c4be,0xbe17a4bd,0xbe1784bc,0xbe1764bb,0xbe1744ba,0xbe1724b9,
  0xbe1704b8,0xbe16e4b7,0xbe16c4b6,0xbe16a4b5,0xbe1684b4,0xbe1664b3,0xbe1644b2,0xbe1624b1,
  0xbe1604b0,0xbe15e4af,0xbe15c4ae,0xbe15a4ad,0xbe1584ac,0xbe1564ab,0xbe1544aa,0xbe1524a9,
  0xbe1504a8,0xbe14e4a7,0xbe14c4a6,0xbe14a4a5,0xbe1484a4,0xbe1464a3,0xbe1444a2,0xbe1424a1,
  0xbe1404a0,0xbe13e49f,0xbe13c49e,0xbe13a49d,0xbe13849c,0xbe13649b,0xbe13449a,0xbe132499,
  0xbe130498,0xbe12e497,0xbe12c496,0xbe12a495,0xbe128494,0xbe126493,0xbe124492,0xbe122491,
  0xbe120490,0xbe11e48f,0xbe11c48e,0xbe11a48d,0xbe11848c,0xbe11648b,0xbe11448a,0xbe112489,
  0xbe110488,0xbe10e487,0xbe10c486,0xbe10a485,0xbe108484,0xbe106483,0xbe104482,0xbe102481,
  0xbe100480,0xbe0fe47f,0xbe0fc47e,0xbe0fa47d,0xbe0f847c,0xbe0f647b,0xbe0f447a,0xbe0f2479,
  0xbe0f0478,0xbe0ee477,0xbe0ec476,0xbe0ea475,0xbe0e8474,0xbe0e6473,0xbe0e4472,0xbe0e2471,
  0xbe0e0470,0xbe0de46f,0xbe0dc46e,0xbe0da46d,0xbe0d846c,0xbe0d646b,0xbe0d446a,0xbe0d2469,
  0xbe0d0468,0xbe0ce467,0xbe0cc466,0xbe0ca465,0xbe0c8464,0xbe0c6463,0xbe0c4462,0xbe0c2461,
  0xbe0c0460,0xbe0be45f,0xbe0bc45e,0xbe0ba45d,0xbe0b845c,0xbe0b645b,0xbe0b445a,0xbe0b2459,
  0xbe0b0458,0xbe0ae457,0xbe0ac456,0xbe0aa455,0xbe0a8454,0xbe0a6453,0xbe0a4452,0xbe0a2451,
  0xbe0a0450,0xbe09e44f,0xbe09c44e,0xbe09a44d,0xbe09844c,0xbe09644b,0xbe09444a,0xbe092449,
  0xbe090448,0xbe08e447,0xbe08c446,0xbe08a445,0xbe088444,0xbe086443,0xbe084442,0xbe082441,
  0xbe080440,0xbe07e43f,0xbe07c43e,0xbe07a43d,0xbe07843c,0xbe07643b,0xbe07443a,0xbe072439,
  0xbe070438,0xbe06e437,0xbe06c436,0xbe06a435,0xbe068434,0xbe066433,0xbe064432,0xbe062431,
  0xbe060430,0xbe05e42f,0xbe05c42e,0xbe05a42d,0xbe05842c,0xbe05642b,0xbe05442a,0xbe052429,
  0xbe050428,0xbe04e427,0xbe04c426,0xbe04a425,0xbe048424,0xbe046423,0xbe044422,0xbe042421,
  0xbe040420,0xbe03e41f,0xbe03c41e,0xbe03a41d,0xbe03841c,0xbe03641b,0xbe03441a,0xbe032419,
  0xbe030418,0xbe02e417,0xbe02c416,0xbe02a415,0xbe028414,0xbe026413,0xbe024412,0xbe022411,
  0xbe020410,0xbe01e40f,0xbe01c40e,0xbe01a40d,0xbe01840c,0xbe01640b,0xbe01440a,0xbe012409,
  0xbe010408,0xbe00e407,0xbe00c406,0xbe00a405,0xbe008404,0xbe006403,0xbe004402,0xbe002401,
  0xbe000400,0xbdffc7fe,0xbdff87fc,0xbdff47fa,0xbdff07f8,0xbdfec7f6,0xbdfe87f4,0xbdfe47f2,
  0xbdfe07f0,0xbdfdc7ee,0xbdfd87ec,0xbdfd47ea,0xbdfd07e8,0xbdfcc7e6,0xbdfc87e4,0xbdfc47e2,
  0xbdfc07e0,0xbdfbc7de,0xbdfb87dc,0xbdfb47da,0xbdfb07d8,0xbdfac7d6,0xbdfa87d4,0xbdfa47d2,
  0xbdfa07d0,0xbdf9c7ce,0xbdf987cc,0xbdf947ca,0xbdf907c8,0xbdf8c7c6,0xbdf887c4,0xbdf847c2,
  0xbdf807c0,0xbdf7c7be,0xbdf787bc,0xbdf747ba,0xbdf707b8,0xbdf6c7b6,0xbdf687b4,0xbdf647b2,
  0xbdf607b0,0xbdf5c7ae,0xbdf587ac,0xbdf547aa,0xbdf507a8,0xbdf4c7a6,0xbdf487a4,0xbdf447a2,
  0xbdf407a0,0xbdf3c79e,0xbdf3879c,0xbdf3479a,0xbdf30798,0xbdf2c796,0xbdf28794,0xbdf24792,
  0xbdf20790,0xbdf1c78e,0xbdf1878c,0xbdf1478a,0xbdf10788,0xbdf0c786,0xbdf08784,0xbdf04782,
  0xbdf00780,0xbdefc77e,0xbdef877c,0xbdef477a,0xbdef0778,0xbdeec776,0xbdee8774,0xbdee4772,
  0xbdee0770,0xbdedc76e,0xbded876c,0xbded476a,0xbded0768,0xbdecc766,0xbdec8764,0xbdec4762,
  0xbdec0760,0xbdebc75e,0xbdeb875c,0xbdeb475a,0xbdeb0758,0xbdeac756,0xbdea8754,0xbdea4752,
  0xbdea0750,0xbde9c74e,0xbde9874c,0xbde9474a,0xbde90748,0xbde8c746,0xbde88744,0xbde84742,
  0xbde80740,0xbde7c73e,0xbde7873c,0xbde7473a,0xbde70738,0xbde6c736,0xbde68734,0xbde64732,
  0xbde60730,0xbde5c72e,0xbde5872c,0xbde5472a,0xbde50728,0xbde4c726,0xbde48724,0xbde44722,
  0xbde40720,0xbde3c71e,0xbde3871c,0xbde3471a,0xbde30718,0xbde2c716,0xbde28714,0xbde24712,
  0xbde20710,0xbde1c70e,0xbde1870c,0xbde1470a,0xbde10708,0xbde0c706,0xbde08704,0xbde04702,
  0xbde00700,0xbddfc6fe,0xbddf86fc,0xbddf46fa,0xbddf06f8,0xbddec6f6,0xbdde86f4,0xbdde46f2,
  0xbdde06f0,0xbdddc6ee,0xbddd86ec,0xbddd46ea,0xbddd06e8,0xbddcc6e6,0xbddc86e4,0xbddc46e2,
  0xbddc06e0,0xbddbc6de,0xbddb86dc,0xbddb46da,0xbddb06d8,0xbddac6d6,0xbdda86d4,0xbdda46d2,
  0xbdda06d0,0xbdd9c6ce,0xbdd986cc,0xbdd946ca,0xbdd906c8,0xbdd8c6c6,0xbdd886c4,0xbdd846c2,
  0xbdd806c0,0xbdd7c6be,0xbdd786bc,0xbdd746ba,0xbdd706b8,0xbdd6c6b6,0xbdd686b4,0xbdd646b2,
  0xbdd606b0,0xbdd5c6ae,0xbdd586ac,0xbdd546aa,0xbdd506a8,0xbdd4c6a6,0xbdd486a4,0xbdd446a2,
  0xbdd406a0,0xbdd3c69e,0xbdd3869c,0xbdd3469a,0xbdd30698,0xbdd2c696,0xbdd28694,0xbdd24692,
  0xbdd20690,0xbdd1c68e,0xbdd1868c,0xbdd1468a,0xbdd10688,0xbdd0c686,0xbdd08684,0xbdd04682,
  0xbdd00680,0xbdcfc67e,0xbdcf867c,0xbdcf467a,0xbdcf0678,0xbdcec676,0xbdce8674,0xbdce4672,
  0xbdce0670,0xbdcdc66e,0xbdcd866c,0xbdcd466a,0xbdcd0668,0xbdccc666,0xbdcc8664,0xbdcc4662,
  0xbdcc0660,0xbdcbc65e,0xbdcb865c,0xbdcb465a,0xbdcb0658,0xbdcac656,0xbdca8654,0xbdca4652,
  0xbdca0650,0xbdc9c64e,0xbdc9864c,0xbdc9464a,0xbdc90648,0xbdc8c646,0xbdc88644,0xbdc84642,
  0xbdc80640,0xbdc7c63e,0xbdc7863c,0xbdc7463a,0xbdc70638,0xbdc6c636,0xbdc68634,0xbdc64632,
  0xbdc60630,0xbdc5c62e,0xbdc5862c,0xbdc5462a,0xbdc50628,0xbdc4c626,0xbdc48624,0xbdc44622,
  0xbdc40620,0xbdc3c61e,0xbdc3861c,0xbdc3461a,0xbdc30618,0xbdc2c616,0xbdc28614,0xbdc24612,
  0xbdc20610,0xbdc1c60e,0xbdc1860c,0xbdc1460a,0xbdc10608,0xbdc0c606,0xbdc08604,0xbdc04602,
  0xbdc00600,0xbdbfc5fe,0xbdbf85fc,0xbdbf45fa,0xbdbf05f8,0xbdbec5f6,0xbdbe85f4,0xbdbe45f2,
  0xbdbe05f0,0xbdbdc5ee,0xbdbd85ec,0xbdbd45ea,0xbdbd05e8,0xbdbcc5e6,0xbdbc85e4,0xbdbc45e2,
  0xbdbc05e0,0xbdbbc5de,0xbdbb85dc,0xbdbb45da,0xbdbb05d8,0xbdbac5d6,0xbdba85d4,0xbdba45d2,
  0xbdba05d0,0xbdb9c5ce,0xbdb985cc,0xbdb945ca,0xbdb905c8,0xbdb8c5c6,0xbdb885c4,0xbdb845c2,
  0xbdb805c0,0xbdb7c5be,0xbdb785bc,0xbdb745ba,0xbdb705b8,0xbdb6c5b6,0xbdb685b4,0xbdb645b2,
  0xbdb605b0,0xbdb5c5ae,0xbdb585ac,0xbdb545aa,0xbdb505a8,0xbdb4c5a6,0xbdb485a4,0xbdb445a2,
  0xbdb405a0,0xbdb3c59e,0xbdb3859c,0xbdb3459a,0xbdb30598,0xbdb2c596,0xbdb28594,0xbdb24592,
  0xbdb20590,0xbdb1c58e,0xbdb1858c,0xbdb1458a,0xbdb10588,0xbdb0c586,0xbdb08584,0xbdb04582,
  0xbdb00580,0xbdafc57e,0xbdaf857c,0xbdaf457a,0xbdaf0578,0xbdaec576,0xbdae8574,0xbdae4572,
  0xbdae0570,0xbdadc56e,0xbdad856c,0xbdad456a,0xbdad0568,0xbdacc566,0xbdac8564,0xbdac4562,
  0xbdac0560,0xbdabc55e,0xbdab855c,0xbdab455a,0xbdab0558,0xbdaac556,0xbdaa8554,0xbdaa4552,
  0xbdaa0550,0xbda9c54e,0xbda9854c,0xbda9454a,0xbda90548,0xbda8c546,0xbda88544,0xbda84542,
  0xbda80540,0xbda7c53e,0xbda7853c,0xbda7453a,0xbda70538,0xbda6c536,0xbda68534,0xbda64532,
  0xbda60530,0xbda5c52e,0xbda5852c,0xbda5452a,0xbda50528,0xbda4c526,0xbda48524,0xbda44522,
  0xbda40520,0xbda3c51e,0xbda3851c,0xbda3451a,0xbda30518,0xbda2c516,0xbda28514,0xbda24512,
  0xbda20510,0xbda1c50e,0xbda1850c,0xbda1450a,0xbda10508,0xbda0c506,0xbda08504,0xbda04502,
  0xbda00500,0xbd9fc4fe,0xbd9f84fc,0xbd9f44fa,0xbd9f04f8,0xbd9ec4f6,0xbd9e84f4,0xbd9e44f2,
  0xbd9e04f0,0xbd9dc4ee,0xbd9d84ec,0xbd9d44ea,0xbd9d04e8,0xbd9cc4e6,0xbd9c84e4,0xbd9c44e2,
  0xbd9c04e0,0xbd9bc4de,0xbd9b84dc,0xbd9b44da,0xbd9b04d8,0xbd9ac4d6,0xbd9a84d4,0xbd9a44d2,
  0xbd9a04d0,0xbd99c4ce,0xbd9984cc,0xbd9944ca,0xbd9904c8,0xbd98c4c6,0xbd9884c4,0xbd9844c2,
  0xbd9804c0,0xbd97c4be,0xbd9784bc,0xbd9744ba,0xbd9704b8,0xbd96c4b6,0xbd9684b4,0xbd9644b2,
  0xbd9604b0,0xbd95c4ae,0xbd9584ac,0xbd9544aa,0xbd9504a8,0xbd94c4a6,0xbd9484a4,0xbd9444a2,
  0xbd9404a0,0xbd93c49e,0xbd93849c,0xbd93449a,0xbd930498,0xbd92c496,0xbd928494,0xbd924492,
  0xbd920490,0xbd91c48e,0xbd91848c,0xbd91448a,0xbd910488,0xbd90c486,0xbd908484,0xbd904482,
  0xbd900480,0xbd8fc47e,0xbd8f847c,0xbd8f447a,0xbd8f0478,0xbd8ec476,0xbd8e8474,0xbd8e4472,
  0xbd8e0470,0xbd8dc46e,0xbd8d846c,0xbd8d446a,0xbd8d0468,0xbd8cc466,0xbd8c8464,0xbd8c4462,
  0xbd8c0460,0xbd8bc45e,0xbd8b845c,0xbd8b445a,0xbd8b0458,0xbd8ac456,0xbd8a8454,0xbd8a4452,
  0xbd8a0450,0xbd89c44e,0xbd89844c,0xbd89444a,0xbd890448,0xbd88c446,0xbd888444,0xbd884442,
  0xbd880440,0xbd87c43e,0xbd87843c,0xbd87443a,0xbd870438,0xbd86c436,0xbd868434,0xbd864432,
  0xbd860430,0xbd85c42e,0xbd85842c,0xbd85442a,0xbd850428,0xbd84c426,0xbd848424,0xbd844422,
  0xbd840420,0xbd83c41e,0xbd83841c,0xbd83441a,0xbd830418,0xbd82c416,0xbd828414,0xbd824412,
  0xbd820410,0xbd81c40e,0xbd81840c,0xbd81440a,0xbd810408,0xbd80c406,0xbd808404,0xbd804402,
  0xbd800400,0xbd7f87fc,0xbd7f07f8,0xbd7e87f4,0xbd7e07f0,0xbd7d87ec,0xbd7d07e8,0xbd7c87e4,
  0xbd7c07e0,0xbd7b87dc,0xbd7b07d8,0xbd7a87d4,0xbd7a07d0,0xbd7987cc,0xbd7907c8,0xbd7887c4,
  0xbd7807c0,0xbd7787bc,0xbd7707b8,0xbd7687b4,0xbd7607b0,0xbd7587ac,0xbd7507a8,0xbd7487a4,
  0xbd7407a0,0xbd73879c,0xbd730798,0xbd728794,0xbd720790,0xbd71878c,0xbd710788,0xbd708784,
  0xbd700780,0xbd6f877c,0xbd6f0778,0xbd6e8774,0xbd6e0770,0xbd6d876c,0xbd6d0768,0xbd6c8764,
  0xbd6c0760,0xbd6b875c,0xbd6b0758,0xbd6a8754,0xbd6a0750,0xbd69874c,0xbd690748,0xbd688744,
  0xbd680740,0xbd67873c,0xbd670738,0xbd668734,0xbd660730,0xbd65872c,0xbd650728,0xbd648724,
  0xbd640720,0xbd63871c,0xbd630718,0xbd628714,0xbd620710,0xbd61870c,0xbd610708,0xbd608704,
  0xbd600700,0xbd5f86fc,0xbd5f06f8,0xbd5e86f4,0xbd5e06f0,0xbd5d86ec,0xbd5d06e8,0xbd5c86e4,
  0xbd5c06e0,0xbd5b86dc,0xbd5b06d8,0xbd5a86d4,0xbd5a06d0,0xbd5986cc,0xbd5906c8,0xbd5886c4,
  0xbd5806c0,0xbd5786bc,0xbd5706b8,0xbd5686b4,0xbd5606b0,0xbd5586ac,0xbd5506a8,0xbd5486a4,
  0xbd5406a0,0xbd53869c,0xbd530698,0xbd528694,0xbd520690,0xbd51868c,0xbd510688,0xbd508684,
  0xbd500680,0xbd4f867c,0xbd4f0678,0xbd4e8674,0xbd4e0670,0xbd4d866c,0xbd4d0668,0xbd4c8664,
  0xbd4c0660,0xbd4b865c,0xbd4b0658,0xbd4a8654,0xbd4a0650,0xbd49864c,0xbd490648,0xbd488644,
  0xbd480640,0xbd47863c,0xbd470638,0xbd468634,0xbd460630,0xbd45862c,0xbd450628,0xbd448624,
  0xbd440620,0xbd43861c,0xbd430618,0xbd428614,0xbd420610,0xbd41860c,0xbd410608,0xbd408604,
  0xbd400600,0xbd3f85fc,0xbd3f05f8,0xbd3e85f4,0xbd3e05f0,0xbd3d85ec,0xbd3d05e8,0xbd3c85e4,
  0xbd3c05e0,0xbd3b85dc,0xbd3b05d8,0xbd3a85d4,0xbd3a05d0,0xbd3985cc,0xbd3905c8,0xbd3885c4,
  0xbd3805c0,0xbd3785bc,0xbd3705b8,0xbd3685b4,0xbd3605b0,0xbd3585ac,0xbd3505a8,0xbd3485a4,
  0xbd3405a0,0xbd33859c,0xbd330598,0xbd328594,0xbd320590,0xbd31858c,0xbd310588,0xbd308584,
  0xbd300580,0xbd2f857c,0xbd2f0578,0xbd2e8574,0xbd2e0570,0xbd2d856c,0xbd2d0568,0xbd2c8564,
  0xbd2c0560,0xbd2b855c,0xbd2b0558,0xbd2a8554,0xbd2a0550,0xbd29854c,0xbd290548,0xbd288544,
  0xbd280540,0xbd27853c,0xbd270538,0xbd268534,0xbd260530,0xbd25852c,0xbd250528,0xbd248524,
  0xbd240520,0xbd23851c,0xbd230518,0xbd228514,0xbd220510,0xbd21850c,0xbd210508,0xbd208504,
  0xbd200500,0xbd1f84fc,0xbd1f04f8,0xbd1e84f4,0xbd1e04f0,0xbd1d84ec,0xbd1d04e8,0xbd1c84e4,
  0xbd1c04e0,0xbd1b84dc,0xbd1b04d8,0xbd1a84d4,0xbd1a04d0,0xbd1984cc,0xbd1904c8,0xbd1884c4,
  0xbd1804c0,0xbd1784bc,0xbd1704b8,0xbd1684b4,0xbd1604b0,0xbd1584ac,0xbd1504a8,0xbd1484a4,
  0xbd1404a0,0xbd13849c,0xbd130498,0xbd128494,0xbd120490,0xbd11848c,0xbd110488,0xbd108484,
  0xbd100480,0xbd0f847c,0xbd0f0478,0xbd0e8474,0xbd0e0470,0xbd0d846c,0xbd0d0468,0xbd0c8464,
  0xbd0c0460,0xbd0b845c,0xbd0b0458,0xbd0a8454,0xbd0a0450,0xbd09844c,0xbd090448,0xbd088444,
  0xbd080440,0xbd07843c,0xbd070438,0xbd068434,0xbd060430,0xbd05842c,0xbd050428,0xbd048424,
  0xbd040420,0xbd03841c,0xbd030418,0xbd028414,0xbd020410,0xbd01840c,0xbd010408,0xbd008404,
  0xbd000400,0xbcff07f8,0xbcfe07f0,0xbcfd07e8,0xbcfc07e0,0xbcfb07d8,0xbcfa07d0,0xbcf907c8,
  0xbcf807c0,0xbcf707b8,0xbcf607b0,0xbcf507a8,0xbcf407a0,0xbcf30798,0xbcf20790,0xbcf10788,
  0xbcf00780,0xbcef0778,0xbcee0770,0xbced0768,0xbcec0760,0xbceb0758,0xbcea0750,0xbce90748,
  0xbce80740,0xbce70738,0xbce60730,0xbce50728,0xbce40720,0xbce30718,0xbce20710,0xbce10708,
  0xbce00700,0xbcdf06f8,0xbcde06f0,0xbcdd06e8,0xbcdc06e0,0xbcdb06d8,0xbcda06d0,0xbcd906c8,
  0xbcd806c0,0xbcd706b8,0xbcd606b0,0xbcd506a8,0xbcd406a0,0xbcd30698,0xbcd20690,0xbcd10688,
  0xbcd00680,0xbccf0678,0xbcce0670,0xbccd0668,0xbccc0660,0xbccb0658,0xbcca0650,0xbcc90648,
  0xbcc80640,0xbcc70638,0xbcc60630,0xbcc50628,0xbcc40620,0xbcc30618,0xbcc20610,0xbcc10608,
  0xbcc00600,0xbcbf05f8,0xbcbe05f0,0xbcbd05e8,0xbcbc05e0,0xbcbb05d8,0xbcba05d0,0xbcb905c8,
  0xbcb805c0,0xbcb705b8,0xbcb605b0,0xbcb505a8,0xbcb405a0,0xbcb30598,0xbcb20590,0xbcb10588,
  0xbcb00580,0xbcaf0578,0xbcae0570,0xbcad0568,0xbcac0560,0xbcab0558,0xbcaa0550,0xbca90548,
  0xbca80540,0xbca70538,0xbca60530,0xbca50528,0xbca40520,0xbca30518,0xbca20510,0xbca10508,
  0xbca00500,0xbc9f04f8,0xbc9e04f0,0xbc9d04e8,0xbc9c04e0,0xbc9b04d8,0xbc9a04d0,0xbc9904c8,
  0xbc9804c0,0xbc9704b8,0xbc9604b0,0xbc9504a8,0xbc9404a0,0xbc930498,0xbc920490,0xbc910488,
  0xbc900480,0xbc8f0478,0xbc8e0470,0xbc8d0468,0xbc8c0460,0xbc8b0458,0xbc8a0450,0xbc890448,
  0xbc880440,0xbc870438,0xbc860430,0xbc850428,0xbc840420,0xbc830418,0xbc820410,0xbc810408,
  0xbc800400,0xbc7e07f0,0xbc7c07e0,0xbc7a07d0,0xbc7807c0,0xbc7607b0,0xbc7407a0,0xbc720790,
  0xbc700780,0xbc6e0770,0xbc6c0760,0xbc6a0750,0xbc680740,0xbc660730,0xbc640720,0xbc620710,
  0xbc600700,0xbc5e06f0,0xbc5c06e0,0xbc5a06d0,0xbc5806c0,0xbc5606b0,0xbc5406a0,0xbc520690,
  0xbc500680,0xbc4e0670,0xbc4c0660,0xbc4a0650,0xbc480640,0xbc460630,0xbc440620,0xbc420610,
  0xbc400600,0xbc3e05f0,0xbc3c05e0,0xbc3a05d0,0xbc3805c0,0xbc3605b0,0xbc3405a0,0xbc320590,
  0xbc300580,0xbc2e0570,0xbc2c0560,0xbc2a0550,0xbc280540,0xbc260530,0xbc240520,0xbc220510,
  0xbc200500,0xbc1e04f0,0xbc1c04e0,0xbc1a04d0,0xbc1804c0,0xbc1604b0,0xbc1404a0,0xbc120490,
  0xbc100480,0xbc0e0470,0xbc0c0460,0xbc0a0450,0xbc080440,0xbc060430,0xbc040420,0xbc020410,
  0xbc000400,0xbbfc07e0,0xbbf807c0,0xbbf407a0,0xbbf00780,0xbbec0760,0xbbe80740,0xbbe40720,
  0xbbe00700,0xbbdc06e0,0xbbd806c0,0xbbd406a0,0xbbd00680,0xbbcc0660,0xbbc80640,0xbbc40620,
  0xbbc00600,0xbbbc05e0,0xbbb805c0,0xbbb405a0,0xbbb00580,0xbbac0560,0xbba80540,0xbba40520,
  0xbba00500,0xbb9c04e0,0xbb9804c0,0xbb9404a0,0xbb900480,0xbb8c0460,0xbb880440,0xbb840420,
  0xbb800400,0xbb7807c0,0xbb700780,0xbb680740,0xbb600700,0xbb5806c0,0xbb500680,0xbb480640,
  0xbb400600,0xbb3805c0,0xbb300580,0xbb280540,0xbb200500,0xbb1804c0,0xbb100480,0xbb080440,
  0xbb000400,0xbaf00780,0xbae00700,0xbad00680,0xbac00600,0xbab00580,0xbaa00500,0xba900480,
  0xba800400,0xba600700,0xba400600,0xba200500,0xba000400,0xb9c00600,0xb9800400,0xb9000400,
  0x00000000,0x39000400,0x39800400,0x39c00600,0x3a000400,0x3a200500,0x3a400600,0x3a600700,
  0x3a800400,0x3a900480,0x3aa00500,0x3ab00580,0x3ac00600,0x3ad00680,0x3ae00700,0x3af00780,
  0x3b000400,0x3b080440,0x3b100480,0x3b1804c0,0x3b200500,0x3b280540,0x3b300580,0x3b3805c0,
  0x3b400600,0x3b480640,0x3b500680,0x3b5806c0,0x3b600700,0x3b680740,0x3b700780,0x3b7807c0,
  0x3b800400,0x3b840420,0x3b880440,0x3b8c0460,0x3b900480,0x3b9404a0,0x3b9804c0,0x3b9c04e0,
  0x3ba00500,0x3ba40520,0x3ba80540,0x3bac0560,0x3bb00580,0x3bb405a0,0x3bb805c0,0x3bbc05e0,
  0x3bc00600,0x3bc40620,0x3bc80640,0x3bcc0660,0x3bd00680,0x3bd406a0,0x3bd806c0,0x3bdc06e0,
  0x3be00700,0x3be40720,0x3be80740,0x3bec0760,0x3bf00780,0x3bf407a0,0x3bf807c0,0x3bfc07e0,
  0x3c000400,0x3c020410,0x3c040420,0x3c060430,0x3c080440,0x3c0a0450,0x3c0c0460,0x3c0e0470,
  0x3c100480,0x3c120490,0x3c1404a0,0x3c1604b0,0x3c1804c0,0x3c1a04d0,0x3c1c04e0,0x3c1e04f0,
  0x3c200500,0x3c220510,0x3c240520,0x3c260530,0x3c280540,0x3c2a0550,0x3c2c0560,0x3c2e0570,
  0x3c300580,0x3c320590,0x3c3405a0,0x3c3605b0,0x3c3805c0,0x3c3a05d0,0x3c3c05e0,0x3c3e05f0,
  0x3c400600,0x3c420610,0x3c440620,0x3c460630,0x3c480640,0x3c4a0650,0x3c4c0660,0x3c4e0670,
  0x3c500680,0x3c520690,0x3c5406a0,0x3c5606b0,0x3c5806c0,0x3c5a06d0,0x3c5c06e0,0x3c5e06f0,
  0x3c600700,0x3c620710,0x3c640720,0x3c660730,0x3c680740,0x3c6a0750,0x3c6c0760,0x3c6e0770,
  0x3c700780,0x3c720790,0x3c7407a0,0x3c7607b0,0x3c7807c0,0x3c7a07d0,0x3c7c07e0,0x3c7e07f0,
  0x3c800400,0x3c810408,0x3c820410,0x3c830418,0x3c840420,0x3c850428,0x3c860430,0x3c870438,
  0x3c880440,0x3c890448,0x3c8a0450,0x3c8b0458,0x3c8c0460,0x3c8d0468,0x3c8e0470,0x3c8f0478,
  0x3c900480,0x3c910488,0x3c920490,0x3c930498,0x3c9404a0,0x3c9504a8,0x3c9604b0,0x3c9704b8,
  0x3c9804c0,0x3c9904c8,0x3c9a04d0,0x3c9b04d8,0x3c9c04e0,0x3c9d04e8,0x3c9e04f0,0x3c9f04f8,
  0x3ca00500,0x3ca10508,0x3ca20510,0x3ca30518,0x3ca40520,0x3ca50528,0x3ca60530,0x3ca70538,
  0x3ca80540,0x3ca90548,0x3caa0550,0x3cab0558,0x3cac0560,0x3cad0568,0x3cae0570,0x3caf0578,
  0x3cb00580,0x3cb10588,0x3cb20590,0x3cb30598,0x3cb405a0,0x3cb505a8,0x3cb605b0,0x3cb705b8,
  0x3cb805c0,0x3cb905c8,0x3cba05d0,0x3cbb05d8,0x3cbc05e0,0x3cbd05e8,0x3cbe05f0,0x3cbf05f8,
  0x3cc00600,0x3cc10608,0x3cc20610,0x3cc30618,0x3cc40620,0x3cc50628,0x3cc60630,0x3cc70638,
  0x3cc80640,0x3cc90648,0x3cca0650,0x3ccb0658,0x3ccc0660,0x3ccd0668,0x3cce0670,0x3ccf0678,
  0x3cd00680,0x3cd10688,0x3cd20690,0x3cd30698,0x3cd406a0,0x3cd506a8,0x3cd606b0,0x3cd706b8,
  0x3cd806c0,0x3cd906c8,0x3cda06d0,0x3cdb06d8,0x3cdc06e0,0x3cdd06e8,0x3cde06f0,0x3cdf06f8,
  0x3ce00700,0x3ce10708,0x3ce20710,0x3ce30718,0x3ce40720,0x3ce50728,0x3ce60730,0x3ce70738,
  0x3ce80740,0x3ce90748,0x3cea0750,0x3ceb0758,0x3cec0760,0x3ced0768,0x3cee0770,0x3cef0778,
  0x3cf00780,0x3cf10788,0x3cf20790,0x3cf30798,0x3cf407a0,0x3cf507a8,0x3cf607b0,0x3cf707b8,
  0x3cf807c0,0x3cf907c8,0x3cfa07d0,0x3cfb07d8,0x3cfc07e0,0x3cfd07e8,0x3cfe07f0,0x3cff07f8,
  0x3d000400,0x3d008404,0x3d010408,0x3d01840c,0x3d020410,0x3d028414,0x3d030418,0x3d03841c,
  0x3d040420,0x3d048424,0x3d050428,0x3d05842c,0x3d060430,0x3d068434,0x3d070438,0x3d07843c,
  0x3d080440,0x3d088444,0x3d090448,0x3d09844c,0x3d0a0450,0x3d0a8454,0x3d0b0458,0x3d0b845c,
  0x3d0c0460,0x3d0c8464,0x3d0d0468,0x3d0d846c,0x3d0e0470,0x3d0e8474,0x3d0f0478,0x3d0f847c,
  0x3d100480,0x3d108484,0x3d110488,0x3d11848c,0x3d120490,0x3d128494,0x3d130498,0x3d13849c,
  0x3d1404a0,0x3d1484a4,0x3d1504a8,0x3d1584ac,0x3d1604b0,0x3d1684b4,0x3d1704b8,0x3d1784bc,
  0x3d1804c0,0x3d1884c4,0x3d1904c8,0x3d1984cc,0x3d1a04d0,0x3d1a84d4,0x3d1b04d8,0x3d1b84dc,
  0x3d1c04e0,0x3d1c84e4,0x3d1d04e8,0x3d1d84ec,0x3d1e04f0,0x3d1e84f4,0x3d1f04f8,0x3d1f84fc,
  0x3d200500,0x3d208504,0x3d210508,0x3d21850c,0x3d220510,0x3d228514,0x3d230518,0x3d23851c,
  0x3d240520,0x3d248524,0x3d250528,0x3d25852c,0x3d260530,0x3d268534,0x3d270538,0x3d27853c,
  0x3d280540,0x3d288544,0x3d290548,0x3d29854c,0x3d2a0550,0x3d2a8554,0x3d2b0558,0x3d2b855c,
  0x3d2c0560,0x3d2c8564,0x3d2d0568,0x3d2d856c,0x3d2e0570,0x3d2e8574,0x3d2f0578,0x3d2f857c,
  0x3d300580,0x3d308584,0x3d310588,0x3d31858c,0x3d320590,0x3d328594,0x3d330598,0x3d33859c,
  0x3d3405a0,0x3d3485a4,0x3d3505a8,0x3d3585ac,0x3d3605b0,0x3d3685b4,0x3d3705b8,0x3d3785bc,
  0x3d3805c0,0x3d3885c4,0x3d3905c8,0x3d3985cc,0x3d3a05d0,0x3d3a85d4,0x3d3b05d8,0x3d3b85dc,
  0x3d3c05e0,0x3d3c85e4,0x3d3d05e8,0x3d3d85ec,0x3d3e05f0,0x3d3e85f4,0x3d3f05f8,0x3d3f85fc,
  0x3d400600,0x3d408604,0x3d410608,0x3d41860c,0x3d420610,0x3d428614,0x3d430618,0x3d43861c,
  0x3d440620,0x3d448624,0x3d450628,0x3d45862c,0x3d460630,0x3d468634,0x3d470638,0x3d47863c,
  0x3d480640,0x3d488644,0x3d490648,0x3d49864c,0x3d4a0650,0x3d4a8654,0x3d4b0658,0x3d4b865c,
  0x3d4c0660,0x3d4c8664,0x3d4d0668,0x3d4d866c,0x3d4e0670,0x3d4e8674,0x3d4f0678,0x3d4f867c,
  0x3d500680,0x3d508684,0x3d510688,0x3d51868c,0x3d520690,0x3d528694,0x3d530698,0x3d53869c,
  0x3d5406a0,0x3d5486a4,0x3d5506a8,0x3d5586ac,0x3d5606b0,0x3d5686b4,0x3d5706b8,0x3d5786bc,
  0x3d5806c0,0x3d5886c4,0x3d5906c8,0x3d5986cc,0x3d5a06d0,0x3d5a86d4,0x3d5b06d8,0x3d5b86dc,
  0x3d5c06e0,0x3d5c86e4,0x3d5d06e8,0x3d5d86ec,0x3d5e06f0,0x3d5e86f4,0x3d5f06f8,0x3d5f86fc,
  0x3d600700,0x3d608704,0x3d610708,0x3d61870c,0x3d620710,0x3d628714,0x3d630718,0x3d63871c,
  0x3d640720,0x3d648724,0x3d650728,0x3d65872c,0x3d660730,0x3d668734,0x3d670738,0x3d67873c,
  0x3d680740,0x3d688744,0x3d690748,0x3d69874c,0x3d6a0750,0x3d6a8754,0x3d6b0758,0x3d6b875c,
  0x3d6c0760,0x3d6c8764,0x3d6d0768,0x3d6d876c,0x3d6e0770,0x3d6e8774,0x3d6f0778,0x3d6f877c,
  0x3d700780,0x3d708784,0x3d710788,0x3d71878c,0x3d720790,0x3d728794,0x3d730798,0x3d73879c,
  0x3d7407a0,0x3d7487a4,0x3d7507a8,0x3d7587ac,0x3d7607b0,0x3d7687b4,0x3d7707b8,0x3d7787bc,
  0x3d7807c0,0x3d7887c4,0x3d7907c8,0x3d7987cc,0x3d7a07d0,0x3d7a87d4,0x3d7b07d8,0x3d7b87dc,
  0x3d7c07e0,0x3d7c87e4,0x3d7d07e8,0x3d7d87ec,0x3d7e07f0,0x3d7e87f4,0x3d7f07f8,0x3d7f87fc,
  0x3d800400,0x3d804402,0x3d808404,0x3d80c406,0x3d810408,0x3d81440a,0x3d81840c,0x3d81c40e,
  0x3d820410,0x3d824412,0x3d828414,0x3d82c416,0x3d830418,0x3d83441a,0x3d83841c,0x3d83c41e,
  0x3d840420,0x3d844422,0x3d848424,0x3d84c426,0x3d850428,0x3d85442a,0x3d85842c,0x3d85c42e,
  0x3d860430,0x3d864432,0x3d868434,0x3d86c436,0x3d870438,0x3d87443a,0x3d87843c,0x3d87c43e,
  0x3d880440,0x3d884442,0x3d888444,0x3d88c446,0x3d890448,0x3d89444a,0x3d89844c,0x3d89c44e,
  0x3d8a0450,0x3d8a4452,0x3d8a8454,0x3d8ac456,0x3d8b0458,0x3d8b445a,0x3d8b845c,0x3d8bc45e,
  0x3d8c0460,0x3d8c4462,0x3d8c8464,0x3d8cc466,0x3d8d0468,0x3d8d446a,0x3d8d846c,0x3d8dc46e,
  0x3d8e0470,0x3d8e4472,0x3d8e8474,0x3d8ec476,0x3d8f0478,0x3d8f447a,0x3d8f847c,0x3d8fc47e,
  0x3d900480,0x3d904482,0x3d908484,0x3d90c486,0x3d910488,0x3d91448a,0x3d91848c,0x3d91c48e,
  0x3d920490,0x3d924492,0x3d928494,0x3d92c496,0x3d930498,0x3d93449a,0x3d93849c,0x3d93c49e,
  0x3d9404a0,0x3d9444a2,0x3d9484a4,0x3d94c4a6,0x3d9504a8,0x3d9544aa,0x3d9584ac,0x3d95c4ae,
  0x3d9604b0,0x3d9644b2,0x3d9684b4,0x3d96c4b6,0x3d9704b8,0x3d9744ba,0x3d9784bc,0x3d97c4be,
  0x3d9804c0,0x3d9844c2,0x3d9884c4,0x3d98c4c6,0x3d9904c8,0x3d9944ca,0x3d9984cc,0x3d99c4ce,
  0x3d9a04d0,0x3d9a44d2,0x3d9a84d4,0x3d9ac4d6,0x3d9b04d8,0x3d9b44da,0x3d9b84dc,0x3d9bc4de,
  0x3d9c04e0,0x3d9c44e2,0x3d9c84e4,0x3d9cc4e6,0x3d9d04e8,0x3d9d44ea,0x3d9d84ec,0x3d9dc4ee,
  0x3d9e04f0,0x3d9e44f2,0x3d9e84f4,0x3d9ec4f6,0x3d9f04f8,0x3d9f44fa,0x3d9f84fc,0x3d9fc4fe,
  0x3da00500,0x3da04502,0x3da08504,0x3da0c506,0x3da10508,0x3da1450a,0x3da1850c,0x3da1c50e,
  0x3da20510,0x3da24512,0x3da28514,0x3da2c516,0x3da30518,0x3da3451a,0x3da3851c,0x3da3c51e,
  0x3da40520,0x3da44522,0x3da48524,0x3da4c526,0x3da50528,0x3da5452a,0x3da5852c,0x3da5c52e,
  0x3da60530,0x3da64532,0x3da68534,0x3da6c536,0x3da70538,0x3da7453a,0x3da7853c,0x3da7c53e,
  0x3da80540,0x3da84542,0x3da88544,0x3da8c546,0x3da90548,0x3da9454a,0x3da9854c,0x3da9c54e,
  0x3daa0550,0x3daa4552,0x3daa8554,0x3daac556,0x3dab0558,0x3dab455a,0x3dab855c,0x3dabc55e,
  0x3dac0560,0x3dac4562,0x3dac8564,0x3dacc566,0x3dad0568,0x3dad456a,0x3dad856c,0x3dadc56e,
  0x3dae0570,0x3dae4572,0x3dae8574,0x3daec576,0x3daf0578,0x3daf457a,0x3daf857c,0x3dafc57e,
  0x3db00580,0x3db04582,0x3db08584,0x3db0c586,0x3db10588,0x3db1458a,0x3db1858c,0x3db1c58e,
  0x3db20590,0x3db24592,0x3db28594,0x3db2c596,0x3db30598,0x3db3459a,0x3db3859c,0x3db3c59e,
  0x3db405a0,0x3db445a2,0x3db485a4,0x3db4c5a6,0x3db505a8,0x3db545aa,0x3db585ac,0x3db5c5ae,
  0x3db605b0,0x3db645b2,0x3db685b4,0x3db6c5b6,0x3db705b8,0x3db745ba,0x3db785bc,0x3db7c5be,
  0x3db805c0,0x3db845c2,0x3db885c4,0x3db8c5c6,0x3db905c8,0x3db945ca,0x3db985cc,0x3db9c5ce,
  0x3dba05d0,0x3dba45d2,0x3dba85d4,0x3dbac5d6,0x3dbb05d8,0x3dbb45da,0x3dbb85dc,0x3dbbc5de,
  0x3dbc05e0,0x3dbc45e2,0x3dbc85e4,0x3dbcc5e6,0x3dbd05e8,0x3dbd45ea,0x3dbd85ec,0x3dbdc5ee,
  0x3dbe05f0,0x3dbe45f2,0x3dbe85f4,0x3dbec5f6,0x3dbf05f8,0x3dbf45fa,0x3dbf85fc,0x3dbfc5fe,
  0x3dc00600,0x3dc04602,0x3dc08604,0x3dc0c606,0x3dc10608,0x3dc1460a,0x3dc1860c,0x3dc1c60e,
  0x3dc20610,0x3dc24612,0x3dc28614,0x3dc2c616,0x3dc30618,0x3dc3461a,0x3dc3861c,0x3dc3c61e,
  0x3dc40620,0x3dc44622,0x3dc48624,0x3dc4c626,0x3dc50628,0x3dc5462a,0x3dc5862c,0x3dc5c62e,
  0x3dc60630,0x3dc64632,0x3dc68634,0x3dc6c636,0x3dc70638,0x3dc7463a,0x3dc7863c,0x3dc7c63e,
  0x3dc80640,0x3dc84642,0x3dc88644,0x3dc8c646,0x3dc90648,0x3dc9464a,0x3dc9864c,0x3dc9c64e,
  0x3dca0650,0x3dca4652,0x3dca8654,0x3dcac656,0x3dcb0658,0x3dcb465a,0x3dcb865c,0x3dcbc65e,
  0x3dcc0660,0x3dcc4662,0x3dcc8664,0x3dccc666,0x3dcd0668,0x3dcd466a,0x3dcd866c,0x3dcdc66e,
  0x3dce0670,0x3dce4672,0x3dce8674,0x3dcec676,0x3dcf0678,0x3dcf467a,0x3dcf867c,0x3dcfc67e,
  0x3dd00680,0x3dd04682,0x3dd08684,0x3dd0c686,0x3dd10688,0x3dd1468a,0x3dd1868c,0x3dd1c68e,
  0x3dd20690,0x3dd24692,0x3dd28694,0x3dd2c696,0x3dd30698,0x3dd3469a,0x3dd3869c,0x3dd3c69e,
  0x3dd406a0,0x3dd446a2,0x3dd486a4,0x3dd4c6a6,0x3dd506a8,0x3dd546aa,0x3dd586ac,0x3dd5c6ae,
  0x3dd606b0,0x3dd646b2,0x3dd686b4,0x3dd6c6b6,0x3dd706b8,0x3dd746ba,0x3dd786bc,0x3dd7c6be,
  0x3dd806c0,0x3dd846c2,0x3dd886c4,0x3dd8c6c6,0x3dd906c8,0x3dd946ca,0x3dd986cc,0x3dd9c6ce,
  0x3dda06d0,0x3dda46d2,0x3dda86d4,0x3ddac6d6,0x3ddb06d8,0x3ddb46da,0x3ddb86dc,0x3ddbc6de,
  0x3ddc06e0,0x3ddc46e2,0x3ddc86e4,0x3ddcc6e6,0x3ddd06e8,0x3ddd46ea,0x3ddd86ec,0x3dddc6ee,
  0x3dde06f0,0x3dde46f2,0x3dde86f4,0x3ddec6f6,0x3ddf06f8,0x3ddf46fa,0x3ddf86fc,0x3ddfc6fe,
  0x3de00700,0x3de04702,0x3de08704,0x3de0c706,0x3de10708,0x3de1470a,0x3de1870c,0x3de1c70e,
  0x3de20710,0x3de24712,0x3de28714,0x3de2c716,0x3de30718,0x3de3471a,0x3de3871c,0x3de3c71e,
  0x3de40720,0x3de44722,0x3de48724,0x3de4c726,0x3de50728,0x3de5472a,0x3de5872c,0x3de5c72e,
  0x3de60730,0x3de64732,0x3de68734,0x3de6c736,0x3de70738,0x3de7473a,0x3de7873c,0x3de7c73e,
  0x3de80740,0x3de84742,0x3de88744,0x3de8c746,0x3de90748,0x3de9474a,0x3de9874c,0x3de9c74e,
  0x3dea0750,0x3dea4752,0x3dea8754,0x3deac756,0x3deb0758,0x3deb475a,0x3deb875c,0x3debc75e,
  0x3dec0760,0x3dec4762,0x3dec8764,0x3decc766,0x3ded0768,0x3ded476a,0x3ded876c,0x3dedc76e,
  0x3dee0770,0x3dee4772,0x3dee8774,0x3deec776,0x3def0778,0x3def477a,0x3def877c,0x3defc77e,
  0x3df00780,0x3df04782,0x3df08784,0x3df0c786,0x3df10788,0x3df1478a,0x3df1878c,0x3df1c78e,
  0x3df20790,0x3df24792,0x3df28794,0x3df2c796,0x3df30798,0x3df3479a,0x3df3879c,0x3df3c79e,
  0x3df407a0,0x3df447a2,0x3df487a4,0x3df4c7a6,0x3df507a8,0x3df547aa,0x3df587ac,0x3df5c7ae,
  0x3df607b0,0x3df647b2,0x3df687b4,0x3df6c7b6,0x3df707b8,0x3df747ba,0x3df787bc,0x3df7c7be,
  0x3df807c0,0x3df847c2,0x3df887c4,0x3df8c7c6,0x3df907c8,0x3df947ca,0x3df987cc,0x3df9c7ce,
  0x3dfa07d0,0x3dfa47d2,0x3dfa87d4,0x3dfac7d6,0x3dfb07d8,0x3dfb47da,0x3dfb87dc,0x3dfbc7de,
  0x3dfc07e0,0x3dfc47e2,0x3dfc87e4,0x3dfcc7e6,0x3dfd07e8,0x3dfd47ea,0x3dfd87ec,0x3dfdc7ee,
  0x3dfe07f0,0x3dfe47f2,0x3dfe87f4,0x3dfec7f6,0x3dff07f8,0x3dff47fa,0x3dff87fc,0x3dffc7fe,
  0x3e000400,0x3e002401,0x3e004402,0x3e006403,0x3e008404,0x3e00a405,0x3e00c406,0x3e00e407,
  0x3e010408,0x3e012409,0x3e01440a,0x3e01640b,0x3e01840c,0x3e01a40d,0x3e01c40e,0x3e01e40f,
  0x3e020410,0x3e022411,0x3e024412,0x3e026413,0x3e028414,0x3e02a415,0x3e02c416,0x3e02e417,
  0x3e030418,0x3e032419,0x3e03441a,0x3e03641b,0x3e03841c,0x3e03a41d,0x3e03c41e,0x3e03e41f,
  0x3e040420,0x3e042421,0x3e044422,0x3e046423,0x3e048424,0x3e04a425,0x3e04c426,0x3e04e427,
  0x3e050428,0x3e052429,0x3e05442a,0x3e05642b,0x3e05842c,0x3e05a42d,0x3e05c42e,0x3e05e42f,
  0x3e060430,0x3e062431,0x3e064432,0x3e066433,0x3e068434,0x3e06a435,0x3e06c436,0x3e06e437,
  0x3e070438,0x3e072439,0x3e07443a,0x3e07643b,0x3e07843c,0x3e07a43d,0x3e07c43e,0x3e07e43f,
  0x3e080440,0x3e082441,0x3e084442,0x3e086443,0x3e088444,0x3e08a445,0x3e08c446,0x3e08e447,
  0x3e090448,0x3e092449,0x3e09444a,0x3e09644b,0x3e09844c,0x3e09a44d,0x3e09c44e,0x3e09e44f,
  0x3e0a0450,0x3e0a2451,0x3e0a4452,0x3e0a6453,0x3e0a8454,0x3e0aa455,0x3e0ac456,0x3e0ae457,
  0x3e0b0458,0x3e0b2459,0x3e0b445a,0x3e0b645b,0x3e0b845c,0x3e0ba45d,0x3e0bc45e,0x3e0be45f,
  0x3e0c0460,0x3e0c2461,0x3e0c4462,0x3e0c6463,0x3e0c8464,0x3e0ca465,0x3e0cc466,0x3e0ce467,
  0x3e0d0468,0x3e0d2469,0x3e0d446a,0x3e0d646b,0x3e0d846c,0x3e0da46d,0x3e0dc46e,0x3e0de46f,
  0x3e0e0470,0x3e0e2471,0x3e0e4472,0x3e0e6473,0x3e0e8474,0x3e0ea475,0x3e0ec476,0x3e0ee477,
  0x3e0f0478,0x3e0f2479,0x3e0f447a,0x3e0f647b,0x3e0f847c,0x3e0fa47d,0x3e0fc47e,0x3e0fe47f,
  0x3e100480,0x3e102481,0x3e104482,0x3e106483,0x3e108484,0x3e10a485,0x3e10c486,0x3e10e487,
  0x3e110488,0x3e112489,0x3e11448a,0x3e11648b,0x3e11848c,0x3e11a48d,0x3e11c48e,0x3e11e48f,
  0x3e120490,0x3e122491,0x3e124492,0x3e126493,0x3e128494,0x3e12a495,0x3e12c496,0x3e12e497,
  0x3e130498,0x3e132499,0x3e13449a,0x3e13649b,0x3e13849c,0x3e13a49d,0x3e13c49e,0x3e13e49f,
  0x3e1404a0,0x3e1424a1,0x3e1444a2,0x3e1464a3,0x3e1484a4,0x3e14a4a5,0x3e14c4a6,0x3e14e4a7,
  0x3e1504a8,0x3e1524a9,0x3e1544aa,0x3e1564ab,0x3e1584ac,0x3e15a4ad,0x3e15c4ae,0x3e15e4af,
  0x3e1604b0,0x3e1624b1,0x3e1644b2,0x3e1664b3,0x3e1684b4,0x3e16a4b5,0x3e16c4b6,0x3e16e4b7,
  0x3e1704b8,0x3e1724b9,0x3e1744ba,0x3e1764bb,0x3e1784bc,0x3e17a4bd,0x3e17c4be,0x3e17e4bf,
  0x3e1804c0,0x3e1824c1,0x3e1844c2,0x3e1864c3,0x3e1884c4,0x3e18a4c5,0x3e18c4c6,0x3e18e4c7,
  0x3e1904c8,0x3e1924c9,0x3e1944ca,0x3e1964cb,0x3e1984cc,0x3e19a4cd,0x3e19c4ce,0x3e19e4cf,
  0x3e1a04d0,0x3e1a24d1,0x3e1a44d2,0x3e1a64d3,0x3e1a84d4,0x3e1aa4d5,0x3e1ac4d6,0x3e1ae4d7,
  0x3e1b04d8,0x3e1b24d9,0x3e1b44da,0x3e1b64db,0x3e1b84dc,0x3e1ba4dd,0x3e1bc4de,0x3e1be4df,
  0x3e1c04e0,0x3e1c24e1,0x3e1c44e2,0x3e1c64e3,0x3e1c84e4,0x3e1ca4e5,0x3e1cc4e6,0x3e1ce4e7,
  0x3e1d04e8,0x3e1d24e9,0x3e1d44ea,0x3e1d64eb,0x3e1d84ec,0x3e1da4ed,0x3e1dc4ee,0x3e1de4ef,
  0x3e1e04f0,0x3e1e24f1,0x3e1e44f2,0x3e1e64f3,0x3e1e84f4,0x3e1ea4f5,0x3e1ec4f6,0x3e1ee4f7,
  0x3e1f04f8,0x3e1f24f9,0x3e1f44fa,0x3e1f64fb,0x3e1f84fc,0x3e1fa4fd,0x3e1fc4fe,0x3e1fe4ff,
  0x3e200500,0x3e202501,0x3e204502,0x3e206503,0x3e208504,0x3e20a505,0x3e20c506,0x3e20e507,
  0x3e210508,0x3e212509,0x3e21450a,0x3e21650b,0x3e21850c,0x3e21a50d,0x3e21c50e,0x3e21e50f,
  0x3e220510,0x3e222511,0x3e224512,0x3e226513,0x3e228514,0x3e22a515,0x3e22c516,0x3e22e517,
  0x3e230518,0x3e232519,0x3e23451a,0x3e23651b,0x3e23851c,0x3e23a51d,0x3e23c51e,0x3e23e51f,
  0x3e240520,0x3e242521,0x3e244522,0x3e246523,0x3e248524,0x3e24a525,0x3e24c526,0x3e24e527,
  0x3e250528,0x3e252529,0x3e25452a,0x3e25652b,0x3e25852c,0x3e25a52d,0x3e25c52e,0x3e25e52f,
  0x3e260530,0x3e262531,0x3e264532,0x3e266533,0x3e268534,0x3e26a535,0x3e26c536,0x3e26e537,
  0x3e270538,0x3e272539,0x3e27453a,0x3e27653b,0x3e27853c,0x3e27a53d,0x3e27c53e,0x3e27e53f,
  0x3e280540,0x3e282541,0x3e284542,0x3e286543,0x3e288544,0x3e28a545,0x3e28c546,0x3e28e547,
  0x3e290548,0x3e292549,0x3e29454a,0x3e29654b,0x3e29854c,0x3e29a54d,0x3e29c54e,0x3e29e54f,
  0x3e2a0550,0x3e2a2551,0x3e2a4552,0x3e2a6553,0x3e2a8554,0x3e2aa555,0x3e2ac556,0x3e2ae557,
  0x3e2b0558,0x3e2b2559,0x3e2b455a,0x3e2b655b,0x3e2b855c,0x3e2ba55d,0x3e2bc55e,0x3e2be55f,
  0x3e2c0560,0x3e2c2561,0x3e2c4562,0x3e2c6563,0x3e2c8564,0x3e2ca565,0x3e2cc566,0x3e2ce567,
  0x3e2d0568,0x3e2d2569,0x3e2d456a,0x3e2d656b,0x3e2d856c,0x3e2da56d,0x3e2dc56e,0x3e2de56f,
  0x3e2e0570,0x3e2e2571,0x3e2e4572,0x3e2e6573,0x3e2e8574,0x3e2ea575,0x3e2ec576,0x3e2ee577,
  0x3e2f0578,0x3e2f2579,0x3e2f457a,0x3e2f657b,0x3e2f857c,0x3e2fa57d,0x3e2fc57e,0x3e2fe57f,
  0x3e300580,0x3e302581,0x3e304582,0x3e306583,0x3e308584,0x3e30a585,0x3e30c586,0x3e30e587,
  0x3e310588,0x3e312589,0x3e31458a,0x3e31658b,0x3e31858c,0x3e31a58d,0x3e31c58e,0x3e31e58f,
  0x3e320590,0x3e322591,0x3e324592,0x3e326593,0x3e328594,0x3e32a595,0x3e32c596,0x3e32e597,
  0x3e330598,0x3e332599,0x3e33459a,0x3e33659b,0x3e33859c,0x3e33a59d,0x3e33c59e,0x3e33e59f,
  0x3e3405a0,0x3e3425a1,0x3e3445a2,0x3e3465a3,0x3e3485a4,0x3e34a5a5,0x3e34c5a6,0x3e34e5a7,
  0x3e3505a8,0x3e3525a9,0x3e3545aa,0x3e3565ab,0x3e3585ac,0x3e35a5ad,0x3e35c5ae,0x3e35e5af,
  0x3e3605b0,0x3e3625b1,0x3e3645b2,0x3e3665b3,0x3e3685b4,0x3e36a5b5,0x3e36c5b6,0x3e36e5b7,
  0x3e3705b8,0x3e3725b9,0x3e3745ba,0x3e3765bb,0x3e3785bc,0x3e37a5bd,0x3e37c5be,0x3e37e5bf,
  0x3e3805c0,0x3e3825c1,0x3e3845c2,0x3e3865c3,0x3e3885c4,0x3e38a5c5,0x3e38c5c6,0x3e38e5c7,
  0x3e3905c8,0x3e3925c9,0x3e3945ca,0x3e3965cb,0x3e3985cc,0x3e39a5cd,0x3e39c5ce,0x3e39e5cf,
  0x3e3a05d0,0x3e3a25d1,0x3e3a45d2,0x3e3a65d3,0x3e3a85d4,0x3e3aa5d5,0x3e3ac5d6,0x3e3ae5d7,
  0x3e3b05d8,0x3e3b25d9,0x3e3b45da,0x3e3b65db,0x3e3b85dc,0x3e3ba5dd,0x3e3bc5de,0x3e3be5df,
  0x3e3c05e0,0x3e3c25e1,0x3e3c45e2,0x3e3c65e3,0x3e3c85e4,0x3e3ca5e5,0x3e3cc5e6,0x3e3ce5e7,
  0x3e3d05e8,0x3e3d25e9,0x3e3d45ea,0x3e3d65eb,0x3e3d85ec,0x3e3da5ed,0x3e3dc5ee,0x3e3de5ef,
  0x3e3e05f0,0x3e3e25f1,0x3e3e45f2,0x3e3e65f3,0x3e3e85f4,0x3e3ea5f5,0x3e3ec5f6,0x3e3ee5f7,
  0x3e3f05f8,0x3e3f25f9,0x3e3f45fa,0x3e3f65fb,0x3e3f85fc,0x3e3fa5fd,0x3e3fc5fe,0x3e3fe5ff,
  0x3e400600,0x3e402601,0x3e404602,0x3e406603,0x3e408604,0x3e40a605,0x3e40c606,0x3e40e607,
  0x3e410608,0x3e412609,0x3e41460a,0x3e41660b,0x3e41860c,0x3e41a60d,0x3e41c60e,0x3e41e60f,
  0x3e420610,0x3e422611,0x3e424612,0x3e426613,0x3e428614,0x3e42a615,0x3e42c616,0x3e42e617,
  0x3e430618,0x3e432619,0x3e43461a,0x3e43661b,0x3e43861c,0x3e43a61d,0x3e43c61e,0x3e43e61f,
  0x3e440620,0x3e442621,0x3e444622,0x3e446623,0x3e448624,0x3e44a625,0x3e44c626,0x3e44e627,
  0x3e450628,0x3e452629,0x3e45462a,0x3e45662b,0x3e45862c,0x3e45a62d,0x3e45c62e,0x3e45e62f,
  0x3e460630,0x3e462631,0x3e464632,0x3e466633,0x3e468634,0x3e46a635,0x3e46c636,0x3e46e637,
  0x3e470638,0x3e472639,0x3e47463a,0x3e47663b,0x3e47863c,0x3e47a63d,0x3e47c63e,0x3e47e63f,
  0x3e480640,0x3e482641,0x3e484642,0x3e486643,0x3e488644,0x3e48a645,0x3e48c646,0x3e48e647,
  0x3e490648,0x3e492649,0x3e49464a,0x3e49664b,0x3e49864c,0x3e49a64d,0x3e49c64e,0x3e49e64f,
  0x3e4a0650,0x3e4a2651,0x3e4a4652,0x3e4a6653,0x3e4a8654,0x3e4aa655,0x3e4ac656,0x3e4ae657,
  0x3e4b0658,0x3e4b2659,0x3e4b465a,0x3e4b665b,0x3e4b865c,0x3e4ba65d,0x3e4bc65e,0x3e4be65f,
  0x3e4c0660,0x3e4c2661,0x3e4c4662,0x3e4c6663,0x3e4c8664,0x3e4ca665,0x3e4cc666,0x3e4ce667,
  0x3e4d0668,0x3e4d2669,0x3e4d466a,0x3e4d666b,0x3e4d866c,0x3e4da66d,0x3e4dc66e,0x3e4de66f,
  0x3e4e0670,0x3e4e2671,0x3e4e4672,0x3e4e6673,0x3e4e8674,0x3e4ea675,0x3e4ec676,0x3e4ee677,
  0x3e4f0678,0x3e4f2679,0x3e4f467a,0x3e4f667b,0x3e4f867c,0x3e4fa67d,0x3e4fc67e,0x3e4fe67f,
  0x3e500680,0x3e502681,0x3e504682,0x3e506683,0x3e508684,0x3e50a685,0x3e50c686,0x3e50e687,
  0x3e510688,0x3e512689,0x3e51468a,0x3e51668b,0x3e51868c,0x3e51a68d,0x3e51c68e,0x3e51e68f,
  0x3e520690,0x3e522691,0x3e524692,0x3e526693,0x3e528694,0x3e52a695,0x3e52c696,0x3e52e697,
  0x3e530698,0x3e532699,0x3e53469a,0x3e53669b,0x3e53869c,0x3e53a69d,0x3e53c69e,0x3e53e69f,
  0x3e5406a0,0x3e5426a1,0x3e5446a2,0x3e5466a3,0x3e5486a4,0x3e54a6a5,0x3e54c6a6,0x3e54e6a7,
  0x3e5506a8,0x3e5526a9,0x3e5546aa,0x3e5566ab,0x3e5586ac,0x3e55a6ad,0x3e55c6ae,0x3e55e6af,
  0x3e5606b0,0x3e5626b1,0x3e5646b2,0x3e5666b3,0x3e5686b4,0x3e56a6b5,0x3e56c6b6,0x3e56e6b7,
  0x3e5706b8,0x3e5726b9,0x3e5746ba,0x3e5766bb,0x3e5786bc,0x3e57a6bd,0x3e57c6be,0x3e57e6bf,
  0x3e5806c0,0x3e5826c1,0x3e5846c2,0x3e5866c3,0x3e5886c4,0x3e58a6c5,0x3e58c6c6,0x3e58e6c7,
  0x3e5906c8,0x3e5926c9,0x3e5946ca,0x3e5966cb,0x3e5986cc,0x3e59a6cd,0x3e59c6ce,0x3e59e6cf,
  0x3e5a06d0,0x3e5a26d1,0x3e5a46d2,0x3e5a66d3,0x3e5a86d4,0x3e5aa6d5,0x3e5ac6d6,0x3e5ae6d7,
  0x3e5b06d8,0x3e5b26d9,0x3e5b46da,0x3e5b66db,0x3e5b86dc,0x3e5ba6dd,0x3e5bc6de,0x3e5be6df,
  0x3e5c06e0,0x3e5c26e1,0x3e5c46e2,0x3e5c66e3,0x3e5c86e4,0x3e5ca6e5,0x3e5cc6e6,0x3e5ce6e7,
  0x3e5d06e8,0x3e5d26e9,0x3e5d46ea,0x3e5d66eb,0x3e5d86ec,0x3e5da6ed,0x3e5dc6ee,0x3e5de6ef,
  0x3e5e06f0,0x3e5e26f1,0x3e5e46f2,0x3e5e66f3,0x3e5e86f4,0x3e5ea6f5,0x3e5ec6f6,0x3e5ee6f7,
  0x3e5f06f8,0x3e5f26f9,0x3e5f46fa,0x3e5f66fb,0x3e5f86fc,0x3e5fa6fd,0x3e5fc6fe,0x3e5fe6ff,
  0x3e600700,0x3e602701,0x3e604702,0x3e606703,0x3e608704,0x3e60a705,0x3e60c706,0x3e60e707,
  0x3e610708,0x3e612709,0x3e61470a,0x3e61670b,0x3e61870c,0x3e61a70d,0x3e61c70e,0x3e61e70f,
  0x3e620710,0x3e622711,0x3e624712,0x3e626713,0x3e628714,0x3e62a715,0x3e62c716,0x3e62e717,
  0x3e630718,0x3e632719,0x3e63471a,0x3e63671b,0x3e63871c,0x3e63a71d,0x3e63c71e,0x3e63e71f,
  0x3e640720,0x3e642721,0x3e644722,0x3e646723,0x3e648724,0x3e64a725,0x3e64c726,0x3e64e727,
  0x3e650728,0x3e652729,0x3e65472a,0x3e65672b,0x3e65872c,0x3e65a72d,0x3e65c72e,0x3e65e72f,
  0x3e660730,0x3e662731,0x3e664732,0x3e666733,0x3e668734,0x3e66a735,0x3e66c736,0x3e66e737,
  0x3e670738,0x3e672739,0x3e67473a,0x3e67673b,0x3e67873c,0x3e67a73d,0x3e67c73e,0x3e67e73f,
  0x3e680740,0x3e682741,0x3e684742,0x3e686743,0x3e688744,0x3e68a745,0x3e68c746,0x3e68e747,
  0x3e690748,0x3e692749,0x3e69474a,0x3e69674b,0x3e69874c,0x3e69a74d,0x3e69c74e,0x3e69e74f,
  0x3e6a0750,0x3e6a2751,0x3e6a4752,0x3e6a6753,0x3e6a8754,0x3e6aa755,0x3e6ac756,0x3e6ae757,
  0x3e6b0758,0x3e6b2759,0x3e6b475a,0x3e6b675b,0x3e6b875c,0x3e6ba75d,0x3e6bc75e,0x3e6be75f,
  0x3e6c0760,0x3e6c2761,0x3e6c4762,0x3e6c6763,0x3e6c8764,0x3e6ca765,0x3e6cc766,0x3e6ce767,
  0x3e6d0768,0x3e6d2769,0x3e6d476a,0x3e6d676b,0x3e6d876c,0x3e6da76d,0x3e6dc76e,0x3e6de76f,
  0x3e6e0770,0x3e6e2771,0x3e6e4772,0x3e6e6773,0x3e6e8774,0x3e6ea775,0x3e6ec776,0x3e6ee777,
  0x3e6f0778,0x3e6f2779,0x3e6f477a,0x3e6f677b,0x3e6f877c,0x3e6fa77d,0x3e6fc77e,0x3e6fe77f,
  0x3e700780,0x3e702781,0x3e704782,0x3e706783,0x3e708784,0x3e70a785,0x3e70c786,0x3e70e787,
  0x3e710788,0x3e712789,0x3e71478a,0x3e71678b,0x3e71878c,0x3e71a78d,0x3e71c78e,0x3e71e78f,
  0x3e720790,0x3e722791,0x3e724792,0x3e726793,0x3e728794,0x3e72a795,0x3e72c796,0x3e72e797,
  0x3e730798,0x3e732799,0x3e73479a,0x3e73679b,0x3e73879c,0x3e73a79d,0x3e73c79e,0x3e73e79f,
  0x3e7407a0,0x3e7427a1,0x3e7447a2,0x3e7467a3,0x3e7487a4,0x3e74a7a5,0x3e74c7a6,0x3e74e7a7,
  0x3e7507a8,0x3e7527a9,0x3e7547aa,0x3e7567ab,0x3e7587ac,0x3e75a7ad,0x3e75c7ae,0x3e75e7af,
  0x3e7607b0,0x3e7627b1,0x3e7647b2,0x3e7667b3,0x3e7687b4,0x3e76a7b5,0x3e76c7b6,0x3e76e7b7,
  0x3e7707b8,0x3e7727b9,0x3e7747ba,0x3e7767bb,0x3e7787bc,0x3e77a7bd,0x3e77c7be,0x3e77e7bf,
  0x3e7807c0,0x3e7827c1,0x3e7847c2,0x3e7867c3,0x3e7887c4,0x3e78a7c5,0x3e78c7c6,0x3e78e7c7,
  0x3e7907c8,0x3e7927c9,0x3e7947ca,0x3e7967cb,0x3e7987cc,0x3e79a7cd,0x3e79c7ce,0x3e79e7cf,
  0x3e7a07d0,0x3e7a27d1,0x3e7a47d2,0x3e7a67d3,0x3e7a87d4,0x3e7aa7d5,0x3e7ac7d6,0x3e7ae7d7,
  0x3e7b07d8,0x3e7b27d9,0x3e7b47da,0x3e7b67db,0x3e7b87dc,0x3e7ba7dd,0x3e7bc7de,0x3e7be7df,
  0x3e7c07e0,0x3e7c27e1,0x3e7c47e2,0x3e7c67e3,0x3e7c87e4,0x3e7ca7e5,0x3e7cc7e6,0x3e7ce7e7,
  0x3e7d07e8,0x3e7d27e9,0x3e7d47ea,0x3e7d67eb,0x3e7d87ec,0x3e7da7ed,0x3e7dc7ee,0x3e7de7ef,
  0x3e7e07f0,0x3e7e27f1,0x3e7e47f2,0x3e7e67f3,0x3e7e87f4,0x3e7ea7f5,0x3e7ec7f6,0x3e7ee7f7,
  0x3e7f07f8,0x3e7f27f9,0x3e7f47fa,0x3e7f67fb,0x3e7f87fc,0x3e7fa7fd,0x3e7fc7fe,0x3e7fe7ff,
  0x3e800400,0x3e801401,0x3e802401,0x3e803402,0x3e804402,0x3e805403,0x3e806403,0x3e807404,
  0x3e808404,0x3e809405,0x3e80a405,0x3e80b406,0x3e80c406,0x3e80d407,0x3e80e407,0x3e80f408,
  0x3e810408,0x3e811409,0x3e812409,0x3e81340a,0x3e81440a,0x3e81540b,0x3e81640b,0x3e81740c,
  0x3e81840c,0x3e81940d,0x3e81a40d,0x3e81b40e,0x3e81c40e,0x3e81d40f,0x3e81e40f,0x3e81f410,
  0x3e820410,0x3e821411,0x3e822411,0x3e823412,0x3e824412,0x3e825413,0x3e826413,0x3e827414,
  0x3e828414,0x3e829415,0x3e82a415,0x3e82b416,0x3e82c416,0x3e82d417,0x3e82e417,0x3e82f418,
  0x3e830418,0x3e831419,0x3e832419,0x3e83341a,0x3e83441a,0x3e83541b,0x3e83641b,0x3e83741c,
  0x3e83841c,0x3e83941d,0x3e83a41d,0x3e83b41e,0x3e83c41e,0x3e83d41f,0x3e83e41f,0x3e83f420,
  0x3e840420,0x3e841421,0x3e842421,0x3e843422,0x3e844422,0x3e845423,0x3e846423,0x3e847424,
  0x3e848424,0x3e849425,0x3e84a425,0x3e84b426,0x3e84c426,0x3e84d427,0x3e84e427,0x3e84f428,
  0x3e850428,0x3e851429,0x3e852429,0x3e85342a,0x3e85442a,0x3e85542b,0x3e85642b,0x3e85742c,
  0x3e85842c,0x3e85942d,0x3e85a42d,0x3e85b42e,0x3e85c42e,0x3e85d42f,0x3e85e42f,0x3e85f430,
  0x3e860430,0x3e861431,0x3e862431,0x3e863432,0x3e864432,0x3e865433,0x3e866433,0x3e867434,
  0x3e868434,0x3e869435,0x3e86a435,0x3e86b436,0x3e86c436,0x3e86d437,0x3e86e437,0x3e86f438,
  0x3e870438,0x3e871439,0x3e872439,0x3e87343a,0x3e87443a,0x3e87543b,0x3e87643b,0x3e87743c,
  0x3e87843c,0x3e87943d,0x3e87a43d,0x3e87b43e,0x3e87c43e,0x3e87d43f,0x3e87e43f,0x3e87f440,
  0x3e880440,0x3e881441,0x3e882441,0x3e883442,0x3e884442,0x3e885443,0x3e886443,0x3e887444,
  0x3e888444,0x3e889445,0x3e88a445,0x3e88b446,0x3e88c446,0x3e88d447,0x3e88e447,0x3e88f448,
  0x3e890448,0x3e891449,0x3e892449,0x3e89344a,0x3e89444a,0x3e89544b,0x3e89644b,0x3e89744c,
  0x3e89844c,0x3e89944d,0x3e89a44d,0x3e89b44e,0x3e89c44e,0x3e89d44f,0x3e89e44f,0x3e89f450,
  0x3e8a0450,0x3e8a1451,0x3e8a2451,0x3e8a3452,0x3e8a4452,0x3e8a5453,0x3e8a6453,0x3e8a7454,
  0x3e8a8454,0x3e8a9455,0x3e8aa455,0x3e8ab456,0x3e8ac456,0x3e8ad457,0x3e8ae457,0x3e8af458,
  0x3e8b0458,0x3e8b1459,0x3e8b2459,0x3e8b345a,0x3e8b445a,0x3e8b545b,0x3e8b645b,0x3e8b745c,
  0x3e8b845c,0x3e8b945d,0x3e8ba45d,0x3e8bb45e,0x3e8bc45e,0x3e8bd45f,0x3e8be45f,0x3e8bf460,
  0x3e8c0460,0x3e8c1461,0x3e8c2461,0x3e8c3462,0x3e8c4462,0x3e8c5463,0x3e8c6463,0x3e8c7464,
  0x3e8c8464,0x3e8c9465,0x3e8ca465,0x3e8cb466,0x3e8cc466,0x3e8cd467,0x3e8ce467,0x3e8cf468,
  0x3e8d0468,0x3e8d1469,0x3e8d2469,0x3e8d346a,0x3e8d446a,0x3e8d546b,0x3e8d646b,0x3e8d746c,
  0x3e8d846c,0x3e8d946d,0x3e8da46d,0x3e8db46e,0x3e8dc46e,0x3e8dd46f,0x3e8de46f,0x3e8df470,
  0x3e8e0470,0x3e8e1471,0x3e8e2471,0x3e8e3472,0x3e8e4472,0x3e8e5473,0x3e8e6473,0x3e8e7474,
  0x3e8e8474,0x3e8e9475,0x3e8ea475,0x3e8eb476,0x3e8ec476,0x3e8ed477,0x3e8ee477,0x3e8ef478,
  0x3e8f0478,0x3e8f1479,0x3e8f2479,0x3e8f347a,0x3e8f447a,0x3e8f547b,0x3e8f647b,0x3e8f747c,
  0x3e8f847c,0x3e8f947d,0x3e8fa47d,0x3e8fb47e,0x3e8fc47e,0x3e8fd47f,0x3e8fe47f,0x3e8ff480,
  0x3e900480,0x3e901481,0x3e902481,0x3e903482,0x3e904482,0x3e905483,0x3e906483,0x3e907484,
  0x3e908484,0x3e909485,0x3e90a485,0x3e90b486,0x3e90c486,0x3e90d487,0x3e90e487,0x3e90f488,
  0x3e910488,0x3e911489,0x3e912489,0x3e91348a,0x3e91448a,0x3e91548b,0x3e91648b,0x3e91748c,
  0x3e91848c,0x3e91948d,0x3e91a48d,0x3e91b48e,0x3e91c48e,0x3e91d48f,0x3e91e48f,0x3e91f490,
  0x3e920490,0x3e921491,0x3e922491,0x3e923492,0x3e924492,0x3e925493,0x3e926493,0x3e927494,
  0x3e928494,0x3e929495,0x3e92a495,0x3e92b496,0x3e92c496,0x3e92d497,0x3e92e497,0x3e92f498,
  0x3e930498,0x3e931499,0x3e932499,0x3e93349a,0x3e93449a,0x3e93549b,0x3e93649b,0x3e93749c,
  0x3e93849c,0x3e93949d,0x3e93a49d,0x3e93b49e,0x3e93c49e,0x3e93d49f,0x3e93e49f,0x3e93f4a0,
  0x3e9404a0,0x3e9414a1,0x3e9424a1,0x3e9434a2,0x3e9444a2,0x3e9454a3,0x3e9464a3,0x3e9474a4,
  0x3e9484a4,0x3e9494a5,0x3e94a4a5,0x3e94b4a6,0x3e94c4a6,0x3e94d4a7,0x3e94e4a7,0x3e94f4a8,
  0x3e9504a8,0x3e9514a9,0x3e9524a9,0x3e9534aa,0x3e9544aa,0x3e9554ab,0x3e9564ab,0x3e9574ac,
  0x3e9584ac,0x3e9594ad,0x3e95a4ad,0x3e95b4ae,0x3e95c4ae,0x3e95d4af,0x3e95e4af,0x3e95f4b0,
  0x3e9604b0,0x3e9614b1,0x3e9624b1,0x3e9634b2,0x3e9644b2,0x3e9654b3,0x3e9664b3,0x3e9674b4,
  0x3e9684b4,0x3e9694b5,0x3e96a4b5,0x3e96b4b6,0x3e96c4b6,0x3e96d4b7,0x3e96e4b7,0x3e96f4b8,
  0x3e9704b8,0x3e9714b9,0x3e9724b9,0x3e9734ba,0x3e9744ba,0x3e9754bb,0x3e9764bb,0x3e9774bc,
  0x3e9784bc,0x3e9794bd,0x3e97a4bd,0x3e97b4be,0x3e97c4be,0x3e97d4bf,0x3e97e4bf,0x3e97f4c0,
  0x3e9804c0,0x3e9814c1,0x3e9824c1,0x3e9834c2,0x3e9844c2,0x3e9854c3,0x3e9864c3,0x3e9874c4,
  0x3e9884c4,0x3e9894c5,0x3e98a4c5,0x3e98b4c6,0x3e98c4c6,0x3e98d4c7,0x3e98e4c7,0x3e98f4c8,
  0x3e9904c8,0x3e9914c9,0x3e9924c9,0x3e9934ca,0x3e9944ca,0x3e9954cb,0x3e9964cb,0x3e9974cc,
  0x3e9984cc,0x3e9994cd,0x3e99a4cd,0x3e99b4ce,0x3e99c4ce,0x3e99d4cf,0x3e99e4cf,0x3e99f4d0,
  0x3e9a04d0,0x3e9a14d1,0x3e9a24d1,0x3e9a34d2,0x3e9a44d2,0x3e9a54d3,0x3e9a64d3,0x3e9a74d4,
  0x3e9a84d4,0x3e9a94d5,0x3e9aa4d5,0x3e9ab4d6,0x3e9ac4d6,0x3e9ad4d7,0x3e9ae4d7,0x3e9af4d8,
  0x3e9b04d8,0x3e9b14d9,0x3e9b24d9,0x3e9b34da,0x3e9b44da,0x3e9b54db,0x3e9b64db,0x3e9b74dc,
  0x3e9b84dc,0x3e9b94dd,0x3e9ba4dd,0x3e9bb4de,0x3e9bc4de,0x3e9bd4df,0x3e9be4df,0x3e9bf4e0,
  0x3e9c04e0,0x3e9c14e1,0x3e9c24e1,0x3e9c34e2,0x3e9c44e2,0x3e9c54e3,0x3e9c64e3,0x3e9c74e4,
  0x3e9c84e4,0x3e9c94e5,0x3e9ca4e5,0x3e9cb4e6,0x3e9cc4e6,0x3e9cd4e7,0x3e9ce4e7,0x3e9cf4e8,
  0x3e9d04e8,0x3e9d14e9,0x3e9d24e9,0x3e9d34ea,0x3e9d44ea,0x3e9d54eb,0x3e9d64eb,0x3e9d74ec,
  0x3e9d84ec,0x3e9d94ed,0x3e9da4ed,0x3e9db4ee,0x3e9dc4ee,0x3e9dd4ef,0x3e9de4ef,0x3e9df4f0,
  0x3e9e04f0,0x3e9e14f1,0x3e9e24f1,0x3e9e34f2,0x3e9e44f2,0x3e9e54f3,0x3e9e64f3,0x3e9e74f4,
  0x3e9e84f4,0x3e9e94f5,0x3e9ea4f5,0x3e9eb4f6,0x3e9ec4f6,0x3e9ed4f7,0x3e9ee4f7,0x3e9ef4f8,
  0x3e9f04f8,0x3e9f14f9,0x3e9f24f9,0x3e9f34fa,0x3e9f44fa,0x3e9f54fb,0x3e9f64fb,0x3e9f74fc,
  0x3e9f84fc,0x3e9f94fd,0x3e9fa4fd,0x3e9fb4fe,0x3e9fc4fe,0x3e9fd4ff,0x3e9fe4ff,0x3e9ff500,
  0x3ea00500,0x3ea01501,0x3ea02501,0x3ea03502,0x3ea04502,0x3ea05503,0x3ea06503,0x3ea07504,
  0x3ea08504,0x3ea09505,0x3ea0a505,0x3ea0b506,0x3ea0c506,0x3ea0d507,0x3ea0e507,0x3ea0f508,
  0x3ea10508,0x3ea11509,0x3ea12509,0x3ea1350a,0x3ea1450a,0x3ea1550b,0x3ea1650b,0x3ea1750c,
  0x3ea1850c,0x3ea1950d,0x3ea1a50d,0x3ea1b50e,0x3ea1c50e,0x3ea1d50f,0x3ea1e50f,0x3ea1f510,
  0x3ea20510,0x3ea21511,0x3ea22511,0x3ea23512,0x3ea24512,0x3ea25513,0x3ea26513,0x3ea27514,
  0x3ea28514,0x3ea29515,0x3ea2a515,0x3ea2b516,0x3ea2c516,0x3ea2d517,0x3ea2e517,0x3ea2f518,
  0x3ea30518,0x3ea31519,0x3ea32519,0x3ea3351a,0x3ea3451a,0x3ea3551b,0x3ea3651b,0x3ea3751c,
  0x3ea3851c,0x3ea3951d,0x3ea3a51d,0x3ea3b51e,0x3ea3c51e,0x3ea3d51f,0x3ea3e51f,0x3ea3f520,
  0x3ea40520,0x3ea41521,0x3ea42521,0x3ea43522,0x3ea44522,0x3ea45523,0x3ea46523,0x3ea47524,
  0x3ea48524,0x3ea49525,0x3ea4a525,0x3ea4b526,0x3ea4c526,0x3ea4d527,0x3ea4e527,0x3ea4f528,
  0x3ea50528,0x3ea51529,0x3ea52529,0x3ea5352a,0x3ea5452a,0x3ea5552b,0x3ea5652b,0x3ea5752c,
  0x3ea5852c,0x3ea5952d,0x3ea5a52d,0x3ea5b52e,0x3ea5c52e,0x3ea5d52f,0x3ea5e52f,0x3ea5f530,
  0x3ea60530,0x3ea61531,0x3ea62531,0x3ea63532,0x3ea64532,0x3ea65533,0x3ea66533,0x3ea67534,
  0x3ea68534,0x3ea69535,0x3ea6a535,0x3ea6b536,0x3ea6c536,0x3ea6d537,0x3ea6e537,0x3ea6f538,
  0x3ea70538,0x3ea71539,0x3ea72539,0x3ea7353a,0x3ea7453a,0x3ea7553b,0x3ea7653b,0x3ea7753c,
  0x3ea7853c,0x3ea7953d,0x3ea7a53d,0x3ea7b53e,0x3ea7c53e,0x3ea7d53f,0x3ea7e53f,0x3ea7f540,
  0x3ea80540,0x3ea81541,0x3ea82541,0x3ea83542,0x3ea84542,0x3ea85543,0x3ea86543,0x3ea87544,
  0x3ea88544,0x3ea89545,0x3ea8a545,0x3ea8b546,0x3ea8c546,0x3ea8d547,0x3ea8e547,0x3ea8f548,
  0x3ea90548,0x3ea91549,0x3ea92549,0x3ea9354a,0x3ea9454a,0x3ea9554b,0x3ea9654b,0x3ea9754c,
  0x3ea9854c,0x3ea9954d,0x3ea9a54d,0x3ea9b54e,0x3ea9c54e,0x3ea9d54f,0x3ea9e54f,0x3ea9f550,
  0x3eaa0550,0x3eaa1551,0x3eaa2551,0x3eaa3552,0x3eaa4552,0x3eaa5553,0x3eaa6553,0x3eaa7554,
  0x3eaa8554,0x3eaa9555,0x3eaaa555,0x3eaab556,0x3eaac556,0x3eaad557,0x3eaae557,0x3eaaf558,
  0x3eab0558,0x3eab1559,0x3eab2559,0x3eab355a,0x3eab455a,0x3eab555b,0x3eab655b,0x3eab755c,
  0x3eab855c,0x3eab955d,0x3eaba55d,0x3eabb55e,0x3eabc55e,0x3eabd55f,0x3eabe55f,0x3eabf560,
  0x3eac0560,0x3eac1561,0x3eac2561,0x3eac3562,0x3eac4562,0x3eac5563,0x3eac6563,0x3eac7564,
  0x3eac8564,0x3eac9565,0x3eaca565,0x3eacb566,0x3eacc566,0x3eacd567,0x3eace567,0x3eacf568,
  0x3ead0568,0x3ead1569,0x3ead2569,0x3ead356a,0x3ead456a,0x3ead556b,0x3ead656b,0x3ead756c,
  0x3ead856c,0x3ead956d,0x3eada56d,0x3eadb56e,0x3eadc56e,0x3eadd56f,0x3eade56f,0x3eadf570,
  0x3eae0570,0x3eae1571,0x3eae2571,0x3eae3572,0x3eae4572,0x3eae5573,0x3eae6573,0x3eae7574,
  0x3eae8574,0x3eae9575,0x3eaea575,0x3eaeb576,0x3eaec576,0x3eaed577,0x3eaee577,0x3eaef578,
  0x3eaf0578,0x3eaf1579,0x3eaf2579,0x3eaf357a,0x3eaf457a,0x3eaf557b,0x3eaf657b,0x3eaf757c,
  0x3eaf857c,0x3eaf957d,0x3eafa57d,0x3eafb57e,0x3eafc57e,0x3eafd57f,0x3eafe57f,0x3eaff580,
  0x3eb00580,0x3eb01581,0x3eb02581,0x3eb03582,0x3eb04582,0x3eb05583,0x3eb06583,0x3eb07584,
  0x3eb08584,0x3eb09585,0x3eb0a585,0x3eb0b586,0x3eb0c586,0x3eb0d587,0x3eb0e587,0x3eb0f588,
  0x3eb10588,0x3eb11589,0x3eb12589,0x3eb1358a,0x3eb1458a,0x3eb1558b,0x3eb1658b,0x3eb1758c,
  0x3eb1858c,0x3eb1958d,0x3eb1a58d,0x3eb1b58e,0x3eb1c58e,0x3eb1d58f,0x3eb1e58f,0x3eb1f590,
  0x3eb20590,0x3eb21591,0x3eb22591,0x3eb23592,0x3eb24592,0x3eb25593,0x3eb26593,0x3eb27594,
  0x3eb28594,0x3eb29595,0x3eb2a595,0x3eb2b596,0x3eb2c596,0x3eb2d597,0x3eb2e597,0x3eb2f598,
  0x3eb30598,0x3eb31599,0x3eb32599,0x3eb3359a,0x3eb3459a,0x3eb3559b,0x3eb3659b,0x3eb3759c,
  0x3eb3859c,0x3eb3959d,0x3eb3a59d,0x3eb3b59e,0x3eb3c59e,0x3eb3d59f,0x3eb3e59f,0x3eb3f5a0,
  0x3eb405a0,0x3eb415a1,0x3eb425a1,0x3eb435a2,0x3eb445a2,0x3eb455a3,0x3eb465a3,0x3eb475a4,
  0x3eb485a4,0x3eb495a5,0x3eb4a5a5,0x3eb4b5a6,0x3eb4c5a6,0x3eb4d5a7,0x3eb4e5a7,0x3eb4f5a8,
  0x3eb505a8,0x3eb515a9,0x3eb525a9,0x3eb535aa,0x3eb545aa,0x3eb555ab,0x3eb565ab,0x3eb575ac,
  0x3eb585ac,0x3eb595ad,0x3eb5a5ad,0x3eb5b5ae,0x3eb5c5ae,0x3eb5d5af,0x3eb5e5af,0x3eb5f5b0,
  0x3eb605b0,0x3eb615b1,0x3eb625b1,0x3eb635b2,0x3eb645b2,0x3eb655b3,0x3eb665b3,0x3eb675b4,
  0x3eb685b4,0x3eb695b5,0x3eb6a5b5,0x3eb6b5b6,0x3eb6c5b6,0x3eb6d5b7,0x3eb6e5b7,0x3eb6f5b8,
  0x3eb705b8,0x3eb715b9,0x3eb725b9,0x3eb735ba,0x3eb745ba,0x3eb755bb,0x3eb765bb,0x3eb775bc,
  0x3eb785bc,0x3eb795bd,0x3eb7a5bd,0x3eb7b5be,0x3eb7c5be,0x3eb7d5bf,0x3eb7e5bf,0x3eb7f5c0,
  0x3eb805c0,0x3eb815c1,0x3eb825c1,0x3eb835c2,0x3eb845c2,0x3eb855c3,0x3eb865c3,0x3eb875c4,
  0x3eb885c4,0x3eb895c5,0x3eb8a5c5,0x3eb8b5c6,0x3eb8c5c6,0x3eb8d5c7,0x3eb8e5c7,0x3eb8f5c8,
  0x3eb905c8,0x3eb915c9,0x3eb925c9,0x3eb935ca,0x3eb945ca,0x3eb955cb,0x3eb965cb,0x3eb975cc,
  0x3eb985cc,0x3eb995cd,0x3eb9a5cd,0x3eb9b5ce,0x3eb9c5ce,0x3eb9d5cf,0x3eb9e5cf,0x3eb9f5d0,
  0x3eba05d0,0x3eba15d1,0x3eba25d1,0x3eba35d2,0x3eba45d2,0x3eba55d3,0x3eba65d3,0x3eba75d4,
  0x3eba85d4,0x3eba95d5,0x3ebaa5d5,0x3ebab5d6,0x3ebac5d6,0x3ebad5d7,0x3ebae5d7,0x3ebaf5d8,
  0x3ebb05d8,0x3ebb15d9,0x3ebb25d9,0x3ebb35da,0x3ebb45da,0x3ebb55db,0x3ebb65db,0x3ebb75dc,
  0x3ebb85dc,0x3ebb95dd,0x3ebba5dd,0x3ebbb5de,0x3ebbc5de,0x3ebbd5df,0x3ebbe5df,0x3ebbf5e0,
  0x3ebc05e0,0x3ebc15e1,0x3ebc25e1,0x3ebc35e2,0x3ebc45e2,0x3ebc55e3,0x3ebc65e3,0x3ebc75e4,
  0x3ebc85e4,0x3ebc95e5,0x3ebca5e5,0x3ebcb5e6,0x3ebcc5e6,0x3ebcd5e7,0x3ebce5e7,0x3ebcf5e8,
  0x3ebd05e8,0x3ebd15e9,0x3ebd25e9,0x3ebd35ea,0x3ebd45ea,0x3ebd55eb,0x3ebd65eb,0x3ebd75ec,
  0x3ebd85ec,0x3ebd95ed,0x3ebda5ed,0x3ebdb5ee,0x3ebdc5ee,0x3ebdd5ef,0x3ebde5ef,0x3ebdf5f0,
  0x3ebe05f0,0x3ebe15f1,0x3ebe25f1,0x3ebe35f2,0x3ebe45f2,0x3ebe55f3,0x3ebe65f3,0x3ebe75f4,
  0x3ebe85f4,0x3ebe95f5,0x3ebea5f5,0x3ebeb5f6,0x3ebec5f6,0x3ebed5f7,0x3ebee5f7,0x3ebef5f8,
  0x3ebf05f8,0x3ebf15f9,0x3ebf25f9,0x3ebf35fa,0x3ebf45fa,0x3ebf55fb,0x3ebf65fb,0x3ebf75fc,
  0x3ebf85fc,0x3ebf95fd,0x3ebfa5fd,0x3ebfb5fe,0x3ebfc5fe,0x3ebfd5ff,0x3ebfe5ff,0x3ebff600,
  0x3ec00600,0x3ec01601,0x3ec02601,0x3ec03602,0x3ec04602,0x3ec05603,0x3ec06603,0x3ec07604,
  0x3ec08604,0x3ec09605,0x3ec0a605,0x3ec0b606,0x3ec0c606,0x3ec0d607,0x3ec0e607,0x3ec0f608,
  0x3ec10608,0x3ec11609,0x3ec12609,0x3ec1360a,0x3ec1460a,0x3ec1560b,0x3ec1660b,0x3ec1760c,
  0x3ec1860c,0x3ec1960d,0x3ec1a60d,0x3ec1b60e,0x3ec1c60e,0x3ec1d60f,0x3ec1e60f,0x3ec1f610,
  0x3ec20610,0x3ec21611,0x3ec22611,0x3ec23612,0x3ec24612,0x3ec25613,0x3ec26613,0x3ec27614,
  0x3ec28614,0x3ec29615,0x3ec2a615,0x3ec2b616,0x3ec2c616,0x3ec2d617,0x3ec2e617,0x3ec2f618,
  0x3ec30618,0x3ec31619,0x3ec32619,0x3ec3361a,0x3ec3461a,0x3ec3561b,0x3ec3661b,0x3ec3761c,
  0x3ec3861c,0x3ec3961d,0x3ec3a61d,0x3ec3b61e,0x3ec3c61e,0x3ec3d61f,0x3ec3e61f,0x3ec3f620,
  0x3ec40620,0x3ec41621,0x3ec42621,0x3ec43622,0x3ec44622,0x3ec45623,0x3ec46623,0x3ec47624,
  0x3ec48624,0x3ec49625,0x3ec4a625,0x3ec4b626,0x3ec4c626,0x3ec4d627,0x3ec4e627,0x3ec4f628,
  0x3ec50628,0x3ec51629,0x3ec52629,0x3ec5362a,0x3ec5462a,0x3ec5562b,0x3ec5662b,0x3ec5762c,
  0x3ec5862c,0x3ec5962d,0x3ec5a62d,0x3ec5b62e,0x3ec5c62e,0x3ec5d62f,0x3ec5e62f,0x3ec5f630,
  0x3ec60630,0x3ec61631,0x3ec62631,0x3ec63632,0x3ec64632,0x3ec65633,0x3ec66633,0x3ec67634,
  0x3ec68634,0x3ec69635,0x3ec6a635,0x3ec6b636,0x3ec6c636,0x3ec6d637,0x3ec6e637,0x3ec6f638,
  0x3ec70638,0x3ec71639,0x3ec72639,0x3ec7363a,0x3ec7463a,0x3ec7563b,0x3ec7663b,0x3ec7763c,
  0x3ec7863c,0x3ec7963d,0x3ec7a63d,0x3ec7b63e,0x3ec7c63e,0x3ec7d63f,0x3ec7e63f,0x3ec7f640,
  0x3ec80640,0x3ec81641,0x3ec82641,0x3ec83642,0x3ec84642,0x3ec85643,0x3ec86643,0x3ec87644,
  0x3ec88644,0x3ec89645,0x3ec8a645,0x3ec8b646,0x3ec8c646,0x3ec8d647,0x3ec8e647,0x3ec8f648,
  0x3ec90648,0x3ec91649,0x3ec92649,0x3ec9364a,0x3ec9464a,0x3ec9564b,0x3ec9664b,0x3ec9764c,
  0x3ec9864c,0x3ec9964d,0x3ec9a64d,0x3ec9b64e,0x3ec9c64e,0x3ec9d64f,0x3ec9e64f,0x3ec9f650,
  0x3eca0650,0x3eca1651,0x3eca2651,0x3eca3652,0x3eca4652,0x3eca5653,0x3eca6653,0x3eca7654,
  0x3eca8654,0x3eca9655,0x3ecaa655,0x3ecab656,0x3ecac656,0x3ecad657,0x3ecae657,0x3ecaf658,
  0x3ecb0658,0x3ecb1659,0x3ecb2659,0x3ecb365a,0x3ecb465a,0x3ecb565b,0x3ecb665b,0x3ecb765c,
  0x3ecb865c,0x3ecb965d,0x3ecba65d,0x3ecbb65e,0x3ecbc65e,0x3ecbd65f,0x3ecbe65f,0x3ecbf660,
  0x3ecc0660,0x3ecc1661,0x3ecc2661,0x3ecc3662,0x3ecc4662,0x3ecc5663,0x3ecc6663,0x3ecc7664,
  0x3ecc8664,0x3ecc9665,0x3ecca665,0x3eccb666,0x3eccc666,0x3eccd667,0x3ecce667,0x3eccf668,
  0x3ecd0668,0x3ecd1669,0x3ecd2669,0x3ecd366a,0x3ecd466a,0x3ecd566b,0x3ecd666b,0x3ecd766c,
  0x3ecd866c,0x3ecd966d,0x3ecda66d,0x3ecdb66e,0x3ecdc66e,0x3ecdd66f,0x3ecde66f,0x3ecdf670,
  0x3ece0670,0x3ece1671,0x3ece2671,0x3ece3672,0x3ece4672,0x3ece5673,0x3ece6673,0x3ece7674,
  0x3ece8674,0x3ece9675,0x3ecea675,0x3eceb676,0x3ecec676,0x3eced677,0x3ecee677,0x3ecef678,
  0x3ecf0678,0x3ecf1679,0x3ecf2679,0x3ecf367a,0x3ecf467a,0x3ecf567b,0x3ecf667b,0x3ecf767c,
  0x3ecf867c,0x3ecf967d,0x3ecfa67d,0x3ecfb67e,0x3ecfc67e,0x3ecfd67f,0x3ecfe67f,0x3ecff680,
  0x3ed00680,0x3ed01681,0x3ed02681,0x3ed03682,0x3ed04682,0x3ed05683,0x3ed06683,0x3ed07684,
  0x3ed08684,0x3ed09685,0x3ed0a685,0x3ed0b686,0x3ed0c686,0x3ed0d687,0x3ed0e687,0x3ed0f688,
  0x3ed10688,0x3ed11689,0x3ed12689,0x3ed1368a,0x3ed1468a,0x3ed1568b,0x3ed1668b,0x3ed1768c,
  0x3ed1868c,0x3ed1968d,0x3ed1a68d,0x3ed1b68e,0x3ed1c68e,0x3ed1d68f,0x3ed1e68f,0x3ed1f690,
  0x3ed20690,0x3ed21691,0x3ed22691,0x3ed23692,0x3ed24692,0x3ed25693,0x3ed26693,0x3ed27694,
  0x3ed28694,0x3ed29695,0x3ed2a695,0x3ed2b696,0x3ed2c696,0x3ed2d697,0x3ed2e697,0x3ed2f698,
  0x3ed30698,0x3ed31699,0x3ed32699,0x3ed3369a,0x3ed3469a,0x3ed3569b,0x3ed3669b,0x3ed3769c,
  0x3ed3869c,0x3ed3969d,0x3ed3a69d,0x3ed3b69e,0x3ed3c69e,0x3ed3d69f,0x3ed3e69f,0x3ed3f6a0,
  0x3ed406a0,0x3ed416a1,0x3ed426a1,0x3ed436a2,0x3ed446a2,0x3ed456a3,0x3ed466a3,0x3ed476a4,
  0x3ed486a4,0x3ed496a5,0x3ed4a6a5,0x3ed4b6a6,0x3ed4c6a6,0x3ed4d6a7,0x3ed4e6a7,0x3ed4f6a8,
  0x3ed506a8,0x3ed516a9,0x3ed526a9,0x3ed536aa,0x3ed546aa,0x3ed556ab,0x3ed566ab,0x3ed576ac,
  0x3ed586ac,0x3ed596ad,0x3ed5a6ad,0x3ed5b6ae,0x3ed5c6ae,0x3ed5d6af,0x3ed5e6af,0x3ed5f6b0,
  0x3ed606b0,0x3ed616b1,0x3ed626b1,0x3ed636b2,0x3ed646b2,0x3ed656b3,0x3ed666b3,0x3ed676b4,
  0x3ed686b4,0x3ed696b5,0x3ed6a6b5,0x3ed6b6b6,0x3ed6c6b6,0x3ed6d6b7,0x3ed6e6b7,0x3ed6f6b8,
  0x3ed706b8,0x3ed716b9,0x3ed726b9,0x3ed736ba,0x3ed746ba,0x3ed756bb,0x3ed766bb,0x3ed776bc,
  0x3ed786bc,0x3ed796bd,0x3ed7a6bd,0x3ed7b6be,0x3ed7c6be,0x3ed7d6bf,0x3ed7e6bf,0x3ed7f6c0,
  0x3ed806c0,0x3ed816c1,0x3ed826c1,0x3ed836c2,0x3ed846c2,0x3ed856c3,0x3ed866c3,0x3ed876c4,
  0x3ed886c4,0x3ed896c5,0x3ed8a6c5,0x3ed8b6c6,0x3ed8c6c6,0x3ed8d6c7,0x3ed8e6c7,0x3ed8f6c8,
  0x3ed906c8,0x3ed916c9,0x3ed926c9,0x3ed936ca,0x3ed946ca,0x3ed956cb,0x3ed966cb,0x3ed976cc,
  0x3ed986cc,0x3ed996cd,0x3ed9a6cd,0x3ed9b6ce,0x3ed9c6ce,0x3ed9d6cf,0x3ed9e6cf,0x3ed9f6d0,
  0x3eda06d0,0x3eda16d1,0x3eda26d1,0x3eda36d2,0x3eda46d2,0x3eda56d3,0x3eda66d3,0x3eda76d4,
  0x3eda86d4,0x3eda96d5,0x3edaa6d5,0x3edab6d6,0x3edac6d6,0x3edad6d7,0x3edae6d7,0x3edaf6d8,
  0x3edb06d8,0x3edb16d9,0x3edb26d9,0x3edb36da,0x3edb46da,0x3edb56db,0x3edb66db,0x3edb76dc,
  0x3edb86dc,0x3edb96dd,0x3edba6dd,0x3edbb6de,0x3edbc6de,0x3edbd6df,0x3edbe6df,0x3edbf6e0,
  0x3edc06e0,0x3edc16e1,0x3edc26e1,0x3edc36e2,0x3edc46e2,0x3edc56e3,0x3edc66e3,0x3edc76e4,
  0x3edc86e4,0x3edc96e5,0x3edca6e5,0x3edcb6e6,0x3edcc6e6,0x3edcd6e7,0x3edce6e7,0x3edcf6e8,
  0x3edd06e8,0x3edd16e9,0x3edd26e9,0x3edd36ea,0x3edd46ea,0x3edd56eb,0x3edd66eb,0x3edd76ec,
  0x3edd86ec,0x3edd96ed,0x3edda6ed,0x3eddb6ee,0x3eddc6ee,0x3eddd6ef,0x3edde6ef,0x3eddf6f0,
  0x3ede06f0,0x3ede16f1,0x3ede26f1,0x3ede36f2,0x3ede46f2,0x3ede56f3,0x3ede66f3,0x3ede76f4,
  0x3ede86f4,0x3ede96f5,0x3edea6f5,0x3edeb6f6,0x3edec6f6,0x3eded6f7,0x3edee6f7,0x3edef6f8,
  0x3edf06f8,0x3edf16f9,0x3edf26f9,0x3edf36fa,0x3edf46fa,0x3edf56fb,0x3edf66fb,0x3edf76fc,
  0x3edf86fc,0x3edf96fd,0x3edfa6fd,0x3edfb6fe,0x3edfc6fe,0x3edfd6ff,0x3edfe6ff,0x3edff700,
  0x3ee00700,0x3ee01701,0x3ee02701,0x3ee03702,0x3ee04702,0x3ee05703,0x3ee06703,0x3ee07704,
  0x3ee08704,0x3ee09705,0x3ee0a705,0x3ee0b706,0x3ee0c706,0x3ee0d707,0x3ee0e707,0x3ee0f708,
  0x3ee10708,0x3ee11709,0x3ee12709,0x3ee1370a,0x3ee1470a,0x3ee1570b,0x3ee1670b,0x3ee1770c,
  0x3ee1870c,0x3ee1970d,0x3ee1a70d,0x3ee1b70e,0x3ee1c70e,0x3ee1d70f,0x3ee1e70f,0x3ee1f710,
  0x3ee20710,0x3ee21711,0x3ee22711,0x3ee23712,0x3ee24712,0x3ee25713,0x3ee26713,0x3ee27714,
  0x3ee28714,0x3ee29715,0x3ee2a715,0x3ee2b716,0x3ee2c716,0x3ee2d717,0x3ee2e717,0x3ee2f718,
  0x3ee30718,0x3ee31719,0x3ee32719,0x3ee3371a,0x3ee3471a,0x3ee3571b,0x3ee3671b,0x3ee3771c,
  0x3ee3871c,0x3ee3971d,0x3ee3a71d,0x3ee3b71e,0x3ee3c71e,0x3ee3d71f,0x3ee3e71f,0x3ee3f720,
  0x3ee40720,0x3ee41721,0x3ee42721,0x3ee43722,0x3ee44722,0x3ee45723,0x3ee46723,0x3ee47724,
  0x3ee48724,0x3ee49725,0x3ee4a725,0x3ee4b726,0x3ee4c726,0x3ee4d727,0x3ee4e727,0x3ee4f728,
  0x3ee50728,0x3ee51729,0x3ee52729,0x3ee5372a,0x3ee5472a,0x3ee5572b,0x3ee5672b,0x3ee5772c,
  0x3ee5872c,0x3ee5972d,0x3ee5a72d,0x3ee5b72e,0x3ee5c72e,0x3ee5d72f,0x3ee5e72f,0x3ee5f730,
  0x3ee60730,0x3ee61731,0x3ee62731,0x3ee63732,0x3ee64732,0x3ee65733,0x3ee66733,0x3ee67734,
  0x3ee68734,0x3ee69735,0x3ee6a735,0x3ee6b736,0x3ee6c736,0x3ee6d737,0x3ee6e737,0x3ee6f738,
  0x3ee70738,0x3ee71739,0x3ee72739,0x3ee7373a,0x3ee7473a,0x3ee7573b,0x3ee7673b,0x3ee7773c,
  0x3ee7873c,0x3ee7973d,0x3ee7a73d,0x3ee7b73e,0x3ee7c73e,0x3ee7d73f,0x3ee7e73f,0x3ee7f740,
  0x3ee80740,0x3ee81741,0x3ee82741,0x3ee83742,0x3ee84742,0x3ee85743,0x3ee86743,0x3ee87744,
  0x3ee88744,0x3ee89745,0x3ee8a745,0x3ee8b746,0x3ee8c746,0x3ee8d747,0x3ee8e747,0x3ee8f748,
  0x3ee90748,0x3ee91749,0x3ee92749,0x3ee9374a,0x3ee9474a,0x3ee9574b,0x3ee9674b,0x3ee9774c,
  0x3ee9874c,0x3ee9974d,0x3ee9a74d,0x3ee9b74e,0x3ee9c74e,0x3ee9d74f,0x3ee9e74f,0x3ee9f750,
  0x3eea0750,0x3eea1751,0x3eea2751,0x3eea3752,0x3eea4752,0x3eea5753,0x3eea6753,0x3eea7754,
  0x3eea8754,0x3eea9755,0x3eeaa755,0x3eeab756,0x3eeac756,0x3eead757,0x3eeae757,0x3eeaf758,
  0x3eeb0758,0x3eeb1759,0x3eeb2759,0x3eeb375a,0x3eeb475a,0x3eeb575b,0x3eeb675b,0x3eeb775c,
  0x3eeb875c,0x3eeb975d,0x3eeba75d,0x3eebb75e,0x3eebc75e,0x3eebd75f,0x3eebe75f,0x3eebf760,
  0x3eec0760,0x3eec1761,0x3eec2761,0x3eec3762,0x3eec4762,0x3eec5763,0x3eec6763,0x3eec7764,
  0x3eec8764,0x3eec9765,0x3eeca765,0x3eecb766,0x3eecc766,0x3eecd767,0x3eece767,0x3eecf768,
  0x3eed0768,0x3eed1769,0x3eed2769,0x3eed376a,0x3eed476a,0x3eed576b,0x3eed676b,0x3eed776c,
  0x3eed876c,0x3eed976d,0x3eeda76d,0x3eedb76e,0x3eedc76e,0x3eedd76f,0x3eede76f,0x3eedf770,
  0x3eee0770,0x3eee1771,0x3eee2771,0x3eee3772,0x3eee4772,0x3eee5773,0x3eee6773,0x3eee7774,
  0x3eee8774,0x3eee9775,0x3eeea775,0x3eeeb776,0x3eeec776,0x3eeed777,0x3eeee777,0x3eeef778,
  0x3eef0778,0x3eef1779,0x3eef2779,0x3eef377a,0x3eef477a,0x3eef577b,0x3eef677b,0x3eef777c,
  0x3eef877c,0x3eef977d,0x3eefa77d,0x3eefb77e,0x3eefc77e,0x3eefd77f,0x3eefe77f,0x3eeff780,
  0x3ef00780,0x3ef01781,0x3ef02781,0x3ef03782,0x3ef04782,0x3ef05783,0x3ef06783,0x3ef07784,
  0x3ef08784,0x3ef09785,0x3ef0a785,0x3ef0b786,0x3ef0c786,0x3ef0d787,0x3ef0e787,0x3ef0f788,
  0x3ef10788,0x3ef11789,0x3ef12789,0x3ef1378a,0x3ef1478a,0x3ef1578b,0x3ef1678b,0x3ef1778c,
  0x3ef1878c,0x3ef1978d,0x3ef1a78d,0x3ef1b78e,0x3ef1c78e,0x3ef1d78f,0x3ef1e78f,0x3ef1f790,
  0x3ef20790,0x3ef21791,0x3ef22791,0x3ef23792,0x3ef24792,0x3ef25793,0x3ef26793,0x3ef27794,
  0x3ef28794,0x3ef29795,0x3ef2a795,0x3ef2b796,0x3ef2c796,0x3ef2d797,0x3ef2e797,0x3ef2f798,
  0x3ef30798,0x3ef31799,0x3ef32799,0x3ef3379a,0x3ef3479a,0x3ef3579b,0x3ef3679b,0x3ef3779c,
  0x3ef3879c,0x3ef3979d,0x3ef3a79d,0x3ef3b79e,0x3ef3c79e,0x3ef3d79f,0x3ef3e79f,0x3ef3f7a0,
  0x3ef407a0,0x3ef417a1,0x3ef427a1,0x3ef437a2,0x3ef447a2,0x3ef457a3,0x3ef467a3,0x3ef477a4,
  0x3ef487a4,0x3ef497a5,0x3ef4a7a5,0x3ef4b7a6,0x3ef4c7a6,0x3ef4d7a7,0x3ef4e7a7,0x3ef4f7a8,
  0x3ef507a8,0x3ef517a9,0x3ef527a9,0x3ef537aa,0x3ef547aa,0x3ef557ab,0x3ef567ab,0x3ef577ac,
  0x3ef587ac,0x3ef597ad,0x3ef5a7ad,0x3ef5b7ae,0x3ef5c7ae,0x3ef5d7af,0x3ef5e7af,0x3ef5f7b0,
  0x3ef607b0,0x3ef617b1,0x3ef627b1,0x3ef637b2,0x3ef647b2,0x3ef657b3,0x3ef667b3,0x3ef677b4,
  0x3ef687b4,0x3ef697b5,0x3ef6a7b5,0x3ef6b7b6,0x3ef6c7b6,0x3ef6d7b7,0x3ef6e7b7,0x3ef6f7b8,
  0x3ef707b8,0x3ef717b9,0x3ef727b9,0x3ef737ba,0x3ef747ba,0x3ef757bb,0x3ef767bb,0x3ef777bc,
  0x3ef787bc,0x3ef797bd,0x3ef7a7bd,0x3ef7b7be,0x3ef7c7be,0x3ef7d7bf,0x3ef7e7bf,0x3ef7f7c0,
  0x3ef807c0,0x3ef817c1,0x3ef827c1,0x3ef837c2,0x3ef847c2,0x3ef857c3,0x3ef867c3,0x3ef877c4,
  0x3ef887c4,0x3ef897c5,0x3ef8a7c5,0x3ef8b7c6,0x3ef8c7c6,0x3ef8d7c7,0x3ef8e7c7,0x3ef8f7c8,
  0x3ef907c8,0x3ef917c9,0x3ef927c9,0x3ef937ca,0x3ef947ca,0x3ef957cb,0x3ef967cb,0x3ef977cc,
  0x3ef987cc,0x3ef997cd,0x3ef9a7cd,0x3ef9b7ce,0x3ef9c7ce,0x3ef9d7cf,0x3ef9e7cf,0x3ef9f7d0,
  0x3efa07d0,0x3efa17d1,0x3efa27d1,0x3efa37d2,0x3efa47d2,0x3efa57d3,0x3efa67d3,0x3efa77d4,
  0x3efa87d4,0x3efa97d5,0x3efaa7d5,0x3efab7d6,0x3efac7d6,0x3efad7d7,0x3efae7d7,0x3efaf7d8,
  0x3efb07d8,0x3efb17d9,0x3efb27d9,0x3efb37da,0x3efb47da,0x3efb57db,0x3efb67db,0x3efb77dc,
  0x3efb87dc,0x3efb97dd,0x3efba7dd,0x3efbb7de,0x3efbc7de,0x3efbd7df,0x3efbe7df,0x3efbf7e0,
  0x3efc07e0,0x3efc17e1,0x3efc27e1,0x3efc37e2,0x3efc47e2,0x3efc57e3,0x3efc67e3,0x3efc77e4,
  0x3efc87e4,0x3efc97e5,0x3efca7e5,0x3efcb7e6,0x3efcc7e6,0x3efcd7e7,0x3efce7e7,0x3efcf7e8,
  0x3efd07e8,0x3efd17e9,0x3efd27e9,0x3efd37ea,0x3efd47ea,0x3efd57eb,0x3efd67eb,0x3efd77ec,
  0x3efd87ec,0x3efd97ed,0x3efda7ed,0x3efdb7ee,0x3efdc7ee,0x3efdd7ef,0x3efde7ef,0x3efdf7f0,
  0x3efe07f0,0x3efe17f1,0x3efe27f1,0x3efe37f2,0x3efe47f2,0x3efe57f3,0x3efe67f3,0x3efe77f4,
  0x3efe87f4,0x3efe97f5,0x3efea7f5,0x3efeb7f6,0x3efec7f6,0x3efed7f7,0x3efee7f7,0x3efef7f8,
  0x3eff07f8,0x3eff17f9,0x3eff27f9,0x3eff37fa,0x3eff47fa,0x3eff57fb,0x3eff67fb,0x3eff77fc,
  0x3eff87fc,0x3eff97fd,0x3effa7fd,0x3effb7fe,0x3effc7fe,0x3effd7ff,0x3effe7ff,0x3efff800,
  0x3f000400,0x3f000c00,0x3f001401,0x3f001c01,0x3f002401,0x3f002c01,0x3f003402,0x3f003c02,
  0x3f004402,0x3f004c02,0x3f005403,0x3f005c03,0x3f006403,0x3f006c03,0x3f007404,0x3f007c04,
  0x3f008404,0x3f008c04,0x3f009405,0x3f009c05,0x3f00a405,0x3f00ac05,0x3f00b406,0x3f00bc06,
  0x3f00c406,0x3f00cc06,0x3f00d407,0x3f00dc07,0x3f00e407,0x3f00ec07,0x3f00f408,0x3f00fc08,
  0x3f010408,0x3f010c08,0x3f011409,0x3f011c09,0x3f012409,0x3f012c09,0x3f01340a,0x3f013c0a,
  0x3f01440a,0x3f014c0a,0x3f01540b,0x3f015c0b,0x3f01640b,0x3f016c0b,0x3f01740c,0x3f017c0c,
  0x3f01840c,0x3f018c0c,0x3f01940d,0x3f019c0d,0x3f01a40d,0x3f01ac0d,0x3f01b40e,0x3f01bc0e,
  0x3f01c40e,0x3f01cc0e,0x3f01d40f,0x3f01dc0f,0x3f01e40f,0x3f01ec0f,0x3f01f410,0x3f01fc10,
  0x3f020410,0x3f020c10,0x3f021411,0x3f021c11,0x3f022411,0x3f022c11,0x3f023412,0x3f023c12,
  0x3f024412,0x3f024c12,0x3f025413,0x3f025c13,0x3f026413,0x3f026c13,0x3f027414,0x3f027c14,
  0x3f028414,0x3f028c14,0x3f029415,0x3f029c15,0x3f02a415,0x3f02ac15,0x3f02b416,0x3f02bc16,
  0x3f02c416,0x3f02cc16,0x3f02d417,0x3f02dc17,0x3f02e417,0x3f02ec17,0x3f02f418,0x3f02fc18,
  0x3f030418,0x3f030c18,0x3f031419,0x3f031c19,0x3f032419,0x3f032c19,0x3f03341a,0x3f033c1a,
  0x3f03441a,0x3f034c1a,0x3f03541b,0x3f035c1b,0x3f03641b,0x3f036c1b,0x3f03741c,0x3f037c1c,
  0x3f03841c,0x3f038c1c,0x3f03941d,0x3f039c1d,0x3f03a41d,0x3f03ac1d,0x3f03b41e,0x3f03bc1e,
  0x3f03c41e,0x3f03cc1e,0x3f03d41f,0x3f03dc1f,0x3f03e41f,0x3f03ec1f,0x3f03f420,0x3f03fc20,
  0x3f040420,0x3f040c20,0x3f041421,0x3f041c21,0x3f042421,0x3f042c21,0x3f043422,0x3f043c22,
  0x3f044422,0x3f044c22,0x3f045423,0x3f045c23,0x3f046423,0x3f046c23,0x3f047424,0x3f047c24,
  0x3f048424,0x3f048c24,0x3f049425,0x3f049c25,0x3f04a425,0x3f04ac25,0x3f04b426,0x3f04bc26,
  0x3f04c426,0x3f04cc26,0x3f04d427,0x3f04dc27,0x3f04e427,0x3f04ec27,0x3f04f428,0x3f04fc28,
  0x3f050428,0x3f050c28,0x3f051429,0x3f051c29,0x3f052429,0x3f052c29,0x3f05342a,0x3f053c2a,
  0x3f05442a,0x3f054c2a,0x3f05542b,0x3f055c2b,0x3f05642b,0x3f056c2b,0x3f05742c,0x3f057c2c,
  0x3f05842c,0x3f058c2c,0x3f05942d,0x3f059c2d,0x3f05a42d,0x3f05ac2d,0x3f05b42e,0x3f05bc2e,
  0x3f05c42e,0x3f05cc2e,0x3f05d42f,0x3f05dc2f,0x3f05e42f,0x3f05ec2f,0x3f05f430,0x3f05fc30,
  0x3f060430,0x3f060c30,0x3f061431,0x3f061c31,0x3f062431,0x3f062c31,0x3f063432,0x3f063c32,
  0x3f064432,0x3f064c32,0x3f065433,0x3f065c33,0x3f066433,0x3f066c33,0x3f067434,0x3f067c34,
  0x3f068434,0x3f068c34,0x3f069435,0x3f069c35,0x3f06a435,0x3f06ac35,0x3f06b436,0x3f06bc36,
  0x3f06c436,0x3f06cc36,0x3f06d437,0x3f06dc37,0x3f06e437,0x3f06ec37,0x3f06f438,0x3f06fc38,
  0x3f070438,0x3f070c38,0x3f071439,0x3f071c39,0x3f072439,0x3f072c39,0x3f07343a,0x3f073c3a,
  0x3f07443a,0x3f074c3a,0x3f07543b,0x3f075c3b,0x3f07643b,0x3f076c3b,0x3f07743c,0x3f077c3c,
  0x3f07843c,0x3f078c3c,0x3f07943d,0x3f079c3d,0x3f07a43d,0x3f07ac3d,0x3f07b43e,0x3f07bc3e,
  0x3f07c43e,0x3f07cc3e,0x3f07d43f,0x3f07dc3f,0x3f07e43f,0x3f07ec3f,0x3f07f440,0x3f07fc40,
  0x3f080440,0x3f080c40,0x3f081441,0x3f081c41,0x3f082441,0x3f082c41,0x3f083442,0x3f083c42,
  0x3f084442,0x3f084c42,0x3f085443,0x3f085c43,0x3f086443,0x3f086c43,0x3f087444,0x3f087c44,
  0x3f088444,0x3f088c44,0x3f089445,0x3f089c45,0x3f08a445,0x3f08ac45,0x3f08b446,0x3f08bc46,
  0x3f08c446,0x3f08cc46,0x3f08d447,0x3f08dc47,0x3f08e447,0x3f08ec47,0x3f08f448,0x3f08fc48,
  0x3f090448,0x3f090c48,0x3f091449,0x3f091c49,0x3f092449,0x3f092c49,0x3f09344a,0x3f093c4a,
  0x3f09444a,0x3f094c4a,0x3f09544b,0x3f095c4b,0x3f09644b,0x3f096c4b,0x3f09744c,0x3f097c4c,
  0x3f09844c,0x3f098c4c,0x3f09944d,0x3f099c4d,0x3f09a44d,0x3f09ac4d,0x3f09b44e,0x3f09bc4e,
  0x3f09c44e,0x3f09cc4e,0x3f09d44f,0x3f09dc4f,0x3f09e44f,0x3f09ec4f,0x3f09f450,0x3f09fc50,
  0x3f0a0450,0x3f0a0c50,0x3f0a1451,0x3f0a1c51,0x3f0a2451,0x3f0a2c51,0x3f0a3452,0x3f0a3c52,
  0x3f0a4452,0x3f0a4c52,0x3f0a5453,0x3f0a5c53,0x3f0a6453,0x3f0a6c53,0x3f0a7454,0x3f0a7c54,
  0x3f0a8454,0x3f0a8c54,0x3f0a9455,0x3f0a9c55,0x3f0aa455,0x3f0aac55,0x3f0ab456,0x3f0abc56,
  0x3f0ac456,0x3f0acc56,0x3f0ad457,0x3f0adc57,0x3f0ae457,0x3f0aec57,0x3f0af458,0x3f0afc58,
  0x3f0b0458,0x3f0b0c58,0x3f0b1459,0x3f0b1c59,0x3f0b2459,0x3f0b2c59,0x3f0b345a,0x3f0b3c5a,
  0x3f0b445a,0x3f0b4c5a,0x3f0b545b,0x3f0b5c5b,0x3f0b645b,0x3f0b6c5b,0x3f0b745c,0x3f0b7c5c,
  0x3f0b845c,0x3f0b8c5c,0x3f0b945d,0x3f0b9c5d,0x3f0ba45d,0x3f0bac5d,0x3f0bb45e,0x3f0bbc5e,
  0x3f0bc45e,0x3f0bcc5e,0x3f0bd45f,0x3f0bdc5f,0x3f0be45f,0x3f0bec5f,0x3f0bf460,0x3f0bfc60,
  0x3f0c0460,0x3f0c0c60,0x3f0c1461,0x3f0c1c61,0x3f0c2461,0x3f0c2c61,0x3f0c3462,0x3f0c3c62,
  0x3f0c4462,0x3f0c4c62,0x3f0c5463,0x3f0c5c63,0x3f0c6463,0x3f0c6c63,0x3f0c7464,0x3f0c7c64,
  0x3f0c8464,0x3f0c8c64,0x3f0c9465,0x3f0c9c65,0x3f0ca465,0x3f0cac65,0x3f0cb466,0x3f0cbc66,
  0x3f0cc466,0x3f0ccc66,0x3f0cd467,0x3f0cdc67,0x3f0ce467,0x3f0cec67,0x3f0cf468,0x3f0cfc68,
  0x3f0d0468,0x3f0d0c68,0x3f0d1469,0x3f0d1c69,0x3f0d2469,0x3f0d2c69,0x3f0d346a,0x3f0d3c6a,
  0x3f0d446a,0x3f0d4c6a,0x3f0d546b,0x3f0d5c6b,0x3f0d646b,0x3f0d6c6b,0x3f0d746c,0x3f0d7c6c,
  0x3f0d846c,0x3f0d8c6c,0x3f0d946d,0x3f0d9c6d,0x3f0da46d,0x3f0dac6d,0x3f0db46e,0x3f0dbc6e,
  0x3f0dc46e,0x3f0dcc6e,0x3f0dd46f,0x3f0ddc6f,0x3f0de46f,0x3f0dec6f,0x3f0df470,0x3f0dfc70,
  0x3f0e0470,0x3f0e0c70,0x3f0e1471,0x3f0e1c71,0x3f0e2471,0x3f0e2c71,0x3f0e3472,0x3f0e3c72,
  0x3f0e4472,0x3f0e4c72,0x3f0e5473,0x3f0e5c73,0x3f0e6473,0x3f0e6c73,0x3f0e7474,0x3f0e7c74,
  0x3f0e8474,0x3f0e8c74,0x3f0e9475,0x3f0e9c75,0x3f0ea475,0x3f0eac75,0x3f0eb476,0x3f0ebc76,
  0x3f0ec476,0x3f0ecc76,0x3f0ed477,0x3f0edc77,0x3f0ee477,0x3f0eec77,0x3f0ef478,0x3f0efc78,
  0x3f0f0478,0x3f0f0c78,0x3f0f1479,0x3f0f1c79,0x3f0f2479,0x3f0f2c79,0x3f0f347a,0x3f0f3c7a,
  0x3f0f447a,0x3f0f4c7a,0x3f0f547b,0x3f0f5c7b,0x3f0f647b,0x3f0f6c7b,0x3f0f747c,0x3f0f7c7c,
  0x3f0f847c,0x3f0f8c7c,0x3f0f947d,0x3f0f9c7d,0x3f0fa47d,0x3f0fac7d,0x3f0fb47e,0x3f0fbc7e,
  0x3f0fc47e,0x3f0fcc7e,0x3f0fd47f,0x3f0fdc7f,0x3f0fe47f,0x3f0fec7f,0x3f0ff480,0x3f0ffc80,
  0x3f100480,0x3f100c80,0x3f101481,0x3f101c81,0x3f102481,0x3f102c81,0x3f103482,0x3f103c82,
  0x3f104482,0x3f104c82,0x3f105483,0x3f105c83,0x3f106483,0x3f106c83,0x3f107484,0x3f107c84,
  0x3f108484,0x3f108c84,0x3f109485,0x3f109c85,0x3f10a485,0x3f10ac85,0x3f10b486,0x3f10bc86,
  0x3f10c486,0x3f10cc86,0x3f10d487,0x3f10dc87,0x3f10e487,0x3f10ec87,0x3f10f488,0x3f10fc88,
  0x3f110488,0x3f110c88,0x3f111489,0x3f111c89,0x3f112489,0x3f112c89,0x3f11348a,0x3f113c8a,
  0x3f11448a,0x3f114c8a,0x3f11548b,0x3f115c8b,0x3f11648b,0x3f116c8b,0x3f11748c,0x3f117c8c,
  0x3f11848c,0x3f118c8c,0x3f11948d,0x3f119c8d,0x3f11a48d,0x3f11ac8d,0x3f11b48e,0x3f11bc8e,
  0x3f11c48e,0x3f11cc8e,0x3f11d48f,0x3f11dc8f,0x3f11e48f,0x3f11ec8f,0x3f11f490,0x3f11fc90,
  0x3f120490,0x3f120c90,0x3f121491,0x3f121c91,0x3f122491,0x3f122c91,0x3f123492,0x3f123c92,
  0x3f124492,0x3f124c92,0x3f125493,0x3f125c93,0x3f126493,0x3f126c93,0x3f127494,0x3f127c94,
  0x3f128494,0x3f128c94,0x3f129495,0x3f129c95,0x3f12a495,0x3f12ac95,0x3f12b496,0x3f12bc96,
  0x3f12c496,0x3f12cc96,0x3f12d497,0x3f12dc97,0x3f12e497,0x3f12ec97,0x3f12f498,0x3f12fc98,
  0x3f130498,0x3f130c98,0x3f131499,0x3f131c99,0x3f132499,0x3f132c99,0x3f13349a,0x3f133c9a,
  0x3f13449a,0x3f134c9a,0x3f13549b,0x3f135c9b,0x3f13649b,0x3f136c9b,0x3f13749c,0x3f137c9c,
  0x3f13849c,0x3f138c9c,0x3f13949d,0x3f139c9d,0x3f13a49d,0x3f13ac9d,0x3f13b49e,0x3f13bc9e,
  0x3f13c49e,0x3f13cc9e,0x3f13d49f,0x3f13dc9f,0x3f13e49f,0x3f13ec9f,0x3f13f4a0,0x3f13fca0,
  0x3f1404a0,0x3f140ca0,0x3f1414a1,0x3f141ca1,0x3f1424a1,0x3f142ca1,0x3f1434a2,0x3f143ca2,
  0x3f1444a2,0x3f144ca2,0x3f1454a3,0x3f145ca3,0x3f1464a3,0x3f146ca3,0x3f1474a4,0x3f147ca4,
  0x3f1484a4,0x3f148ca4,0x3f1494a5,0x3f149ca5,0x3f14a4a5,0x3f14aca5,0x3f14b4a6,0x3f14bca6,
  0x3f14c4a6,0x3f14cca6,0x3f14d4a7,0x3f14dca7,0x3f14e4a7,0x3f14eca7,0x3f14f4a8,0x3f14fca8,
  0x3f1504a8,0x3f150ca8,0x3f1514a9,0x3f151ca9,0x3f1524a9,0x3f152ca9,0x3f1534aa,0x3f153caa,
  0x3f1544aa,0x3f154caa,0x3f1554ab,0x3f155cab,0x3f1564ab,0x3f156cab,0x3f1574ac,0x3f157cac,
  0x3f1584ac,0x3f158cac,0x3f1594ad,0x3f159cad,0x3f15a4ad,0x3f15acad,0x3f15b4ae,0x3f15bcae,
  0x3f15c4ae,0x3f15ccae,0x3f15d4af,0x3f15dcaf,0x3f15e4af,0x3f15ecaf,0x3f15f4b0,0x3f15fcb0,
  0x3f1604b0,0x3f160cb0,0x3f1614b1,0x3f161cb1,0x3f1624b1,0x3f162cb1,0x3f1634b2,0x3f163cb2,
  0x3f1644b2,0x3f164cb2,0x3f1654b3,0x3f165cb3,0x3f1664b3,0x3f166cb3,0x3f1674b4,0x3f167cb4,
  0x3f1684b4,0x3f168cb4,0x3f1694b5,0x3f169cb5,0x3f16a4b5,0x3f16acb5,0x3f16b4b6,0x3f16bcb6,
  0x3f16c4b6,0x3f16ccb6,0x3f16d4b7,0x3f16dcb7,0x3f16e4b7,0x3f16ecb7,0x3f16f4b8,0x3f16fcb8,
  0x3f1704b8,0x3f170cb8,0x3f1714b9,0x3f171cb9,0x3f1724b9,0x3f172cb9,0x3f1734ba,0x3f173cba,
  0x3f1744ba,0x3f174cba,0x3f1754bb,0x3f175cbb,0x3f1764bb,0x3f176cbb,0x3f1774bc,0x3f177cbc,
  0x3f1784bc,0x3f178cbc,0x3f1794bd,0x3f179cbd,0x3f17a4bd,0x3f17acbd,0x3f17b4be,0x3f17bcbe,
  0x3f17c4be,0x3f17ccbe,0x3f17d4bf,0x3f17dcbf,0x3f17e4bf,0x3f17ecbf,0x3f17f4c0,0x3f17fcc0,
  0x3f1804c0,0x3f180cc0,0x3f1814c1,0x3f181cc1,0x3f1824c1,0x3f182cc1,0x3f1834c2,0x3f183cc2,
  0x3f1844c2,0x3f184cc2,0x3f1854c3,0x3f185cc3,0x3f1864c3,0x3f186cc3,0x3f1874c4,0x3f187cc4,
  0x3f1884c4,0x3f188cc4,0x3f1894c5,0x3f189cc5,0x3f18a4c5,0x3f18acc5,0x3f18b4c6,0x3f18bcc6,
  0x3f18c4c6,0x3f18ccc6,0x3f18d4c7,0x3f18dcc7,0x3f18e4c7,0x3f18ecc7,0x3f18f4c8,0x3f18fcc8,
  0x3f1904c8,0x3f190cc8,0x3f1914c9,0x3f191cc9,0x3f1924c9,0x3f192cc9,0x3f1934ca,0x3f193cca,
  0x3f1944ca,0x3f194cca,0x3f1954cb,0x3f195ccb,0x3f1964cb,0x3f196ccb,0x3f1974cc,0x3f197ccc,
  0x3f1984cc,0x3f198ccc,0x3f1994cd,0x3f199ccd,0x3f19a4cd,0x3f19accd,0x3f19b4ce,0x3f19bcce,
  0x3f19c4ce,0x3f19ccce,0x3f19d4cf,0x3f19dccf,0x3f19e4cf,0x3f19eccf,0x3f19f4d0,0x3f19fcd0,
  0x3f1a04d0,0x3f1a0cd0,0x3f1a14d1,0x3f1a1cd1,0x3f1a24d1,0x3f1a2cd1,0x3f1a34d2,0x3f1a3cd2,
  0x3f1a44d2,0x3f1a4cd2,0x3f1a54d3,0x3f1a5cd3,0x3f1a64d3,0x3f1a6cd3,0x3f1a74d4,0x3f1a7cd4,
  0x3f1a84d4,0x3f1a8cd4,0x3f1a94d5,0x3f1a9cd5,0x3f1aa4d5,0x3f1aacd5,0x3f1ab4d6,0x3f1abcd6,
  0x3f1ac4d6,0x3f1accd6,0x3f1ad4d7,0x3f1adcd7,0x3f1ae4d7,0x3f1aecd7,0x3f1af4d8,0x3f1afcd8,
  0x3f1b04d8,0x3f1b0cd8,0x3f1b14d9,0x3f1b1cd9,0x3f1b24d9,0x3f1b2cd9,0x3f1b34da,0x3f1b3cda,
  0x3f1b44da,0x3f1b4cda,0x3f1b54db,0x3f1b5cdb,0x3f1b64db,0x3f1b6cdb,0x3f1b74dc,0x3f1b7cdc,
  0x3f1b84dc,0x3f1b8cdc,0x3f1b94dd,0x3f1b9cdd,0x3f1ba4dd,0x3f1bacdd,0x3f1bb4de,0x3f1bbcde,
  0x3f1bc4de,0x3f1bccde,0x3f1bd4df,0x3f1bdcdf,0x3f1be4df,0x3f1becdf,0x3f1bf4e0,0x3f1bfce0,
  0x3f1c04e0,0x3f1c0ce0,0x3f1c14e1,0x3f1c1ce1,0x3f1c24e1,0x3f1c2ce1,0x3f1c34e2,0x3f1c3ce2,
  0x3f1c44e2,0x3f1c4ce2,0x3f1c54e3,0x3f1c5ce3,0x3f1c64e3,0x3f1c6ce3,0x3f1c74e4,0x3f1c7ce4,
  0x3f1c84e4,0x3f1c8ce4,0x3f1c94e5,0x3f1c9ce5,0x3f1ca4e5,0x3f1cace5,0x3f1cb4e6,0x3f1cbce6,
  0x3f1cc4e6,0x3f1ccce6,0x3f1cd4e7,0x3f1cdce7,0x3f1ce4e7,0x3f1cece7,0x3f1cf4e8,0x3f1cfce8,
  0x3f1d04e8,0x3f1d0ce8,0x3f1d14e9,0x3f1d1ce9,0x3f1d24e9,0x3f1d2ce9,0x3f1d34ea,0x3f1d3cea,
  0x3f1d44ea,0x3f1d4cea,0x3f1d54eb,0x3f1d5ceb,0x3f1d64eb,0x3f1d6ceb,0x3f1d74ec,0x3f1d7cec,
  0x3f1d84ec,0x3f1d8cec,0x3f1d94ed,0x3f1d9ced,0x3f1da4ed,0x3f1daced,0x3f1db4ee,0x3f1dbcee,
  0x3f1dc4ee,0x3f1dccee,0x3f1dd4ef,0x3f1ddcef,0x3f1de4ef,0x3f1decef,0x3f1df4f0,0x3f1dfcf0,
  0x3f1e04f0,0x3f1e0cf0,0x3f1e14f1,0x3f1e1cf1,0x3f1e24f1,0x3f1e2cf1,0x3f1e34f2,0x3f1e3cf2,
  0x3f1e44f2,0x3f1e4cf2,0x3f1e54f3,0x3f1e5cf3,0x3f1e64f3,0x3f1e6cf3,0x3f1e74f4,0x3f1e7cf4,
  0x3f1e84f4,0x3f1e8cf4,0x3f1e94f5,0x3f1e9cf5,0x3f1ea4f5,0x3f1eacf5,0x3f1eb4f6,0x3f1ebcf6,
  0x3f1ec4f6,0x3f1eccf6,0x3f1ed4f7,0x3f1edcf7,0x3f1ee4f7,0x3f1eecf7,0x3f1ef4f8,0x3f1efcf8,
  0x3f1f04f8,0x3f1f0cf8,0x3f1f14f9,0x3f1f1cf9,0x3f1f24f9,0x3f1f2cf9,0x3f1f34fa,0x3f1f3cfa,
  0x3f1f44fa,0x3f1f4cfa,0x3f1f54fb,0x3f1f5cfb,0x3f1f64fb,0x3f1f6cfb,0x3f1f74fc,0x3f1f7cfc,
  0x3f1f84fc,0x3f1f8cfc,0x3f1f94fd,0x3f1f9cfd,0x3f1fa4fd,0x3f1facfd,0x3f1fb4fe,0x3f1fbcfe,
  0x3f1fc4fe,0x3f1fccfe,0x3f1fd4ff,0x3f1fdcff,0x3f1fe4ff,0x3f1fecff,0x3f1ff500,0x3f1ffd00,
  0x3f200500,0x3f200d00,0x3f201501,0x3f201d01,0x3f202501,0x3f202d01,0x3f203502,0x3f203d02,
  0x3f204502,0x3f204d02,0x3f205503,0x3f205d03,0x3f206503,0x3f206d03,0x3f207504,0x3f207d04,
  0x3f208504,0x3f208d04,0x3f209505,0x3f209d05,0x3f20a505,0x3f20ad05,0x3f20b506,0x3f20bd06,
  0x3f20c506,0x3f20cd06,0x3f20d507,0x3f20dd07,0x3f20e507,0x3f20ed07,0x3f20f508,0x3f20fd08,
  0x3f210508,0x3f210d08,0x3f211509,0x3f211d09,0x3f212509,0x3f212d09,0x3f21350a,0x3f213d0a,
  0x3f21450a,0x3f214d0a,0x3f21550b,0x3f215d0b,0x3f21650b,0x3f216d0b,0x3f21750c,0x3f217d0c,
  0x3f21850c,0x3f218d0c,0x3f21950d,0x3f219d0d,0x3f21a50d,0x3f21ad0d,0x3f21b50e,0x3f21bd0e,
  0x3f21c50e,0x3f21cd0e,0x3f21d50f,0x3f21dd0f,0x3f21e50f,0x3f21ed0f,0x3f21f510,0x3f21fd10,
  0x3f220510,0x3f220d10,0x3f221511,0x3f221d11,0x3f222511,0x3f222d11,0x3f223512,0x3f223d12,
  0x3f224512,0x3f224d12,0x3f225513,0x3f225d13,0x3f226513,0x3f226d13,0x3f227514,0x3f227d14,
  0x3f228514,0x3f228d14,0x3f229515,0x3f229d15,0x3f22a515,0x3f22ad15,0x3f22b516,0x3f22bd16,
  0x3f22c516,0x3f22cd16,0x3f22d517,0x3f22dd17,0x3f22e517,0x3f22ed17,0x3f22f518,0x3f22fd18,
  0x3f230518,0x3f230d18,0x3f231519,0x3f231d19,0x3f232519,0x3f232d19,0x3f23351a,0x3f233d1a,
  0x3f23451a,0x3f234d1a,0x3f23551b,0x3f235d1b,0x3f23651b,0x3f236d1b,0x3f23751c,0x3f237d1c,
  0x3f23851c,0x3f238d1c,0x3f23951d,0x3f239d1d,0x3f23a51d,0x3f23ad1d,0x3f23b51e,0x3f23bd1e,
  0x3f23c51e,0x3f23cd1e,0x3f23d51f,0x3f23dd1f,0x3f23e51f,0x3f23ed1f,0x3f23f520,0x3f23fd20,
  0x3f240520,0x3f240d20,0x3f241521,0x3f241d21,0x3f242521,0x3f242d21,0x3f243522,0x3f243d22,
  0x3f244522,0x3f244d22,0x3f245523,0x3f245d23,0x3f246523,0x3f246d23,0x3f247524,0x3f247d24,
  0x3f248524,0x3f248d24,0x3f249525,0x3f249d25,0x3f24a525,0x3f24ad25,0x3f24b526,0x3f24bd26,
  0x3f24c526,0x3f24cd26,0x3f24d527,0x3f24dd27,0x3f24e527,0x3f24ed27,0x3f24f528,0x3f24fd28,
  0x3f250528,0x3f250d28,0x3f251529,0x3f251d29,0x3f252529,0x3f252d29,0x3f25352a,0x3f253d2a,
  0x3f25452a,0x3f254d2a,0x3f25552b,0x3f255d2b,0x3f25652b,0x3f256d2b,0x3f25752c,0x3f257d2c,
  0x3f25852c,0x3f258d2c,0x3f25952d,0x3f259d2d,0x3f25a52d,0x3f25ad2d,0x3f25b52e,0x3f25bd2e,
  0x3f25c52e,0x3f25cd2e,0x3f25d52f,0x3f25dd2f,0x3f25e52f,0x3f25ed2f,0x3f25f530,0x3f25fd30,
  0x3f260530,0x3f260d30,0x3f261531,0x3f261d31,0x3f262531,0x3f262d31,0x3f263532,0x3f263d32,
  0x3f264532,0x3f264d32,0x3f265533,0x3f265d33,0x3f266533,0x3f266d33,0x3f267534,0x3f267d34,
  0x3f268534,0x3f268d34,0x3f269535,0x3f269d35,0x3f26a535,0x3f26ad35,0x3f26b536,0x3f26bd36,
  0x3f26c536,0x3f26cd36,0x3f26d537,0x3f26dd37,0x3f26e537,0x3f26ed37,0x3f26f538,0x3f26fd38,
  0x3f270538,0x3f270d38,0x3f271539,0x3f271d39,0x3f272539,0x3f272d39,0x3f27353a,0x3f273d3a,
  0x3f27453a,0x3f274d3a,0x3f27553b,0x3f275d3b,0x3f27653b,0x3f276d3b,0x3f27753c,0x3f277d3c,
  0x3f27853c,0x3f278d3c,0x3f27953d,0x3f279d3d,0x3f27a53d,0x3f27ad3d,0x3f27b53e,0x3f27bd3e,
  0x3f27c53e,0x3f27cd3e,0x3f27d53f,0x3f27dd3f,0x3f27e53f,0x3f27ed3f,0x3f27f540,0x3f27fd40,
  0x3f280540,0x3f280d40,0x3f281541,0x3f281d41,0x3f282541,0x3f282d41,0x3f283542,0x3f283d42,
  0x3f284542,0x3f284d42,0x3f285543,0x3f285d43,0x3f286543,0x3f286d43,0x3f287544,0x3f287d44,
  0x3f288544,0x3f288d44,0x3f289545,0x3f289d45,0x3f28a545,0x3f28ad45,0x3f28b546,0x3f28bd46,
  0x3f28c546,0x3f28cd46,0x3f28d547,0x3f28dd47,0x3f28e547,0x3f28ed47,0x3f28f548,0x3f28fd48,
  0x3f290548,0x3f290d48,0x3f291549,0x3f291d49,0x3f292549,0x3f292d49,0x3f29354a,0x3f293d4a,
  0x3f29454a,0x3f294d4a,0x3f29554b,0x3f295d4b,0x3f29654b,0x3f296d4b,0x3f29754c,0x3f297d4c,
  0x3f29854c,0x3f298d4c,0x3f29954d,0x3f299d4d,0x3f29a54d,0x3f29ad4d,0x3f29b54e,0x3f29bd4e,
  0x3f29c54e,0x3f29cd4e,0x3f29d54f,0x3f29dd4f,0x3f29e54f,0x3f29ed4f,0x3f29f550,0x3f29fd50,
  0x3f2a0550,0x3f2a0d50,0x3f2a1551,0x3f2a1d51,0x3f2a2551,0x3f2a2d51,0x3f2a3552,0x3f2a3d52,
  0x3f2a4552,0x3f2a4d52,0x3f2a5553,0x3f2a5d53,0x3f2a6553,0x3f2a6d53,0x3f2a7554,0x3f2a7d54,
  0x3f2a8554,0x3f2a8d54,0x3f2a9555,0x3f2a9d55,0x3f2aa555,0x3f2aad55,0x3f2ab556,0x3f2abd56,
  0x3f2ac556,0x3f2acd56,0x3f2ad557,0x3f2add57,0x3f2ae557,0x3f2aed57,0x3f2af558,0x3f2afd58,
  0x3f2b0558,0x3f2b0d58,0x3f2b1559,0x3f2b1d59,0x3f2b2559,0x3f2b2d59,0x3f2b355a,0x3f2b3d5a,
  0x3f2b455a,0x3f2b4d5a,0x3f2b555b,0x3f2b5d5b,0x3f2b655b,0x3f2b6d5b,0x3f2b755c,0x3f2b7d5c,
  0x3f2b855c,0x3f2b8d5c,0x3f2b955d,0x3f2b9d5d,0x3f2ba55d,0x3f2bad5d,0x3f2bb55e,0x3f2bbd5e,
  0x3f2bc55e,0x3f2bcd5e,0x3f2bd55f,0x3f2bdd5f,0x3f2be55f,0x3f2bed5f,0x3f2bf560,0x3f2bfd60,
  0x3f2c0560,0x3f2c0d60,0x3f2c1561,0x3f2c1d61,0x3f2c2561,0x3f2c2d61,0x3f2c3562,0x3f2c3d62,
  0x3f2c4562,0x3f2c4d62,0x3f2c5563,0x3f2c5d63,0x3f2c6563,0x3f2c6d63,0x3f2c7564,0x3f2c7d64,
  0x3f2c8564,0x3f2c8d64,0x3f2c9565,0x3f2c9d65,0x3f2ca565,0x3f2cad65,0x3f2cb566,0x3f2cbd66,
  0x3f2cc566,0x3f2ccd66,0x3f2cd567,0x3f2cdd67,0x3f2ce567,0x3f2ced67,0x3f2cf568,0x3f2cfd68,
  0x3f2d0568,0x3f2d0d68,0x3f2d1569,0x3f2d1d69,0x3f2d2569,0x3f2d2d69,0x3f2d356a,0x3f2d3d6a,
  0x3f2d456a,0x3f2d4d6a,0x3f2d556b,0x3f2d5d6b,0x3f2d656b,0x3f2d6d6b,0x3f2d756c,0x3f2d7d6c,
  0x3f2d856c,0x3f2d8d6c,0x3f2d956d,0x3f2d9d6d,0x3f2da56d,0x3f2dad6d,0x3f2db56e,0x3f2dbd6e,
  0x3f2dc56e,0x3f2dcd6e,0x3f2dd56f,0x3f2ddd6f,0x3f2de56f,0x3f2ded6f,0x3f2df570,0x3f2dfd70,
  0x3f2e0570,0x3f2e0d70,0x3f2e1571,0x3f2e1d71,0x3f2e2571,0x3f2e2d71,0x3f2e3572,0x3f2e3d72,
  0x3f2e4572,0x3f2e4d72,0x3f2e5573,0x3f2e5d73,0x3f2e6573,0x3f2e6d73,0x3f2e7574,0x3f2e7d74,
  0x3f2e8574,0x3f2e8d74,0x3f2e9575,0x3f2e9d75,0x3f2ea575,0x3f2ead75,0x3f2eb576,0x3f2ebd76,
  0x3f2ec576,0x3f2ecd76,0x3f2ed577,0x3f2edd77,0x3f2ee577,0x3f2eed77,0x3f2ef578,0x3f2efd78,
  0x3f2f0578,0x3f2f0d78,0x3f2f1579,0x3f2f1d79,0x3f2f2579,0x3f2f2d79,0x3f2f357a,0x3f2f3d7a,
  0x3f2f457a,0x3f2f4d7a,0x3f2f557b,0x3f2f5d7b,0x3f2f657b,0x3f2f6d7b,0x3f2f757c,0x3f2f7d7c,
  0x3f2f857c,0x3f2f8d7c,0x3f2f957d,0x3f2f9d7d,0x3f2fa57d,0x3f2fad7d,0x3f2fb57e,0x3f2fbd7e,
  0x3f2fc57e,0x3f2fcd7e,0x3f2fd57f,0x3f2fdd7f,0x3f2fe57f,0x3f2fed7f,0x3f2ff580,0x3f2ffd80,
  0x3f300580,0x3f300d80,0x3f301581,0x3f301d81,0x3f302581,0x3f302d81,0x3f303582,0x3f303d82,
  0x3f304582,0x3f304d82,0x3f305583,0x3f305d83,0x3f306583,0x3f306d83,0x3f307584,0x3f307d84,
  0x3f308584,0x3f308d84,0x3f309585,0x3f309d85,0x3f30a585,0x3f30ad85,0x3f30b586,0x3f30bd86,
  0x3f30c586,0x3f30cd86,0x3f30d587,0x3f30dd87,0x3f30e587,0x3f30ed87,0x3f30f588,0x3f30fd88,
  0x3f310588,0x3f310d88,0x3f311589,0x3f311d89,0x3f312589,0x3f312d89,0x3f31358a,0x3f313d8a,
  0x3f31458a,0x3f314d8a,0x3f31558b,0x3f315d8b,0x3f31658b,0x3f316d8b,0x3f31758c,0x3f317d8c,
  0x3f31858c,0x3f318d8c,0x3f31958d,0x3f319d8d,0x3f31a58d,0x3f31ad8d,0x3f31b58e,0x3f31bd8e,
  0x3f31c58e,0x3f31cd8e,0x3f31d58f,0x3f31dd8f,0x3f31e58f,0x3f31ed8f,0x3f31f590,0x3f31fd90,
  0x3f320590,0x3f320d90,0x3f321591,0x3f321d91,0x3f322591,0x3f322d91,0x3f323592,0x3f323d92,
  0x3f324592,0x3f324d92,0x3f325593,0x3f325d93,0x3f326593,0x3f326d93,0x3f327594,0x3f327d94,
  0x3f328594,0x3f328d94,0x3f329595,0x3f329d95,0x3f32a595,0x3f32ad95,0x3f32b596,0x3f32bd96,
  0x3f32c596,0x3f32cd96,0x3f32d597,0x3f32dd97,0x3f32e597,0x3f32ed97,0x3f32f598,0x3f32fd98,
  0x3f330598,0x3f330d98,0x3f331599,0x3f331d99,0x3f332599,0x3f332d99,0x3f33359a,0x3f333d9a,
  0x3f33459a,0x3f334d9a,0x3f33559b,0x3f335d9b,0x3f33659b,0x3f336d9b,0x3f33759c,0x3f337d9c,
  0x3f33859c,0x3f338d9c,0x3f33959d,0x3f339d9d,0x3f33a59d,0x3f33ad9d,0x3f33b59e,0x3f33bd9e,
  0x3f33c59e,0x3f33cd9e,0x3f33d59f,0x3f33dd9f,0x3f33e59f,0x3f33ed9f,0x3f33f5a0,0x3f33fda0,
  0x3f3405a0,0x3f340da0,0x3f3415a1,0x3f341da1,0x3f3425a1,0x3f342da1,0x3f3435a2,0x3f343da2,
  0x3f3445a2,0x3f344da2,0x3f3455a3,0x3f345da3,0x3f3465a3,0x3f346da3,0x3f3475a4,0x3f347da4,
  0x3f3485a4,0x3f348da4,0x3f3495a5,0x3f349da5,0x3f34a5a5,0x3f34ada5,0x3f34b5a6,0x3f34bda6,
  0x3f34c5a6,0x3f34cda6,0x3f34d5a7,0x3f34dda7,0x3f34e5a7,0x3f34eda7,0x3f34f5a8,0x3f34fda8,
  0x3f3505a8,0x3f350da8,0x3f3515a9,0x3f351da9,0x3f3525a9,0x3f352da9,0x3f3535aa,0x3f353daa,
  0x3f3545aa,0x3f354daa,0x3f3555ab,0x3f355dab,0x3f3565ab,0x3f356dab,0x3f3575ac,0x3f357dac,
  0x3f3585ac,0x3f358dac,0x3f3595ad,0x3f359dad,0x3f35a5ad,0x3f35adad,0x3f35b5ae,0x3f35bdae,
  0x3f35c5ae,0x3f35cdae,0x3f35d5af,0x3f35ddaf,0x3f35e5af,0x3f35edaf,0x3f35f5b0,0x3f35fdb0,
  0x3f3605b0,0x3f360db0,0x3f3615b1,0x3f361db1,0x3f3625b1,0x3f362db1,0x3f3635b2,0x3f363db2,
  0x3f3645b2,0x3f364db2,0x3f3655b3,0x3f365db3,0x3f3665b3,0x3f366db3,0x3f3675b4,0x3f367db4,
  0x3f3685b4,0x3f368db4,0x3f3695b5,0x3f369db5,0x3f36a5b5,0x3f36adb5,0x3f36b5b6,0x3f36bdb6,
  0x3f36c5b6,0x3f36cdb6,0x3f36d5b7,0x3f36ddb7,0x3f36e5b7,0x3f36edb7,0x3f36f5b8,0x3f36fdb8,
  0x3f3705b8,0x3f370db8,0x3f3715b9,0x3f371db9,0x3f3725b9,0x3f372db9,0x3f3735ba,0x3f373dba,
  0x3f3745ba,0x3f374dba,0x3f3755bb,0x3f375dbb,0x3f3765bb,0x3f376dbb,0x3f3775bc,0x3f377dbc,
  0x3f3785bc,0x3f378dbc,0x3f3795bd,0x3f379dbd,0x3f37a5bd,0x3f37adbd,0x3f37b5be,0x3f37bdbe,
  0x3f37c5be,0x3f37cdbe,0x3f37d5bf,0x3f37ddbf,0x3f37e5bf,0x3f37edbf,0x3f37f5c0,0x3f37fdc0,
  0x3f3805c0,0x3f380dc0,0x3f3815c1,0x3f381dc1,0x3f3825c1,0x3f382dc1,0x3f3835c2,0x3f383dc2,
  0x3f3845c2,0x3f384dc2,0x3f3855c3,0x3f385dc3,0x3f3865c3,0x3f386dc3,0x3f3875c4,0x3f387dc4,
  0x3f3885c4,0x3f388dc4,0x3f3895c5,0x3f389dc5,0x3f38a5c5,0x3f38adc5,0x3f38b5c6,0x3f38bdc6,
  0x3f38c5c6,0x3f38cdc6,0x3f38d5c7,0x3f38ddc7,0x3f38e5c7,0x3f38edc7,0x3f38f5c8,0x3f38fdc8,
  0x3f3905c8,0x3f390dc8,0x3f3915c9,0x3f391dc9,0x3f3925c9,0x3f392dc9,0x3f3935ca,0x3f393dca,
  0x3f3945ca,0x3f394dca,0x3f3955cb,0x3f395dcb,0x3f3965cb,0x3f396dcb,0x3f3975cc,0x3f397dcc,
  0x3f3985cc,0x3f398dcc,0x3f3995cd,0x3f399dcd,0x3f39a5cd,0x3f39adcd,0x3f39b5ce,0x3f39bdce,
  0x3f39c5ce,0x3f39cdce,0x3f39d5cf,0x3f39ddcf,0x3f39e5cf,0x3f39edcf,0x3f39f5d0,0x3f39fdd0,
  0x3f3a05d0,0x3f3a0dd0,0x3f3a15d1,0x3f3a1dd1,0x3f3a25d1,0x3f3a2dd1,0x3f3a35d2,0x3f3a3dd2,
  0x3f3a45d2,0x3f3a4dd2,0x3f3a55d3,0x3f3a5dd3,0x3f3a65d3,0x3f3a6dd3,0x3f3a75d4,0x3f3a7dd4,
  0x3f3a85d4,0x3f3a8dd4,0x3f3a95d5,0x3f3a9dd5,0x3f3aa5d5,0x3f3aadd5,0x3f3ab5d6,0x3f3abdd6,
  0x3f3ac5d6,0x3f3acdd6,0x3f3ad5d7,0x3f3addd7,0x3f3ae5d7,0x3f3aedd7,0x3f3af5d8,0x3f3afdd8,
  0x3f3b05d8,0x3f3b0dd8,0x3f3b15d9,0x3f3b1dd9,0x3f3b25d9,0x3f3b2dd9,0x3f3b35da,0x3f3b3dda,
  0x3f3b45da,0x3f3b4dda,0x3f3b55db,0x3f3b5ddb,0x3f3b65db,0x3f3b6ddb,0x3f3b75dc,0x3f3b7ddc,
  0x3f3b85dc,0x3f3b8ddc,0x3f3b95dd,0x3f3b9ddd,0x3f3ba5dd,0x3f3baddd,0x3f3bb5de,0x3f3bbdde,
  0x3f3bc5de,0x3f3bcdde,0x3f3bd5df,0x3f3bdddf,0x3f3be5df,0x3f3beddf,0x3f3bf5e0,0x3f3bfde0,
  0x3f3c05e0,0x3f3c0de0,0x3f3c15e1,0x3f3c1de1,0x3f3c25e1,0x3f3c2de1,0x3f3c35e2,0x3f3c3de2,
  0x3f3c45e2,0x3f3c4de2,0x3f3c55e3,0x3f3c5de3,0x3f3c65e3,0x3f3c6de3,0x3f3c75e4,0x3f3c7de4,
  0x3f3c85e4,0x3f3c8de4,0x3f3c95e5,0x3f3c9de5,0x3f3ca5e5,0x3f3cade5,0x3f3cb5e6,0x3f3cbde6,
  0x3f3cc5e6,0x3f3ccde6,0x3f3cd5e7,0x3f3cdde7,0x3f3ce5e7,0x3f3cede7,0x3f3cf5e8,0x3f3cfde8,
  0x3f3d05e8,0x3f3d0de8,0x3f3d15e9,0x3f3d1de9,0x3f3d25e9,0x3f3d2de9,0x3f3d35ea,0x3f3d3dea,
  0x3f3d45ea,0x3f3d4dea,0x3f3d55eb,0x3f3d5deb,0x3f3d65eb,0x3f3d6deb,0x3f3d75ec,0x3f3d7dec,
  0x3f3d85ec,0x3f3d8dec,0x3f3d95ed,0x3f3d9ded,0x3f3da5ed,0x3f3daded,0x3f3db5ee,0x3f3dbdee,
  0x3f3dc5ee,0x3f3dcdee,0x3f3dd5ef,0x3f3dddef,0x3f3de5ef,0x3f3dedef,0x3f3df5f0,0x3f3dfdf0,
  0x3f3e05f0,0x3f3e0df0,0x3f3e15f1,0x3f3e1df1,0x3f3e25f1,0x3f3e2df1,0x3f3e35f2,0x3f3e3df2,
  0x3f3e45f2,0x3f3e4df2,0x3f3e55f3,0x3f3e5df3,0x3f3e65f3,0x3f3e6df3,0x3f3e75f4,0x3f3e7df4,
  0x3f3e85f4,0x3f3e8df4,0x3f3e95f5,0x3f3e9df5,0x3f3ea5f5,0x3f3eadf5,0x3f3eb5f6,0x3f3ebdf6,
  0x3f3ec5f6,0x3f3ecdf6,0x3f3ed5f7,0x3f3eddf7,0x3f3ee5f7,0x3f3eedf7,0x3f3ef5f8,0x3f3efdf8,
  0x3f3f05f8,0x3f3f0df8,0x3f3f15f9,0x3f3f1df9,0x3f3f25f9,0x3f3f2df9,0x3f3f35fa,0x3f3f3dfa,
  0x3f3f45fa,0x3f3f4dfa,0x3f3f55fb,0x3f3f5dfb,0x3f3f65fb,0x3f3f6dfb,0x3f3f75fc,0x3f3f7dfc,
  0x3f3f85fc,0x3f3f8dfc,0x3f3f95fd,0x3f3f9dfd,0x3f3fa5fd,0x3f3fadfd,0x3f3fb5fe,0x3f3fbdfe,
  0x3f3fc5fe,0x3f3fcdfe,0x3f3fd5ff,0x3f3fddff,0x3f3fe5ff,0x3f3fedff,0x3f3ff600,0x3f3ffe00,
  0x3f400600,0x3f400e00,0x3f401601,0x3f401e01,0x3f402601,0x3f402e01,0x3f403602,0x3f403e02,
  0x3f404602,0x3f404e02,0x3f405603,0x3f405e03,0x3f406603,0x3f406e03,0x3f407604,0x3f407e04,
  0x3f408604,0x3f408e04,0x3f409605,0x3f409e05,0x3f40a605,0x3f40ae05,0x3f40b606,0x3f40be06,
  0x3f40c606,0x3f40ce06,0x3f40d607,0x3f40de07,0x3f40e607,0x3f40ee07,0x3f40f608,0x3f40fe08,
  0x3f410608,0x3f410e08,0x3f411609,0x3f411e09,0x3f412609,0x3f412e09,0x3f41360a,0x3f413e0a,
  0x3f41460a,0x3f414e0a,0x3f41560b,0x3f415e0b,0x3f41660b,0x3f416e0b,0x3f41760c,0x3f417e0c,
  0x3f41860c,0x3f418e0c,0x3f41960d,0x3f419e0d,0x3f41a60d,0x3f41ae0d,0x3f41b60e,0x3f41be0e,
  0x3f41c60e,0x3f41ce0e,0x3f41d60f,0x3f41de0f,0x3f41e60f,0x3f41ee0f,0x3f41f610,0x3f41fe10,
  0x3f420610,0x3f420e10,0x3f421611,0x3f421e11,0x3f422611,0x3f422e11,0x3f423612,0x3f423e12,
  0x3f424612,0x3f424e12,0x3f425613,0x3f425e13,0x3f426613,0x3f426e13,0x3f427614,0x3f427e14,
  0x3f428614,0x3f428e14,0x3f429615,0x3f429e15,0x3f42a615,0x3f42ae15,0x3f42b616,0x3f42be16,
  0x3f42c616,0x3f42ce16,0x3f42d617,0x3f42de17,0x3f42e617,0x3f42ee17,0x3f42f618,0x3f42fe18,
  0x3f430618,0x3f430e18,0x3f431619,0x3f431e19,0x3f432619,0x3f432e19,0x3f43361a,0x3f433e1a,
  0x3f43461a,0x3f434e1a,0x3f43561b,0x3f435e1b,0x3f43661b,0x3f436e1b,0x3f43761c,0x3f437e1c,
  0x3f43861c,0x3f438e1c,0x3f43961d,0x3f439e1d,0x3f43a61d,0x3f43ae1d,0x3f43b61e,0x3f43be1e,
  0x3f43c61e,0x3f43ce1e,0x3f43d61f,0x3f43de1f,0x3f43e61f,0x3f43ee1f,0x3f43f620,0x3f43fe20,
  0x3f440620,0x3f440e20,0x3f441621,0x3f441e21,0x3f442621,0x3f442e21,0x3f443622,0x3f443e22,
  0x3f444622,0x3f444e22,0x3f445623,0x3f445e23,0x3f446623,0x3f446e23,0x3f447624,0x3f447e24,
  0x3f448624,0x3f448e24,0x3f449625,0x3f449e25,0x3f44a625,0x3f44ae25,0x3f44b626,0x3f44be26,
  0x3f44c626,0x3f44ce26,0x3f44d627,0x3f44de27,0x3f44e627,0x3f44ee27,0x3f44f628,0x3f44fe28,
  0x3f450628,0x3f450e28,0x3f451629,0x3f451e29,0x3f452629,0x3f452e29,0x3f45362a,0x3f453e2a,
  0x3f45462a,0x3f454e2a,0x3f45562b,0x3f455e2b,0x3f45662b,0x3f456e2b,0x3f45762c,0x3f457e2c,
  0x3f45862c,0x3f458e2c,0x3f45962d,0x3f459e2d,0x3f45a62d,0x3f45ae2d,0x3f45b62e,0x3f45be2e,
  0x3f45c62e,0x3f45ce2e,0x3f45d62f,0x3f45de2f,0x3f45e62f,0x3f45ee2f,0x3f45f630,0x3f45fe30,
  0x3f460630,0x3f460e30,0x3f461631,0x3f461e31,0x3f462631,0x3f462e31,0x3f463632,0x3f463e32,
  0x3f464632,0x3f464e32,0x3f465633,0x3f465e33,0x3f466633,0x3f466e33,0x3f467634,0x3f467e34,
  0x3f468634,0x3f468e34,0x3f469635,0x3f469e35,0x3f46a635,0x3f46ae35,0x3f46b636,0x3f46be36,
  0x3f46c636,0x3f46ce36,0x3f46d637,0x3f46de37,0x3f46e637,0x3f46ee37,0x3f46f638,0x3f46fe38,
  0x3f470638,0x3f470e38,0x3f471639,0x3f471e39,0x3f472639,0x3f472e39,0x3f47363a,0x3f473e3a,
  0x3f47463a,0x3f474e3a,0x3f47563b,0x3f475e3b,0x3f47663b,0x3f476e3b,0x3f47763c,0x3f477e3c,
  0x3f47863c,0x3f478e3c,0x3f47963d,0x3f479e3d,0x3f47a63d,0x3f47ae3d,0x3f47b63e,0x3f47be3e,
  0x3f47c63e,0x3f47ce3e,0x3f47d63f,0x3f47de3f,0x3f47e63f,0x3f47ee3f,0x3f47f640,0x3f47fe40,
  0x3f480640,0x3f480e40,0x3f481641,0x3f481e41,0x3f482641,0x3f482e41,0x3f483642,0x3f483e42,
  0x3f484642,0x3f484e42,0x3f485643,0x3f485e43,0x3f486643,0x3f486e43,0x3f487644,0x3f487e44,
  0x3f488644,0x3f488e44,0x3f489645,0x3f489e45,0x3f48a645,0x3f48ae45,0x3f48b646,0x3f48be46,
  0x3f48c646,0x3f48ce46,0x3f48d647,0x3f48de47,0x3f48e647,0x3f48ee47,0x3f48f648,0x3f48fe48,
  0x3f490648,0x3f490e48,0x3f491649,0x3f491e49,0x3f492649,0x3f492e49,0x3f49364a,0x3f493e4a,
  0x3f49464a,0x3f494e4a,0x3f49564b,0x3f495e4b,0x3f49664b,0x3f496e4b,0x3f49764c,0x3f497e4c,
  0x3f49864c,0x3f498e4c,0x3f49964d,0x3f499e4d,0x3f49a64d,0x3f49ae4d,0x3f49b64e,0x3f49be4e,
  0x3f49c64e,0x3f49ce4e,0x3f49d64f,0x3f49de4f,0x3f49e64f,0x3f49ee4f,0x3f49f650,0x3f49fe50,
  0x3f4a0650,0x3f4a0e50,0x3f4a1651,0x3f4a1e51,0x3f4a2651,0x3f4a2e51,0x3f4a3652,0x3f4a3e52,
  0x3f4a4652,0x3f4a4e52,0x3f4a5653,0x3f4a5e53,0x3f4a6653,0x3f4a6e53,0x3f4a7654,0x3f4a7e54,
  0x3f4a8654,0x3f4a8e54,0x3f4a9655,0x3f4a9e55,0x3f4aa655,0x3f4aae55,0x3f4ab656,0x3f4abe56,
  0x3f4ac656,0x3f4ace56,0x3f4ad657,0x3f4ade57,0x3f4ae657,0x3f4aee57,0x3f4af658,0x3f4afe58,
  0x3f4b0658,0x3f4b0e58,0x3f4b1659,0x3f4b1e59,0x3f4b2659,0x3f4b2e59,0x3f4b365a,0x3f4b3e5a,
  0x3f4b465a,0x3f4b4e5a,0x3f4b565b,0x3f4b5e5b,0x3f4b665b,0x3f4b6e5b,0x3f4b765c,0x3f4b7e5c,
  0x3f4b865c,0x3f4b8e5c,0x3f4b965d,0x3f4b9e5d,0x3f4ba65d,0x3f4bae5d,0x3f4bb65e,0x3f4bbe5e,
  0x3f4bc65e,0x3f4bce5e,0x3f4bd65f,0x3f4bde5f,0x3f4be65f,0x3f4bee5f,0x3f4bf660,0x3f4bfe60,
  0x3f4c0660,0x3f4c0e60,0x3f4c1661,0x3f4c1e61,0x3f4c2661,0x3f4c2e61,0x3f4c3662,0x3f4c3e62,
  0x3f4c4662,0x3f4c4e62,0x3f4c5663,0x3f4c5e63,0x3f4c6663,0x3f4c6e63,0x3f4c7664,0x3f4c7e64,
  0x3f4c8664,0x3f4c8e64,0x3f4c9665,0x3f4c9e65,0x3f4ca665,0x3f4cae65,0x3f4cb666,0x3f4cbe66,
  0x3f4cc666,0x3f4cce66,0x3f4cd667,0x3f4cde67,0x3f4ce667,0x3f4cee67,0x3f4cf668,0x3f4cfe68,
  0x3f4d0668,0x3f4d0e68,0x3f4d1669,0x3f4d1e69,0x3f4d2669,0x3f4d2e69,0x3f4d366a,0x3f4d3e6a,
  0x3f4d466a,0x3f4d4e6a,0x3f4d566b,0x3f4d5e6b,0x3f4d666b,0x3f4d6e6b,0x3f4d766c,0x3f4d7e6c,
  0x3f4d866c,0x3f4d8e6c,0x3f4d966d,0x3f4d9e6d,0x3f4da66d,0x3f4dae6d,0x3f4db66e,0x3f4dbe6e,
  0x3f4dc66e,0x3f4dce6e,0x3f4dd66f,0x3f4dde6f,0x3f4de66f,0x3f4dee6f,0x3f4df670,0x3f4dfe70,
  0x3f4e0670,0x3f4e0e70,0x3f4e1671,0x3f4e1e71,0x3f4e2671,0x3f4e2e71,0x3f4e3672,0x3f4e3e72,
  0x3f4e4672,0x3f4e4e72,0x3f4e5673,0x3f4e5e73,0x3f4e6673,0x3f4e6e73,0x3f4e7674,0x3f4e7e74,
  0x3f4e8674,0x3f4e8e74,0x3f4e9675,0x3f4e9e75,0x3f4ea675,0x3f4eae75,0x3f4eb676,0x3f4ebe76,
  0x3f4ec676,0x3f4ece76,0x3f4ed677,0x3f4ede77,0x3f4ee677,0x3f4eee77,0x3f4ef678,0x3f4efe78,
  0x3f4f0678,0x3f4f0e78,0x3f4f1679,0x3f4f1e79,0x3f4f2679,0x3f4f2e79,0x3f4f367a,0x3f4f3e7a,
  0x3f4f467a,0x3f4f4e7a,0x3f4f567b,0x3f4f5e7b,0x3f4f667b,0x3f4f6e7b,0x3f4f767c,0x3f4f7e7c,
  0x3f4f867c,0x3f4f8e7c,0x3f4f967d,0x3f4f9e7d,0x3f4fa67d,0x3f4fae7d,0x3f4fb67e,0x3f4fbe7e,
  0x3f4fc67e,0x3f4fce7e,0x3f4fd67f,0x3f4fde7f,0x3f4fe67f,0x3f4fee7f,0x3f4ff680,0x3f4ffe80,
  0x3f500680,0x3f500e80,0x3f501681,0x3f501e81,0x3f502681,0x3f502e81,0x3f503682,0x3f503e82,
  0x3f504682,0x3f504e82,0x3f505683,0x3f505e83,0x3f506683,0x3f506e83,0x3f507684,0x3f507e84,
  0x3f508684,0x3f508e84,0x3f509685,0x3f509e85,0x3f50a685,0x3f50ae85,0x3f50b686,0x3f50be86,
  0x3f50c686,0x3f50ce86,0x3f50d687,0x3f50de87,0x3f50e687,0x3f50ee87,0x3f50f688,0x3f50fe88,
  0x3f510688,0x3f510e88,0x3f511689,0x3f511e89,0x3f512689,0x3f512e89,0x3f51368a,0x3f513e8a,
  0x3f51468a,0x3f514e8a,0x3f51568b,0x3f515e8b,0x3f51668b,0x3f516e8b,0x3f51768c,0x3f517e8c,
  0x3f51868c,0x3f518e8c,0x3f51968d,0x3f519e8d,0x3f51a68d,0x3f51ae8d,0x3f51b68e,0x3f51be8e,
  0x3f51c68e,0x3f51ce8e,0x3f51d68f,0x3f51de8f,0x3f51e68f,0x3f51ee8f,0x3f51f690,0x3f51fe90,
  0x3f520690,0x3f520e90,0x3f521691,0x3f521e91,0x3f522691,0x3f522e91,0x3f523692,0x3f523e92,
  0x3f524692,0x3f524e92,0x3f525693,0x3f525e93,0x3f526693,0x3f526e93,0x3f527694,0x3f527e94,
  0x3f528694,0x3f528e94,0x3f529695,0x3f529e95,0x3f52a695,0x3f52ae95,0x3f52b696,0x3f52be96,
  0x3f52c696,0x3f52ce96,0x3f52d697,0x3f52de97,0x3f52e697,0x3f52ee97,0x3f52f698,0x3f52fe98,
  0x3f530698,0x3f530e98,0x3f531699,0x3f531e99,0x3f532699,0x3f532e99,0x3f53369a,0x3f533e9a,
  0x3f53469a,0x3f534e9a,0x3f53569b,0x3f535e9b,0x3f53669b,0x3f536e9b,0x3f53769c,0x3f537e9c,
  0x3f53869c,0x3f538e9c,0x3f53969d,0x3f539e9d,0x3f53a69d,0x3f53ae9d,0x3f53b69e,0x3f53be9e,
  0x3f53c69e,0x3f53ce9e,0x3f53d69f,0x3f53de9f,0x3f53e69f,0x3f53ee9f,0x3f53f6a0,0x3f53fea0,
  0x3f5406a0,0x3f540ea0,0x3f5416a1,0x3f541ea1,0x3f5426a1,0x3f542ea1,0x3f5436a2,0x3f543ea2,
  0x3f5446a2,0x3f544ea2,0x3f5456a3,0x3f545ea3,0x3f5466a3,0x3f546ea3,0x3f5476a4,0x3f547ea4,
  0x3f5486a4,0x3f548ea4,0x3f5496a5,0x3f549ea5,0x3f54a6a5,0x3f54aea5,0x3f54b6a6,0x3f54bea6,
  0x3f54c6a6,0x3f54cea6,0x3f54d6a7,0x3f54dea7,0x3f54e6a7,0x3f54eea7,0x3f54f6a8,0x3f54fea8,
  0x3f5506a8,0x3f550ea8,0x3f5516a9,0x3f551ea9,0x3f5526a9,0x3f552ea9,0x3f5536aa,0x3f553eaa,
  0x3f5546aa,0x3f554eaa,0x3f5556ab,0x3f555eab,0x3f5566ab,0x3f556eab,0x3f5576ac,0x3f557eac,
  0x3f5586ac,0x3f558eac,0x3f5596ad,0x3f559ead,0x3f55a6ad,0x3f55aead,0x3f55b6ae,0x3f55beae,
  0x3f55c6ae,0x3f55ceae,0x3f55d6af,0x3f55deaf,0x3f55e6af,0x3f55eeaf,0x3f55f6b0,0x3f55feb0,
  0x3f5606b0,0x3f560eb0,0x3f5616b1,0x3f561eb1,0x3f5626b1,0x3f562eb1,0x3f5636b2,0x3f563eb2,
  0x3f5646b2,0x3f564eb2,0x3f5656b3,0x3f565eb3,0x3f5666b3,0x3f566eb3,0x3f5676b4,0x3f567eb4,
  0x3f5686b4,0x3f568eb4,0x3f5696b5,0x3f569eb5,0x3f56a6b5,0x3f56aeb5,0x3f56b6b6,0x3f56beb6,
  0x3f56c6b6,0x3f56ceb6,0x3f56d6b7,0x3f56deb7,0x3f56e6b7,0x3f56eeb7,0x3f56f6b8,0x3f56feb8,
  0x3f5706b8,0x3f570eb8,0x3f5716b9,0x3f571eb9,0x3f5726b9,0x3f572eb9,0x3f5736ba,0x3f573eba,
  0x3f5746ba,0x3f574eba,0x3f5756bb,0x3f575ebb,0x3f5766bb,0x3f576ebb,0x3f5776bc,0x3f577ebc,
  0x3f5786bc,0x3f578ebc,0x3f5796bd,0x3f579ebd,0x3f57a6bd,0x3f57aebd,0x3f57b6be,0x3f57bebe,
  0x3f57c6be,0x3f57cebe,0x3f57d6bf,0x3f57debf,0x3f57e6bf,0x3f57eebf,0x3f57f6c0,0x3f57fec0,
  0x3f5806c0,0x3f580ec0,0x3f5816c1,0x3f581ec1,0x3f5826c1,0x3f582ec1,0x3f5836c2,0x3f583ec2,
  0x3f5846c2,0x3f584ec2,0x3f5856c3,0x3f585ec3,0x3f5866c3,0x3f586ec3,0x3f5876c4,0x3f587ec4,
  0x3f5886c4,0x3f588ec4,0x3f5896c5,0x3f589ec5,0x3f58a6c5,0x3f58aec5,0x3f58b6c6,0x3f58bec6,
  0x3f58c6c6,0x3f58cec6,0x3f58d6c7,0x3f58dec7,0x3f58e6c7,0x3f58eec7,0x3f58f6c8,0x3f58fec8,
  0x3f5906c8,0x3f590ec8,0x3f5916c9,0x3f591ec9,0x3f5926c9,0x3f592ec9,0x3f5936ca,0x3f593eca,
  0x3f5946ca,0x3f594eca,0x3f5956cb,0x3f595ecb,0x3f5966cb,0x3f596ecb,0x3f5976cc,0x3f597ecc,
  0x3f5986cc,0x3f598ecc,0x3f5996cd,0x3f599ecd,0x3f59a6cd,0x3f59aecd,0x3f59b6ce,0x3f59bece,
  0x3f59c6ce,0x3f59cece,0x3f59d6cf,0x3f59decf,0x3f59e6cf,0x3f59eecf,0x3f59f6d0,0x3f59fed0,
  0x3f5a06d0,0x3f5a0ed0,0x3f5a16d1,0x3f5a1ed1,0x3f5a26d1,0x3f5a2ed1,0x3f5a36d2,0x3f5a3ed2,
  0x3f5a46d2,0x3f5a4ed2,0x3f5a56d3,0x3f5a5ed3,0x3f5a66d3,0x3f5a6ed3,0x3f5a76d4,0x3f5a7ed4,
  0x3f5a86d4,0x3f5a8ed4,0x3f5a96d5,0x3f5a9ed5,0x3f5aa6d5,0x3f5aaed5,0x3f5ab6d6,0x3f5abed6,
  0x3f5ac6d6,0x3f5aced6,0x3f5ad6d7,0x3f5aded7,0x3f5ae6d7,0x3f5aeed7,0x3f5af6d8,0x3f5afed8,
  0x3f5b06d8,0x3f5b0ed8,0x3f5b16d9,0x3f5b1ed9,0x3f5b26d9,0x3f5b2ed9,0x3f5b36da,0x3f5b3eda,
  0x3f5b46da,0x3f5b4eda,0x3f5b56db,0x3f5b5edb,0x3f5b66db,0x3f5b6edb,0x3f5b76dc,0x3f5b7edc,
  0x3f5b86dc,0x3f5b8edc,0x3f5b96dd,0x3f5b9edd,0x3f5ba6dd,0x3f5baedd,0x3f5bb6de,0x3f5bbede,
  0x3f5bc6de,0x3f5bcede,0x3f5bd6df,0x3f5bdedf,0x3f5be6df,0x3f5beedf,0x3f5bf6e0,0x3f5bfee0,
  0x3f5c06e0,0x3f5c0ee0,0x3f5c16e1,0x3f5c1ee1,0x3f5c26e1,0x3f5c2ee1,0x3f5c36e2,0x3f5c3ee2,
  0x3f5c46e2,0x3f5c4ee2,0x3f5c56e3,0x3f5c5ee3,0x3f5c66e3,0x3f5c6ee3,0x3f5c76e4,0x3f5c7ee4,
  0x3f5c86e4,0x3f5c8ee4,0x3f5c96e5,0x3f5c9ee5,0x3f5ca6e5,0x3f5caee5,0x3f5cb6e6,0x3f5cbee6,
  0x3f5cc6e6,0x3f5ccee6,0x3f5cd6e7,0x3f5cdee7,0x3f5ce6e7,0x3f5ceee7,0x3f5cf6e8,0x3f5cfee8,
  0x3f5d06e8,0x3f5d0ee8,0x3f5d16e9,0x3f5d1ee9,0x3f5d26e9,0x3f5d2ee9,0x3f5d36ea,0x3f5d3eea,
  0x3f5d46ea,0x3f5d4eea,0x3f5d56eb,0x3f5d5eeb,0x3f5d66eb,0x3f5d6eeb,0x3f5d76ec,0x3f5d7eec,
  0x3f5d86ec,0x3f5d8eec,0x3f5d96ed,0x3f5d9eed,0x3f5da6ed,0x3f5daeed,0x3f5db6ee,0x3f5dbeee,
  0x3f5dc6ee,0x3f5dceee,0x3f5dd6ef,0x3f5ddeef,0x3f5de6ef,0x3f5deeef,0x3f5df6f0,0x3f5dfef0,
  0x3f5e06f0,0x3f5e0ef0,0x3f5e16f1,0x3f5e1ef1,0x3f5e26f1,0x3f5e2ef1,0x3f5e36f2,0x3f5e3ef2,
  0x3f5e46f2,0x3f5e4ef2,0x3f5e56f3,0x3f5e5ef3,0x3f5e66f3,0x3f5e6ef3,0x3f5e76f4,0x3f5e7ef4,
  0x3f5e86f4,0x3f5e8ef4,0x3f5e96f5,0x3f5e9ef5,0x3f5ea6f5,0x3f5eaef5,0x3f5eb6f6,0x3f5ebef6,
  0x3f5ec6f6,0x3f5ecef6,0x3f5ed6f7,0x3f5edef7,0x3f5ee6f7,0x3f5eeef7,0x3f5ef6f8,0x3f5efef8,
  0x3f5f06f8,0x3f5f0ef8,0x3f5f16f9,0x3f5f1ef9,0x3f5f26f9,0x3f5f2ef9,0x3f5f36fa,0x3f5f3efa,
  0x3f5f46fa,0x3f5f4efa,0x3f5f56fb,0x3f5f5efb,0x3f5f66fb,0x3f5f6efb,0x3f5f76fc,0x3f5f7efc,
  0x3f5f86fc,0x3f5f8efc,0x3f5f96fd,0x3f5f9efd,0x3f5fa6fd,0x3f5faefd,0x3f5fb6fe,0x3f5fbefe,
  0x3f5fc6fe,0x3f5fcefe,0x3f5fd6ff,0x3f5fdeff,0x3f5fe6ff,0x3f5feeff,0x3f5ff700,0x3f5fff00,
  0x3f600700,0x3f600f00,0x3f601701,0x3f601f01,0x3f602701,0x3f602f01,0x3f603702,0x3f603f02,
  0x3f604702,0x3f604f02,0x3f605703,0x3f605f03,0x3f606703,0x3f606f03,0x3f607704,0x3f607f04,
  0x3f608704,0x3f608f04,0x3f609705,0x3f609f05,0x3f60a705,0x3f60af05,0x3f60b706,0x3f60bf06,
  0x3f60c706,0x3f60cf06,0x3f60d707,0x3f60df07,0x3f60e707,0x3f60ef07,0x3f60f708,0x3f60ff08,
  0x3f610708,0x3f610f08,0x3f611709,0x3f611f09,0x3f612709,0x3f612f09,0x3f61370a,0x3f613f0a,
  0x3f61470a,0x3f614f0a,0x3f61570b,0x3f615f0b,0x3f61670b,0x3f616f0b,0x3f61770c,0x3f617f0c,
  0x3f61870c,0x3f618f0c,0x3f61970d,0x3f619f0d,0x3f61a70d,0x3f61af0d,0x3f61b70e,0x3f61bf0e,
  0x3f61c70e,0x3f61cf0e,0x3f61d70f,0x3f61df0f,0x3f61e70f,0x3f61ef0f,0x3f61f710,0x3f61ff10,
  0x3f620710,0x3f620f10,0x3f621711,0x3f621f11,0x3f622711,0x3f622f11,0x3f623712,0x3f623f12,
  0x3f624712,0x3f624f12,0x3f625713,0x3f625f13,0x3f626713,0x3f626f13,0x3f627714,0x3f627f14,
  0x3f628714,0x3f628f14,0x3f629715,0x3f629f15,0x3f62a715,0x3f62af15,0x3f62b716,0x3f62bf16,
  0x3f62c716,0x3f62cf16,0x3f62d717,0x3f62df17,0x3f62e717,0x3f62ef17,0x3f62f718,0x3f62ff18,
  0x3f630718,0x3f630f18,0x3f631719,0x3f631f19,0x3f632719,0x3f632f19,0x3f63371a,0x3f633f1a,
  0x3f63471a,0x3f634f1a,0x3f63571b,0x3f635f1b,0x3f63671b,0x3f636f1b,0x3f63771c,0x3f637f1c,
  0x3f63871c,0x3f638f1c,0x3f63971d,0x3f639f1d,0x3f63a71d,0x3f63af1d,0x3f63b71e,0x3f63bf1e,
  0x3f63c71e,0x3f63cf1e,0x3f63d71f,0x3f63df1f,0x3f63e71f,0x3f63ef1f,0x3f63f720,0x3f63ff20,
  0x3f640720,0x3f640f20,0x3f641721,0x3f641f21,0x3f642721,0x3f642f21,0x3f643722,0x3f643f22,
  0x3f644722,0x3f644f22,0x3f645723,0x3f645f23,0x3f646723,0x3f646f23,0x3f647724,0x3f647f24,
  0x3f648724,0x3f648f24,0x3f649725,0x3f649f25,0x3f64a725,0x3f64af25,0x3f64b726,0x3f64bf26,
  0x3f64c726,0x3f64cf26,0x3f64d727,0x3f64df27,0x3f64e727,0x3f64ef27,0x3f64f728,0x3f64ff28,
  0x3f650728,0x3f650f28,0x3f651729,0x3f651f29,0x3f652729,0x3f652f29,0x3f65372a,0x3f653f2a,
  0x3f65472a,0x3f654f2a,0x3f65572b,0x3f655f2b,0x3f65672b,0x3f656f2b,0x3f65772c,0x3f657f2c,
  0x3f65872c,0x3f658f2c,0x3f65972d,0x3f659f2d,0x3f65a72d,0x3f65af2d,0x3f65b72e,0x3f65bf2e,
  0x3f65c72e,0x3f65cf2e,0x3f65d72f,0x3f65df2f,0x3f65e72f,0x3f65ef2f,0x3f65f730,0x3f65ff30,
  0x3f660730,0x3f660f30,0x3f661731,0x3f661f31,0x3f662731,0x3f662f31,0x3f663732,0x3f663f32,
  0x3f664732,0x3f664f32,0x3f665733,0x3f665f33,0x3f666733,0x3f666f33,0x3f667734,0x3f667f34,
  0x3f668734,0x3f668f34,0x3f669735,0x3f669f35,0x3f66a735,0x3f66af35,0x3f66b736,0x3f66bf36,
  0x3f66c736,0x3f66cf36,0x3f66d737,0x3f66df37,0x3f66e737,0x3f66ef37,0x3f66f738,0x3f66ff38,
  0x3f670738,0x3f670f38,0x3f671739,0x3f671f39,0x3f672739,0x3f672f39,0x3f67373a,0x3f673f3a,
  0x3f67473a,0x3f674f3a,0x3f67573b,0x3f675f3b,0x3f67673b,0x3f676f3b,0x3f67773c,0x3f677f3c,
  0x3f67873c,0x3f678f3c,0x3f67973d,0x3f679f3d,0x3f67a73d,0x3f67af3d,0x3f67b73e,0x3f67bf3e,
  0x3f67c73e,0x3f67cf3e,0x3f67d73f,0x3f67df3f,0x3f67e73f,0x3f67ef3f,0x3f67f740,0x3f67ff40,
  0x3f680740,0x3f680f40,0x3f681741,0x3f681f41,0x3f682741,0x3f682f41,0x3f683742,0x3f683f42,
  0x3f684742,0x3f684f42,0x3f685743,0x3f685f43,0x3f686743,0x3f686f43,0x3f687744,0x3f687f44,
  0x3f688744,0x3f688f44,0x3f689745,0x3f689f45,0x3f68a745,0x3f68af45,0x3f68b746,0x3f68bf46,
  0x3f68c746,0x3f68cf46,0x3f68d747,0x3f68df47,0x3f68e747,0x3f68ef47,0x3f68f748,0x3f68ff48,
  0x3f690748,0x3f690f48,0x3f691749,0x3f691f49,0x3f692749,0x3f692f49,0x3f69374a,0x3f693f4a,
  0x3f69474a,0x3f694f4a,0x3f69574b,0x3f695f4b,0x3f69674b,0x3f696f4b,0x3f69774c,0x3f697f4c,
  0x3f69874c,0x3f698f4c,0x3f69974d,0x3f699f4d,0x3f69a74d,0x3f69af4d,0x3f69b74e,0x3f69bf4e,
  0x3f69c74e,0x3f69cf4e,0x3f69d74f,0x3f69df4f,0x3f69e74f,0x3f69ef4f,0x3f69f750,0x3f69ff50,
  0x3f6a0750,0x3f6a0f50,0x3f6a1751,0x3f6a1f51,0x3f6a2751,0x3f6a2f51,0x3f6a3752,0x3f6a3f52,
  0x3f6a4752,0x3f6a4f52,0x3f6a5753,0x3f6a5f53,0x3f6a6753,0x3f6a6f53,0x3f6a7754,0x3f6a7f54,
  0x3f6a8754,0x3f6a8f54,0x3f6a9755,0x3f6a9f55,0x3f6aa755,0x3f6aaf55,0x3f6ab756,0x3f6abf56,
  0x3f6ac756,0x3f6acf56,0x3f6ad757,0x3f6adf57,0x3f6ae757,0x3f6aef57,0x3f6af758,0x3f6aff58,
  0x3f6b0758,0x3f6b0f58,0x3f6b1759,0x3f6b1f59,0x3f6b2759,0x3f6b2f59,0x3f6b375a,0x3f6b3f5a,
  0x3f6b475a,0x3f6b4f5a,0x3f6b575b,0x3f6b5f5b,0x3f6b675b,0x3f6b6f5b,0x3f6b775c,0x3f6b7f5c,
  0x3f6b875c,0x3f6b8f5c,0x3f6b975d,0x3f6b9f5d,0x3f6ba75d,0x3f6baf5d,0x3f6bb75e,0x3f6bbf5e,
  0x3f6bc75e,0x3f6bcf5e,0x3f6bd75f,0x3f6bdf5f,0x3f6be75f,0x3f6bef5f,0x3f6bf760,0x3f6bff60,
  0x3f6c0760,0x3f6c0f60,0x3f6c1761,0x3f6c1f61,0x3f6c2761,0x3f6c2f61,0x3f6c3762,0x3f6c3f62,
  0x3f6c4762,0x3f6c4f62,0x3f6c5763,0x3f6c5f63,0x3f6c6763,0x3f6c6f63,0x3f6c7764,0x3f6c7f64,
  0x3f6c8764,0x3f6c8f64,0x3f6c9765,0x3f6c9f65,0x3f6ca765,0x3f6caf65,0x3f6cb766,0x3f6cbf66,
  0x3f6cc766,0x3f6ccf66,0x3f6cd767,0x3f6cdf67,0x3f6ce767,0x3f6cef67,0x3f6cf768,0x3f6cff68,
  0x3f6d0768,0x3f6d0f68,0x3f6d1769,0x3f6d1f69,0x3f6d2769,0x3f6d2f69,0x3f6d376a,0x3f6d3f6a,
  0x3f6d476a,0x3f6d4f6a,0x3f6d576b,0x3f6d5f6b,0x3f6d676b,0x3f6d6f6b,0x3f6d776c,0x3f6d7f6c,
  0x3f6d876c,0x3f6d8f6c,0x3f6d976d,0x3f6d9f6d,0x3f6da76d,0x3f6daf6d,0x3f6db76e,0x3f6dbf6e,
  0x3f6dc76e,0x3f6dcf6e,0x3f6dd76f,0x3f6ddf6f,0x3f6de76f,0x3f6def6f,0x3f6df770,0x3f6dff70,
  0x3f6e0770,0x3f6e0f70,0x3f6e1771,0x3f6e1f71,0x3f6e2771,0x3f6e2f71,0x3f6e3772,0x3f6e3f72,
  0x3f6e4772,0x3f6e4f72,0x3f6e5773,0x3f6e5f73,0x3f6e6773,0x3f6e6f73,0x3f6e7774,0x3f6e7f74,
  0x3f6e8774,0x3f6e8f74,0x3f6e9775,0x3f6e9f75,0x3f6ea775,0x3f6eaf75,0x3f6eb776,0x3f6ebf76,
  0x3f6ec776,0x3f6ecf76,0x3f6ed777,0x3f6edf77,0x3f6ee777,0x3f6eef77,0x3f6ef778,0x3f6eff78,
  0x3f6f0778,0x3f6f0f78,0x3f6f1779,0x3f6f1f79,0x3f6f2779,0x3f6f2f79,0x3f6f377a,0x3f6f3f7a,
  0x3f6f477a,0x3f6f4f7a,0x3f6f577b,0x3f6f5f7b,0x3f6f677b,0x3f6f6f7b,0x3f6f777c,0x3f6f7f7c,
  0x3f6f877c,0x3f6f8f7c,0x3f6f977d,0x3f6f9f7d,0x3f6fa77d,0x3f6faf7d,0x3f6fb77e,0x3f6fbf7e,
  0x3f6fc77e,0x3f6fcf7e,0x3f6fd77f,0x3f6fdf7f,0x3f6fe77f,0x3f6fef7f,0x3f6ff780,0x3f6fff80,
  0x3f700780,0x3f700f80,0x3f701781,0x3f701f81,0x3f702781,0x3f702f81,0x3f703782,0x3f703f82,
  0x3f704782,0x3f704f82,0x3f705783,0x3f705f83,0x3f706783,0x3f706f83,0x3f707784,0x3f707f84,
  0x3f708784,0x3f708f84,0x3f709785,0x3f709f85,0x3f70a785,0x3f70af85,0x3f70b786,0x3f70bf86,
  0x3f70c786,0x3f70cf86,0x3f70d787,0x3f70df87,0x3f70e787,0x3f70ef87,0x3f70f788,0x3f70ff88,
  0x3f710788,0x3f710f88,0x3f711789,0x3f711f89,0x3f712789,0x3f712f89,0x3f71378a,0x3f713f8a,
  0x3f71478a,0x3f714f8a,0x3f71578b,0x3f715f8b,0x3f71678b,0x3f716f8b,0x3f71778c,0x3f717f8c,
  0x3f71878c,0x3f718f8c,0x3f71978d,0x3f719f8d,0x3f71a78d,0x3f71af8d,0x3f71b78e,0x3f71bf8e,
  0x3f71c78e,0x3f71cf8e,0x3f71d78f,0x3f71df8f,0x3f71e78f,0x3f71ef8f,0x3f71f790,0x3f71ff90,
  0x3f720790,0x3f720f90,0x3f721791,0x3f721f91,0x3f722791,0x3f722f91,0x3f723792,0x3f723f92,
  0x3f724792,0x3f724f92,0x3f725793,0x3f725f93,0x3f726793,0x3f726f93,0x3f727794,0x3f727f94,
  0x3f728794,0x3f728f94,0x3f729795,0x3f729f95,0x3f72a795,0x3f72af95,0x3f72b796,0x3f72bf96,
  0x3f72c796,0x3f72cf96,0x3f72d797,0x3f72df97,0x3f72e797,0x3f72ef97,0x3f72f798,0x3f72ff98,
  0x3f730798,0x3f730f98,0x3f731799,0x3f731f99,0x3f732799,0x3f732f99,0x3f73379a,0x3f733f9a,
  0x3f73479a,0x3f734f9a,0x3f73579b,0x3f735f9b,0x3f73679b,0x3f736f9b,0x3f73779c,0x3f737f9c,
  0x3f73879c,0x3f738f9c,0x3f73979d,0x3f739f9d,0x3f73a79d,0x3f73af9d,0x3f73b79e,0x3f73bf9e,
  0x3f73c79e,0x3f73cf9e,0x3f73d79f,0x3f73df9f,0x3f73e79f,0x3f73ef9f,0x3f73f7a0,0x3f73ffa0,
  0x3f7407a0,0x3f740fa0,0x3f7417a1,0x3f741fa1,0x3f7427a1,0x3f742fa1,0x3f7437a2,0x3f743fa2,
  0x3f7447a2,0x3f744fa2,0x3f7457a3,0x3f745fa3,0x3f7467a3,0x3f746fa3,0x3f7477a4,0x3f747fa4,
  0x3f7487a4,0x3f748fa4,0x3f7497a5,0x3f749fa5,0x3f74a7a5,0x3f74afa5,0x3f74b7a6,0x3f74bfa6,
  0x3f74c7a6,0x3f74cfa6,0x3f74d7a7,0x3f74dfa7,0x3f74e7a7,0x3f74efa7,0x3f74f7a8,0x3f74ffa8,
  0x3f7507a8,0x3f750fa8,0x3f7517a9,0x3f751fa9,0x3f7527a9,0x3f752fa9,0x3f7537aa,0x3f753faa,
  0x3f7547aa,0x3f754faa,0x3f7557ab,0x3f755fab,0x3f7567ab,0x3f756fab,0x3f7577ac,0x3f757fac,
  0x3f7587ac,0x3f758fac,0x3f7597ad,0x3f759fad,0x3f75a7ad,0x3f75afad,0x3f75b7ae,0x3f75bfae,
  0x3f75c7ae,0x3f75cfae,0x3f75d7af,0x3f75dfaf,0x3f75e7af,0x3f75efaf,0x3f75f7b0,0x3f75ffb0,
  0x3f7607b0,0x3f760fb0,0x3f7617b1,0x3f761fb1,0x3f7627b1,0x3f762fb1,0x3f7637b2,0x3f763fb2,
  0x3f7647b2,0x3f764fb2,0x3f7657b3,0x3f765fb3,0x3f7667b3,0x3f766fb3,0x3f7677b4,0x3f767fb4,
  0x3f7687b4,0x3f768fb4,0x3f7697b5,0x3f769fb5,0x3f76a7b5,0x3f76afb5,0x3f76b7b6,0x3f76bfb6,
  0x3f76c7b6,0x3f76cfb6,0x3f76d7b7,0x3f76dfb7,0x3f76e7b7,0x3f76efb7,0x3f76f7b8,0x3f76ffb8,
  0x3f7707b8,0x3f770fb8,0x3f7717b9,0x3f771fb9,0x3f7727b9,0x3f772fb9,0x3f7737ba,0x3f773fba,
  0x3f7747ba,0x3f774fba,0x3f7757bb,0x3f775fbb,0x3f7767bb,0x3f776fbb,0x3f7777bc,0x3f777fbc,
  0x3f7787bc,0x3f778fbc,0x3f7797bd,0x3f779fbd,0x3f77a7bd,0x3f77afbd,0x3f77b7be,0x3f77bfbe,
  0x3f77c7be,0x3f77cfbe,0x3f77d7bf,0x3f77dfbf,0x3f77e7bf,0x3f77efbf,0x3f77f7c0,0x3f77ffc0,
  0x3f7807c0,0x3f780fc0,0x3f7817c1,0x3f781fc1,0x3f7827c1,0x3f782fc1,0x3f7837c2,0x3f783fc2,
  0x3f7847c2,0x3f784fc2,0x3f7857c3,0x3f785fc3,0x3f7867c3,0x3f786fc3,0x3f7877c4,0x3f787fc4,
  0x3f7887c4,0x3f788fc4,0x3f7897c5,0x3f789fc5,0x3f78a7c5,0x3f78afc5,0x3f78b7c6,0x3f78bfc6,
  0x3f78c7c6,0x3f78cfc6,0x3f78d7c7,0x3f78dfc7,0x3f78e7c7,0x3f78efc7,0x3f78f7c8,0x3f78ffc8,
  0x3f7907c8,0x3f790fc8,0x3f7917c9,0x3f791fc9,0x3f7927c9,0x3f792fc9,0x3f7937ca,0x3f793fca,
  0x3f7947ca,0x3f794fca,0x3f7957cb,0x3f795fcb,0x3f7967cb,0x3f796fcb,0x3f7977cc,0x3f797fcc,
  0x3f7987cc,0x3f798fcc,0x3f7997cd,0x3f799fcd,0x3f79a7cd,0x3f79afcd,0x3f79b7ce,0x3f79bfce,
  0x3f79c7ce,0x3f79cfce,0x3f79d7cf,0x3f79dfcf,0x3f79e7cf,0x3f79efcf,0x3f79f7d0,0x3f79ffd0,
  0x3f7a07d0,0x3f7a0fd0,0x3f7a17d1,0x3f7a1fd1,0x3f7a27d1,0x3f7a2fd1,0x3f7a37d2,0x3f7a3fd2,
  0x3f7a47d2,0x3f7a4fd2,0x3f7a57d3,0x3f7a5fd3,0x3f7a67d3,0x3f7a6fd3,0x3f7a77d4,0x3f7a7fd4,
  0x3f7a87d4,0x3f7a8fd4,0x3f7a97d5,0x3f7a9fd5,0x3f7aa7d5,0x3f7aafd5,0x3f7ab7d6,0x3f7abfd6,
  0x3f7ac7d6,0x3f7acfd6,0x3f7ad7d7,0x3f7adfd7,0x3f7ae7d7,0x3f7aefd7,0x3f7af7d8,0x3f7affd8,
  0x3f7b07d8,0x3f7b0fd8,0x3f7b17d9,0x3f7b1fd9,0x3f7b27d9,0x3f7b2fd9,0x3f7b37da,0x3f7b3fda,
  0x3f7b47da,0x3f7b4fda,0x3f7b57db,0x3f7b5fdb,0x3f7b67db,0x3f7b6fdb,0x3f7b77dc,0x3f7b7fdc,
  0x3f7b87dc,0x3f7b8fdc,0x3f7b97dd,0x3f7b9fdd,0x3f7ba7dd,0x3f7bafdd,0x3f7bb7de,0x3f7bbfde,
  0x3f7bc7de,0x3f7bcfde,0x3f7bd7df,0x3f7bdfdf,0x3f7be7df,0x3f7befdf,0x3f7bf7e0,0x3f7bffe0,
  0x3f7c07e0,0x3f7c0fe0,0x3f7c17e1,0x3f7c1fe1,0x3f7c27e1,0x3f7c2fe1,0x3f7c37e2,0x3f7c3fe2,
  0x3f7c47e2,0x3f7c4fe2,0x3f7c57e3,0x3f7c5fe3,0x3f7c67e3,0x3f7c6fe3,0x3f7c77e4,0x3f7c7fe4,
  0x3f7c87e4,0x3f7c8fe4,0x3f7c97e5,0x3f7c9fe5,0x3f7ca7e5,0x3f7cafe5,0x3f7cb7e6,0x3f7cbfe6,
  0x3f7cc7e6,0x3f7ccfe6,0x3f7cd7e7,0x3f7cdfe7,0x3f7ce7e7,0x3f7cefe7,0x3f7cf7e8,0x3f7cffe8,
  0x3f7d07e8,0x3f7d0fe8,0x3f7d17e9,0x3f7d1fe9,0x3f7d27e9,0x3f7d2fe9,0x3f7d37ea,0x3f7d3fea,
  0x3f7d47ea,0x3f7d4fea,0x3f7d57eb,0x3f7d5feb,0x3f7d67eb,0x3f7d6feb,0x3f7d77ec,0x3f7d7fec,
  0x3f7d87ec,0x3f7d8fec,0x3f7d97ed,0x3f7d9fed,0x3f7da7ed,0x3f7dafed,0x3f7db7ee,0x3f7dbfee,
  0x3f7dc7ee,0x3f7dcfee,0x3f7dd7ef,0x3f7ddfef,0x3f7de7ef,0x3f7defef,0x3f7df7f0,0x3f7dfff0,
  0x3f7e07f0,0x3f7e0ff0,0x3f7e17f1,0x3f7e1ff1,0x3f7e27f1,0x3f7e2ff1,0x3f7e37f2,0x3f7e3ff2,
  0x3f7e47f2,0x3f7e4ff2,0x3f7e57f3,0x3f7e5ff3,0x3f7e67f3,0x3f7e6ff3,0x3f7e77f4,0x3f7e7ff4,
  0x3f7e87f4,0x3f7e8ff4,0x3f7e97f5,0x3f7e9ff5,0x3f7ea7f5,0x3f7eaff5,0x3f7eb7f6,0x3f7ebff6,
  0x3f7ec7f6,0x3f7ecff6,0x3f7ed7f7,0x3f7edff7,0x3f7ee7f7,0x3f7eeff7,0x3f7ef7f8,0x3f7efff8,
  0x3f7f07f8,0x3f7f0ff8,0x3f7f17f9,0x3f7f1ff9,0x3f7f27f9,0x3f7f2ff9,0x3f7f37fa,0x3f7f3ffa,
  0x3f7f47fa,0x3f7f4ffa,0x3f7f57fb,0x3f7f5ffb,0x3f7f67fb,0x3f7f6ffb,0x3f7f77fc,0x3f7f7ffc,
  0x3f7f87fc,0x3f7f8ffc,0x3f7f97fd,0x3f7f9ffd,0x3f7fa7fd,0x3f7faffd,0x3f7fb7fe,0x3f7fbffe,
  0x3f7fc7fe,0x3f7fcffe,0x3f7fd7ff,0x3f7fdfff,0x3f7fe7ff,0x3f7fefff,0x3f7ff800,0x3f800000,
};
static const uint32_t JUNO_LUT27[201] = {
  0xbdaaaaab,0xbda8f5c3,0xbda740da,0xbda58bf2,0xbda3d70a,0xbda22222,0xbda06d3a,0xbd9eb852,
  0xbd9d036a,0xbd9b4e82,0xbd99999a,0xbd97e4b1,0xbd962fc9,0xbd947ae1,0xbd92c5f9,0xbd911111,
  0xbd8f5c29,0xbd8da741,0xbd8bf259,0xbd8a3d71,0xbd888889,0xbd86d3a0,0xbd851eb8,0xbd8369d0,
  0xbd81b4e8,0xbd800000,0xbd7c9630,0xbd792c60,0xbd75c28f,0xbd7258bf,0xbd6eeeef,0xbd6b851f,
  0xbd681b4f,0xbd64b17e,0xbd6147ae,0xbd5dddde,0xbd5a740e,0xbd570a3d,0xbd53a06d,0xbd50369d,
  0xbd4ccccd,0xbd4962fd,0xbd45f92c,0xbd428f5c,0xbd3f258c,0xbd3bbbbc,0xbd3851ec,0xbd34e81b,
  0xbd317e4b,0xbd2e147b,0xbd2aaaab,0xbd2740da,0xbd23d70a,0xbd206d3a,0xbd1d036a,0xbd19999a,
  0xbd162fc9,0xbd12c5f9,0xbd0f5c29,0xbd0bf259,0xbd088889,0xbd051eb8,0xbd01b4e8,0xbcfc9630,
  0xbcf5c28f,0xbceeeeef,0xbce81b4f,0xbce147ae,0xbcda740e,0xbcd3a06d,0xbccccccd,0xbcc5f92c,
  0xbcbf258c,0xbcb851ec,0xbcb17e4b,0xbcaaaaab,0xbca3d70a,0xbc9d036a,0xbc962fc9,0xbc8f5c29,
  0xbc888889,0xbc81b4e8,0xbc75c28f,0xbc681b4f,0xbc5a740e,0xbc4ccccd,0xbc3f258c,0xbc317e4b,
  0xbc23d70a,0xbc162fc9,0xbc088889,0xbbf5c28f,0xbbda740e,0xbbbf258c,0xbba3d70a,0xbb888889,
  0xbb5a740e,0xbb23d70a,0xbada740e,0xba5a740e,0x00000000,0x3a5a740e,0x3ada740e,0x3b23d70a,
  0x3b5a740e,0x3b888889,0x3ba3d70a,0x3bbf258c,0x3bda740e,0x3bf5c28f,0x3c088889,0x3c162fc9,
  0x3c23d70a,0x3c317e4b,0x3c3f258c,0x3c4ccccd,0x3c5a740e,0x3c681b4f,0x3c75c28f,0x3c81b4e8,
  0x3c888889,0x3c8f5c29,0x3c962fc9,0x3c9d036a,0x3ca3d70a,0x3caaaaab,0x3cb17e4b,0x3cb851ec,
  0x3cbf258c,0x3cc5f92c,0x3ccccccd,0x3cd3a06d,0x3cda740e,0x3ce147ae,0x3ce81b4f,0x3ceeeeef,
  0x3cf5c28f,0x3cfc9630,0x3d01b4e8,0x3d051eb8,0x3d088889,0x3d0bf259,0x3d0f5c29,0x3d12c5f9,
  0x3d162fc9,0x3d19999a,0x3d1d036a,0x3d206d3a,0x3d23d70a,0x3d2740da,0x3d2aaaab,0x3d2e147b,
  0x3d317e4b,0x3d34e81b,0x3d3851ec,0x3d3bbbbc,0x3d3f258c,0x3d428f5c,0x3d45f92c,0x3d4962fd,
  0x3d4ccccd,0x3d50369d,0x3d53a06d,0x3d570a3d,0x3d5a740e,0x3d5dddde,0x3d6147ae,0x3d64b17e,
  0x3d681b4f,0x3d6b851f,0x3d6eeeef,0x3d7258bf,0x3d75c28f,0x3d792c60,0x3d7c9630,0x3d800000,
  0x3d81b4e8,0x3d8369d0,0x3d851eb8,0x3d86d3a0,0x3d888889,0x3d8a3d71,0x3d8bf259,0x3d8da741,
  0x3d8f5c29,0x3d911111,0x3d92c5f9,0x3d947ae1,0x3d962fc9,0x3d97e4b1,0x3d99999a,0x3d9b4e82,
  0x3d9d036a,0x3d9eb852,0x3da06d3a,0x3da22222,0x3da3d70a,0x3da58bf2,0x3da740da,0x3da8f5c3,
  0x3daaaaab
};
static const uint32_t JUNO_LUT28[256] = {
  0xbdaaaaab,0xbda952a5,0xbda7faa0,0xbda6a29b,0xbda54a95,0xbda3f290,0xbda29a8a,0xbda14285,
  0xbd9fea80,0xbd9e927a,0xbd9d3a75,0xbd9be270,0xbd9a8a6a,0xbd993265,0xbd97da5f,0xbd96825a,
  0xbd952a55,0xbd93d24f,0xbd927a4a,0xbd912245,0xbd8fca3f,0xbd8e723a,0xbd8d1a34,0xbd8bc22f,
  0xbd8a6a2a,0xbd891224,0xbd87ba1f,0xbd86621a,0xbd850a14,0xbd83b20f,0xbd825a09,0xbd810204,
  0xbd7f53fd,0xbd7ca3f3,0xbd79f3e8,0xbd7743dd,0xbd7493d2,0xbd71e3c8,0xbd6f33bd,0xbd6c83b2,
  0xbd69d3a7,0xbd67239d,0xbd647392,0xbd61c387,0xbd5f137c,0xbd5c6372,0xbd59b367,0xbd57035c,
  0xbd545351,0xbd51a347,0xbd4ef33c,0xbd4c4331,0xbd499326,0xbd46e31c,0xbd443311,0xbd418306,
  0xbd3ed2fb,0xbd3c22f1,0xbd3972e6,0xbd36c2db,0xbd3412d0,0xbd3162c6,0xbd2eb2bb,0xbd2c02b0,
  0xbd2952a5,0xbd26a29b,0xbd23f290,0xbd214285,0xbd1e927a,0xbd1be270,0xbd193265,0xbd16825a,
  0xbd13d24f,0xbd112245,0xbd0e723a,0xbd0bc22f,0xbd091224,0xbd06621a,0xbd03b20f,0xbd010204,
  0xbcfca3f3,0xbcf743dd,0xbcf1e3c8,0xbcec83b2,0xbce7239d,0xbce1c387,0xbcdc6372,0xbcd7035c,
  0xbcd1a347,0xbccc4331,0xbcc6e31c,0xbcc18306,0xbcbc22f1,0xbcb6c2db,0xbcb162c6,0xbcac02b0,
  0xbca6a29b,0xbca14285,0xbc9be270,0xbc96825a,0xbc912245,0xbc8bc22f,0xbc86621a,0xbc810204,
  0xbc7743dd,0xbc6c83b2,0xbc61c387,0xbc57035c,0xbc4c4331,0xbc418306,0xbc36c2db,0xbc2c02b0,
  0xbc214285,0xbc16825a,0xbc0bc22f,0xbc010204,0xbbec83b2,0xbbd7035c,0xbbc18306,0xbbac02b0,
  0xbb96825a,0xbb810204,0xbb57035c,0xbb2c02b0,0xbb010204,0xbaac02b0,0xba2c02b0,0x00000000,
  0x00000000,0x3a2c02b0,0x3aac02b0,0x3b010204,0x3b2c02b0,0x3b57035c,0x3b810204,0x3b96825a,
  0x3bac02b0,0x3bc18306,0x3bd7035c,0x3bec83b2,0x3c010204,0x3c0bc22f,0x3c16825a,0x3c214285,
  0x3c2c02b0,0x3c36c2db,0x3c418306,0x3c4c4331,0x3c57035c,0x3c61c387,0x3c6c83b2,0x3c7743dd,
  0x3c810204,0x3c86621a,0x3c8bc22f,0x3c912245,0x3c96825a,0x3c9be270,0x3ca14285,0x3ca6a29b,
  0x3cac02b0,0x3cb162c6,0x3cb6c2db,0x3cbc22f1,0x3cc18306,0x3cc6e31c,0x3ccc4331,0x3cd1a347,
  0x3cd7035c,0x3cdc6372,0x3ce1c387,0x3ce7239d,0x3cec83b2,0x3cf1e3c8,0x3cf743dd,0x3cfca3f3,
  0x3d010204,0x3d03b20f,0x3d06621a,0x3d091224,0x3d0bc22f,0x3d0e723a,0x3d112245,0x3d13d24f,
  0x3d16825a,0x3d193265,0x3d1be270,0x3d1e927a,0x3d214285,0x3d23f290,0x3d26a29b,0x3d2952a5,
  0x3d2c02b0,0x3d2eb2bb,0x3d3162c6,0x3d3412d0,0x3d36c2db,0x3d3972e6,0x3d3c22f1,0x3d3ed2fb,
  0x3d418306,0x3d443311,0x3d46e31c,0x3d499326,0x3d4c4331,0x3d4ef33c,0x3d51a347,0x3d545351,
  0x3d57035c,0x3d59b367,0x3d5c6372,0x3d5f137c,0x3d61c387,0x3d647392,0x3d67239d,0x3d69d3a7,
  0x3d6c83b2,0x3d6f33bd,0x3d71e3c8,0x3d7493d2,0x3d7743dd,0x3d79f3e8,0x3d7ca3f3,0x3d7f53fd,
  0x3d810204,0x3d825a09,0x3d83b20f,0x3d850a14,0x3d86621a,0x3d87ba1f,0x3d891224,0x3d8a6a2a,
  0x3d8bc22f,0x3d8d1a34,0x3d8e723a,0x3d8fca3f,0x3d912245,0x3d927a4a,0x3d93d24f,0x3d952a55,
  0x3d96825a,0x3d97da5f,0x3d993265,0x3d9a8a6a,0x3d9be270,0x3d9d3a75,0x3d9e927a,0x3d9fea80,
  0x3da14285,0x3da29a8a,0x3da3f290,0x3da54a95,0x3da6a29b,0x3da7faa0,0x3da952a5,0x3daaaaab,
};
static const uint32_t JUNO_LUT29[256] = {
  0xbc088889,0xbc077551,0xbc06621a,0xbc054ee2,0xbc043bab,0xbc032873,0xbc02153c,0xbc010204,
  0xbbffdd99,0xbbfdb72a,0xbbfb90bb,0xbbf96a4c,0xbbf743dd,0xbbf51d6e,0xbbf2f6ff,0xbbf0d090,
  0xbbeeaa21,0xbbec83b2,0xbbea5d43,0xbbe836d4,0xbbe61065,0xbbe3e9f6,0xbbe1c387,0xbbdf9d18,
  0xbbdd76a9,0xbbdb503a,0xbbd929cb,0xbbd7035c,0xbbd4dced,0xbbd2b67e,0xbbd0900f,0xbbce69a0,
  0xbbcc4331,0xbbca1cc2,0xbbc7f653,0xbbc5cfe4,0xbbc3a975,0xbbc18306,0xbbbf5c97,0xbbbd3628,
  0xbbbb0fb9,0xbbb8e94a,0xbbb6c2db,0xbbb49c6c,0xbbb275fd,0xbbb04f8e,0xbbae291f,0xbbac02b0,
  0xbba9dc41,0xbba7b5d2,0xbba58f63,0xbba368f4,0xbba14285,0xbb9f1c16,0xbb9cf5a7,0xbb9acf38,
  0xbb98a8c9,0xbb96825a,0xbb945beb,0xbb92357c,0xbb900f0d,0xbb8de89e,0xbb8bc22f,0xbb899bc0,
  0xbb877551,0xbb854ee2,0xbb832873,0xbb810204,0xbb7db72a,0xbb796a4c,0xbb751d6e,0xbb70d090,
  0xbb6c83b2,0xbb6836d4,0xbb63e9f6,0xbb5f9d18,0xbb5b503a,0xbb57035c,0xbb52b67e,0xbb4e69a0,
  0xbb4a1cc2,0xbb45cfe4,0xbb418306,0xbb3d3628,0xbb38e94a,0xbb349c6c,0xbb304f8e,0xbb2c02b0,
  0xbb27b5d2,0xbb2368f4,0xbb1f1c16,0xbb1acf38,0xbb16825a,0xbb12357c,0xbb0de89e,0xbb099bc0,
  0xbb054ee2,0xbb010204,0xbaf96a4c,0xbaf0d090,0xbae836d4,0xbadf9d18,0xbad7035c,0xbace69a0,
  0xbac5cfe4,0xbabd3628,0xbab49c6c,0xbaac02b0,0xbaa368f4,0xba9acf38,0xba92357c,0xba899bc0,
  0xba810204,0xba70d090,0xba5f9d18,0xba4e69a0,0xba3d3628,0xba2c02b0,0xba1acf38,0xba099bc0,
  0xb9f0d090,0xb9ce69a0,0xb9ac02b0,0xb9899bc0,0xb94e69a0,0xb9099bc0,0xb8899bc0,0x00000000,
  0x00000000,0x38899bc0,0x39099bc0,0x394e69a0,0x39899bc0,0x39ac02b0,0x39ce69a0,0x39f0d090,
  0x3a099bc0,0x3a1acf38,0x3a2c02b0,0x3a3d3628,0x3a4e69a0,0x3a5f9d18,0x3a70d090,0x3a810204,
  0x3a899bc0,0x3a92357c,0x3a9acf38,0x3aa368f4,0x3aac02b0,0x3ab49c6c,0x3abd3628,0x3ac5cfe4,
  0x3ace69a0,0x3ad7035c,0x3adf9d18,0x3ae836d4,0x3af0d090,0x3af96a4c,0x3b010204,0x3b054ee2,
  0x3b099bc0,0x3b0de89e,0x3b12357c,0x3b16825a,0x3b1acf38,0x3b1f1c16,0x3b2368f4,0x3b27b5d2,
  0x3b2c02b0,0x3b304f8e,0x3b349c6c,0x3b38e94a,0x3b3d3628,0x3b418306,0x3b45cfe4,0x3b4a1cc2,
  0x3b4e69a0,0x3b52b67e,0x3b57035c,0x3b5b503a,0x3b5f9d18,0x3b63e9f6,0x3b6836d4,0x3b6c83b2,
  0x3b70d090,0x3b751d6e,0x3b796a4c,0x3b7db72a,0x3b810204,0x3b832873,0x3b854ee2,0x3b877551,
  0x3b899bc0,0x3b8bc22f,0x3b8de89e,0x3b900f0d,0x3b92357c,0x3b945beb,0x3b96825a,0x3b98a8c9,
  0x3b9acf38,0x3b9cf5a7,0x3b9f1c16,0x3ba14285,0x3ba368f4,0x3ba58f63,0x3ba7b5d2,0x3ba9dc41,
  0x3bac02b0,0x3bae291f,0x3bb04f8e,0x3bb275fd,0x3bb49c6c,0x3bb6c2db,0x3bb8e94a,0x3bbb0fb9,
  0x3bbd3628,0x3bbf5c97,0x3bc18306,0x3bc3a975,0x3bc5cfe4,0x3bc7f653,0x3bca1cc2,0x3bcc4331,
  0x3bce69a0,0x3bd0900f,0x3bd2b67e,0x3bd4dced,0x3bd7035c,0x3bd929cb,0x3bdb503a,0x3bdd76a9,
  0x3bdf9d18,0x3be1c387,0x3be3e9f6,0x3be61065,0x3be836d4,0x3bea5d43,0x3bec83b2,0x3beeaa21,
  0x3bf0d090,0x3bf2f6ff,0x3bf51d6e,0x3bf743dd,0x3bf96a4c,0x3bfb90bb,0x3bfdb72a,0x3bffdd99,
  0x3c010204,0x3c02153c,0x3c032873,0x3c043bab,0x3c054ee2,0x3c06621a,0x3c077551,0x3c088889,
};
static const uint32_t JUNO_LUT30[256] = {
  0x3f6632cc,0x3f666666,0x3f669a01,0x3f66cd9b,0x3f670136,0x3f6734d0,0x3f67686a,0x3f679c05,
  0x3f67cf9f,0x3f68033a,0x3f6836d4,0x3f686a6e,0x3f689e09,0x3f68d1a3,0x3f69053e,0x3f6938d8,
  0x3f696c72,0x3f69a00d,0x3f69d3a7,0x3f6a0742,0x3f6a3adc,0x3f6a6e77,0x3f6aa211,0x3f6ad5ab,
  0x3f6b0946,0x3f6b3ce0,0x3f6b707b,0x3f6ba415,0x3f6bd7af,0x3f6c0b4a,0x3f6c3ee4,0x3f6c727f,
  0x3f6ca619,0x3f6cd9b3,0x3f6d0d4e,0x3f6d40e8,0x3f6d7483,0x3f6da81d,0x3f6ddbb7,0x3f6e0f52,
  0x3f6e42ec,0x3f6e7687,0x3f6eaa21,0x3f6eddbb,0x3f6f1156,0x3f6f44f0,0x3f6f788b,0x3f6fac25,
  0x3f6fdfbf,0x3f70135a,0x3f7046f4,0x3f707a8f,0x3f70ae29,0x3f70e1c4,0x3f71155e,0x3f7148f8,
  0x3f717c93,0x3f71b02d,0x3f71e3c8,0x3f721762,0x3f724afc,0x3f727e97,0x3f72b231,0x3f72e5cc,
  0x3f731966,0x3f734d00,0x3f73809b,0x3f73b435,0x3f73e7d0,0x3f741b6a,0x3f744f04,0x3f74829f,
  0x3f74b639,0x3f74e9d4,0x3f751d6e,0x3f755108,0x3f7584a3,0x3f75b83d,0x3f75ebd8,0x3f761f72,
  0x3f76530c,0x3f7686a7,0x3f76ba41,0x3f76eddc,0x3f772176,0x3f775511,0x3f7788ab,0x3f77bc45,
  0x3f77efe0,0x3f78237a,0x3f785715,0x3f788aaf,0x3f78be49,0x3f78f1e4,0x3f79257e,0x3f795919,
  0x3f798cb3,0x3f79c04d,0x3f79f3e8,0x3f7a2782,0x3f7a5b1d,0x3f7a8eb7,0x3f7ac251,0x3f7af5ec,
  0x3f7b2986,0x3f7b5d21,0x3f7b90bb,0x3f7bc455,0x3f7bf7f0,0x3f7c2b8a,0x3f7c5f25,0x3f7c92bf,
  0x3f7cc659,0x3f7cf9f4,0x3f7d2d8e,0x3f7d6129,0x3f7d94c3,0x3f7dc85e,0x3f7dfbf8,0x3f7e2f92,
  0x3f7e632d,0x3f7e96c7,0x3f7eca62,0x3f7efdfc,0x3f7f3196,0x3f7f6531,0x3f7f98cb,0x3f800000,
  0x3f800000,0x3f8019cd,0x3f80339a,0x3f804d68,0x3f806735,0x3f808102,0x3f809acf,0x3f80b49c,
  0x3f80ce6a,0x3f80e837,0x3f810204,0x3f811bd1,0x3f81359e,0x3f814f6c,0x3f816939,0x3f818306,
  0x3f819cd3,0x3f81b6a0,0x3f81d06e,0x3f81ea3b,0x3f820408,0x3f821dd5,0x3f8237a2,0x3f825170,
  0x3f826b3d,0x3f82850a,0x3f829ed7,0x3f82b8a4,0x3f82d272,0x3f82ec3f,0x3f83060c,0x3f831fd9,
  0x3f8339a7,0x3f835374,0x3f836d41,0x3f83870e,0x3f83a0db,0x3f83baa9,0x3f83d476,0x3f83ee43,
  0x3f840810,0x3f8421dd,0x3f843bab,0x3f845578,0x3f846f45,0x3f848912,0x3f84a2df,0x3f84bcad,
  0x3f84d67a,0x3f84f047,0x3f850a14,0x3f8523e1,0x3f853daf,0x3f85577c,0x3f857149,0x3f858b16,
  0x3f85a4e3,0x3f85beb1,0x3f85d87e,0x3f85f24b,0x3f860c18,0x3f8625e5,0x3f863fb3,0x3f865980,
  0x3f86734d,0x3f868d1a,0x3f86a6e7,0x3f86c0b5,0x3f86da82,0x3f86f44f,0x3f870e1c,0x3f8727e9,
  0x3f8741b7,0x3f875b84,0x3f877551,0x3f878f1e,0x3f87a8eb,0x3f87c2b9,0x3f87dc86,0x3f87f653,
  0x3f881020,0x3f8829ed,0x3f8843bb,0x3f885d88,0x3f887755,0x3f889122,0x3f88aaef,0x3f88c4bd,
  0x3f88de8a,0x3f88f857,0x3f891224,0x3f892bf1,0x3f8945bf,0x3f895f8c,0x3f897959,0x3f899326,
  0x3f89acf4,0x3f89c6c1,0x3f89e08e,0x3f89fa5b,0x3f8a1428,0x3f8a2df6,0x3f8a47c3,0x3f8a6190,
  0x3f8a7b5d,0x3f8a952a,0x3f8aaef8,0x3f8ac8c5,0x3f8ae292,0x3f8afc5f,0x3f8b162c,0x3f8b2ffa,
  0x3f8b49c7,0x3f8b6394,0x3f8b7d61,0x3f8b972e,0x3f8bb0fc,0x3f8bcac9,0x3f8be496,0x3f8bfe63,
  0x3f8c1830,0x3f8c31fe,0x3f8c4bcb,0x3f8c6598,0x3f8c7f65,0x3f8c9932,0x3f8cb300,0x3f8ccccd,
};
static const uint32_t JUNO_LUT31[256] = {
  0xbecccccd,0xbecb2ffa,0xbec99326,0xbec7f653,0xbec65980,0xbec4bcad,0xbec31fd9,0xbec18306,
  0xbebfe633,0xbebe4960,0xbebcac8c,0xbebb0fb9,0xbeb972e6,0xbeb7d613,0xbeb6393f,0xbeb49c6c,
  0xbeb2ff99,0xbeb162c6,0xbeafc5f2,0xbeae291f,0xbeac8c4c,0xbeaaef79,0xbea952a5,0xbea7b5d2,
  0xbea618ff,0xbea47c2c,0xbea2df58,0xbea14285,0xbe9fa5b2,0xbe9e08df,0xbe9c6c0b,0xbe9acf38,
  0xbe993265,0xbe979592,0xbe95f8be,0xbe945beb,0xbe92bf18,0xbe912245,0xbe8f8571,0xbe8de89e,
  0xbe8c4bcb,0xbe8aaef8,0xbe891224,0xbe877551,0xbe85d87e,0xbe843bab,0xbe829ed7,0xbe810204,
  0xbe7eca62,0xbe7b90bb,0xbe785715,0xbe751d6e,0xbe71e3c8,0xbe6eaa21,0xbe6b707b,0xbe6836d4,
  0xbe64fd2e,0xbe61c387,0xbe5e89e1,0xbe5b503a,0xbe581694,0xbe54dced,0xbe51a347,0xbe4e69a0,
  0xbe4b2ffa,0xbe47f653,0xbe44bcad,0xbe418306,0xbe3e4960,0xbe3b0fb9,0xbe37d613,0xbe349c6c,
  0xbe3162c6,0xbe2e291f,0xbe2aef79,0xbe27b5d2,0xbe247c2c,0xbe214285,0xbe1e08df,0xbe1acf38,
  0xbe179592,0xbe145beb,0xbe112245,0xbe0de89e,0xbe0aaef8,0xbe077551,0xbe043bab,0xbe010204,
  0xbdfb90bb,0xbdf51d6e,0xbdeeaa21,0xbde836d4,0xbde1c387,0xbddb503a,0xbdd4dced,0xbdce69a0,
  0xbdc7f653,0xbdc18306,0xbdbb0fb9,0xbdb49c6c,0xbdae291f,0xbda7b5d2,0xbda14285,0xbd9acf38,
  0xbd945beb,0xbd8de89e,0xbd877551,0xbd810204,0xbd751d6e,0xbd6836d4,0xbd5b503a,0xbd4e69a0,
  0xbd418306,0xbd349c6c,0xbd27b5d2,0xbd1acf38,0xbd0de89e,0xbd010204,0xbce836d4,0xbcce69a0,
  0xbcb49c6c,0xbc9acf38,0xbc810204,0xbc4e69a0,0xbc1acf38,0xbbce69a0,0xbb4e69a0,0x00000000,
  0x00000000,0x3b4e69a0,0x3bce69a0,0x3c1acf38,0x3c4e69a0,0x3c810204,0x3c9acf38,0x3cb49c6c,
  0x3cce69a0,0x3ce836d4,0x3d010204,0x3d0de89e,0x3d1acf38,0x3d27b5d2,0x3d349c6c,0x3d418306,
  0x3d4e69a0,0x3d5b503a,0x3d6836d4,0x3d751d6e,0x3d810204,0x3d877551,0x3d8de89e,0x3d945beb,
  0x3d9acf38,0x3da14285,0x3da7b5d2,0x3dae291f,0x3db49c6c,0x3dbb0fb9,0x3dc18306,0x3dc7f653,
  0x3dce69a0,0x3dd4dced,0x3ddb503a,0x3de1c387,0x3de836d4,0x3deeaa21,0x3df51d6e,0x3dfb90bb,
  0x3e010204,0x3e043bab,0x3e077551,0x3e0aaef8,0x3e0de89e,0x3e112245,0x3e145beb,0x3e179592,
  0x3e1acf38,0x3e1e08df,0x3e214285,0x3e247c2c,0x3e27b5d2,0x3e2aef79,0x3e2e291f,0x3e3162c6,
  0x3e349c6c,0x3e37d613,0x3e3b0fb9,0x3e3e4960,0x3e418306,0x3e44bcad,0x3e47f653,0x3e4b2ffa,
  0x3e4e69a0,0x3e51a347,0x3e54dced,0x3e581694,0x3e5b503a,0x3e5e89e1,0x3e61c387,0x3e64fd2e,
  0x3e6836d4,0x3e6b707b,0x3e6eaa21,0x3e71e3c8,0x3e751d6e,0x3e785715,0x3e7b90bb,0x3e7eca62,
  0x3e810204,0x3e829ed7,0x3e843bab,0x3e85d87e,0x3e877551,0x3e891224,0x3e8aaef8,0x3e8c4bcb,
  0x3e8de89e,0x3e8f8571,0x3e912245,0x3e92bf18,0x3e945beb,0x3e95f8be,0x3e979592,0x3e993265,
  0x3e9acf38,0x3e9c6c0b,0x3e9e08df,0x3e9fa5b2,0x3ea14285,0x3ea2df58,0x3ea47c2c,0x3ea618ff,
  0x3ea7b5d2,0x3ea952a5,0x3eaaef79,0x3eac8c4c,0x3eae291f,0x3eafc5f2,0x3eb162c6,0x3eb2ff99,
  0x3eb49c6c,0x3eb6393f,0x3eb7d613,0x3eb972e6,0x3ebb0fb9,0x3ebcac8c,0x3ebe4960,0x3ebfe633,
  0x3ec18306,0x3ec31fd9,0x3ec4bcad,0x3ec65980,0x3ec7f653,0x3ec99326,0x3ecb2ffa,0x3ecccccd,
};
static const uint32_t JUNO_LUT32[128] = {
  0xbf7fffa8,0xbf6aa7e8,0xbf555228,0xbf3ffcd0,0xbf2aa760,0xbf1551b8,0xbefff830,0xbed54dc0,
  0xbeaaa2e0,0xbe7fef00,0xbe2a98e0,0xbdaa8540,0x38a80000,0x3daad540,0x3e2ac260,0x3e800d30,
  0x3eaab860,0x3ed56430,0x3f0007f0,0x3f155d60,0x3f2ab318,0x3f400850,0x3f555edc,0x3f6ab3f0,
  0x3f800d2e,0x3f8ab8f2,0x3f956426,0x3fa01054,0x3faabbea,0x3fb567ae,0x3fc012ec,0x3fcabe86,
  0x3fd56af4,0x3fe0169e,0x3feac2fc,0x3ff56de8,0x400004f7,0x40055ac1,0x400ab041,0x4010063c,
  0x40155be9,0x401ab1ac,0x40200729,0x40255d70,0x402ab38c,0x40300892,0x40355e98,0x403ab3e3,
  0x404001b8,0x4045582c,0x404aac9a,0x40500356,0x405557d0,0x405aad55,0x406003b6,0x40655890,
  0x406aae62,0x4070031b,0x40755a40,0x407aaf48,0x407ffcd7,0x4082aa5d,0x4085547a,0x4087ffbc,
  0x408aa9dc,0x408d547f,0x408fff8f,0x4092a8a1,0x4095549d,0x4097fed2,0x409aaa3a,0x409d5493,
  0x40a001ac,0x40a2ac16,0x40a55820,0x40a8039a,0x40aaabe8,0x40ad56aa,0x40b001db,0x40b2ab10,
  0x40b559c6,0x40b8018e,0x40bab006,0x40bd57a4,0x40c0082c,0x40c2b2fa,0x40c56314,0x40c80f34,
  0x40cab41a,0x40cd5f59,0x40d00fa8,0x40d2b9af,0x40d56419,0x40d80c7e,0x40dabb9d,0x40dd63ec,
  0x40e001ac,0x40e2ac16,0x40e56314,0x40e80778,0x40eab41a,0x40ed56aa,0x40f00fa8,0x40f2b9ae,
  0x40f56419,0x40f80c7e,0x40fab006,0x40fd63ec,0x41000757,0x4101560b,0x4102b8d9,0x410403bc,
  0x41056240,0x4106b404,0x410807d4,0x41095cd7,0x410ab20c,0x410c063f,0x410d5803,0x410ebe42,
  0x41100757,0x411163d6,0x4112b8d9,0x411403bc,0x41156240,0x4116b404,0x41181a44,0x41197060,
};
static const uint32_t JUNO_LUT33[256] = {
  0x40f7ad09,0x40e76343,0x40d846e2,0x40ca406c,0x40bd3a54,0x40b120d9,0x40a5e1da,0x409b6cb1,
  0x4091b20c,0x4088a3e0,0x40803540,0x4070b489,0x40620ff4,0x4054689e,0x4047abf5,0x403bc8dd,
  0x4030af8d,0x4026517b,0x401ca13a,0x40139262,0x400b1987,0x40032c11,0x3ff78077,0x3fe999fc,
  0x3fdc93f7,0x3fd05eef,0x3fc4ec8d,0x3fba2f90,0x3fb01baa,0x3fa6a573,0x3f9dc260,0x3f95689d,
  0x3f8d8f11,0x3f862d4a,0x3f7e76dd,0x3f716460,0x3f651599,0x3f597de3,0x3f4e918b,0x3f44459d,
  0x3f3a8ff6,0x3f31671f,0x3f28c244,0x3f209928,0x3f18e428,0x3f119c1c,0x3f0aba55,0x3f04389b,
  0x3efc2234,0x3ef07cd5,0x3ee576e3,0x3edb06e5,0x3ed123fb,0x3ec7c5db,0x3ebee4b8,0x3eb67952,
  0x3eae7cd7,0x3ea6e8e5,0x3e9fb781,0x3e98e30d,0x3e92664c,0x3e8c3c4a,0x3e866069,0x3e80ce50,
  0x3e7703d4,0x3e6ceec7,0x3e63563e,0x3e5a3379,0x3e518019,0x3e49361e,0x3e414fe8,0x3e39c824,
  0x3e3299db,0x3e2bc057,0x3e253729,0x3e1efa21,0x3e190553,0x3e135507,0x3e0de5bc,0x3e08b426,
  0x3e03bd29,0x3dfdfb9c,0x3df4e69f,0x3dec3613,0x3de3e50d,0x3ddbeed5,0x3dd44efa,0x3dcd0150,
  0x3dc601d8,0x3dbf4cd1,0x3db8deab,0x3db2b40a,0x3dacc9be,0x3da71cbf,0x3da1aa2d,0x3d9c6f58,
  0x3d9769a3,0x3d9296a7,0x3d8df40a,0x3d897f9c,0x3d853747,0x3d81190e,0x3d7a4620,0x3d72a705,
  0x3d6b516d,0x3d644207,0x3d5d75d2,0x3d56e9e1,0x3d509b66,0x3d4a87c1,0x3d44ac66,0x3d3f06f1,
  0x3d399521,0x3d3454c5,0x3d2f43cd,0x3d2a603b,0x3d25a82e,0x3d2119d9,0x3d1cb38b,0x3d1873a3,
  0x3d145891,0x3d1060d6,0x3d0c8b0c,0x3d08d5cd,0x3d053fde,0x3d01c7f6,0x3cfcd9d6,0x3cf65b44,
  0x3cf011f5,0x3ce9fbee,0x3ce41735,0x3cde61e3,0x3cd8da22,0x3cd37e51,0x3cce4cab,0x3cc943b1,
  0x3cc461d5,0x3cbfa5a2,0x3cbb0dbf,0x3cb698d1,0x3cb24585,0x3cae12c2,0x3ca9ff3c,0x3ca609e0,
  0x3ca231a2,0x3c9e756e,0x3c9ad448,0x3c974d41,0x3c93df6e,0x3c9089ee,0x3c8d4be0,0x3c8a2483,
  0x3c87130e,0x3c8416bb,0x3c812ed7,0x3c7cb563,0x3c773341,0x3c71d609,0x3c6c9c74,0x3c678558,
  0x3c628fa1,0x3c5dba25,0x3c5903ea,0x3c546bea,0x3c4ff119,0x3c4b929b,0x3c474f8e,0x3c43270c,
  0x3c3f1835,0x3c3b224c,0x3c374480,0x3c337e22,0x3c2fce67,0x3c2c34ae,0x3c28b03b,0x3c25407f,
  0x3c21e4c5,0x3c1e9c85,0x3c1b6726,0x3c184412,0x3c1532ca,0x3c1232c4,0x3c0f4385,0x3c0c6496,
  0x3c09956e,0x3c06d5ab,0x3c0424d7,0x3c01828b,0x3bfddcc1,0x3bf8cfe4,0x3bf3ddb3,0x3bef0586,
  0x3bea469e,0x3be5a057,0x3be111fd,0x3bdc9af8,0x3bd83aa7,0x3bd3f080,0x3bcfbbe1,0x3bcb9c40,
  0x3bc79121,0x3bc399f1,0x3bbfb635,0x3bbbe57b,0x3bb82743,0x3bb47b16,0x3bb0e097,0x3bad5745,
  0x3ba9decc,0x3ba676ba,0x3ba31eb5,0x3b9fd658,0x3b9c9d47,0x3b997335,0x3b9657c7,0x3b934aaf,
  0x3b904b90,0x3b8d5a2d,0x3b8a7631,0x3b879f5e,0x3b84d560,0x3b821800,0x3b7ecdf3,0x3b79841a,
  0x3b7451e5,0x3b6f3703,0x3b6a32ea,0x3b65452b,0x3b606d59,0x3b5bab19,0x3b56fdf4,0x3b52658f,
  0x3b4de193,0x3b497196,0x3b451540,0x3b40cc40,0x3b3c9647,0x3b3872fc,0x3b34620d,0x3b30632b,
  0x3b2c7610,0x3b289a75,0x3b24d010,0x3b21169a,0x3b1d6dd7,0x3b19d576,0x3b164d4b,0x3b12d50b,
  0x3b0f6c84,0x3b0c1373,0x3b08c99f,0x3b058ed1,0x3b0262d8,0x3afe8aef,0x3af86cfa,0x3af26b77,
};
static const uint32_t JUNO_LUT34[256] = {
  0x40e38db9,0x40d496ae,0x40c6b48e,0x40b9d1c7,0x40adda8b,0x40a2bcb5,0x4098679b,0x408ecbf2,
  0x4085dba7,0x407b13a4,0x406b9525,0x405d25f1,0x404fb1ec,0x40432692,0x403772d5,0x402c86fb,
  0x40225485,0x4018ce16,0x400fe759,0x400794e8,0x3fff988a,0x3ff10766,0x3fe36474,0x3fd69f18,
  0x3fcaa7f5,0x3fbf70d5,0x3fb4ec8b,0x3fab0ee8,0x3fa1cca0,0x3f991b37,0x3f90f0fc,0x3f8944ea,
  0x3f820ea5,0x3f768cd3,0x3f69ca04,0x3f5dc76d,0x3f5278a6,0x3f47d210,0x3f3dc8eb,0x3f345329,
  0x3f2b6778,0x3f22fd25,0x3f1b0c16,0x3f138cb7,0x3f0c7805,0x3f05c76d,0x3efee997,0x3ef2f4d0,
  0x3ee7a5d3,0x3edcf2b0,0x3ed2d207,0x3ec93b23,0x3ec025db,0x3eb78a95,0x3eaf6223,0x3ea7a5dd,
  0x3ea04f7f,0x3e99592c,0x3e92bd65,0x3e8c7701,0x3e86812f,0x3e80d765,0x3e76eac2,0x3e6cae4d,
  0x3e62f1eb,0x3e59ae93,0x3e50dda3,0x3e4878e5,0x3e407a7d,0x3e38dceb,0x3e319b03,0x3e2aafe1,
  0x3e2416f5,0x3e1dcbea,0x3e17caae,0x3e120f68,0x3e0c967d,0x3e075c85,0x3e025e45,0x3dfb316d,
  0x3df211fb,0x3de958c4,0x3de100af,0x3dd904e2,0x3dd160d7,0x3dca103b,0x3dc30ef6,0x3dbc5935,
  0x3db5eb4b,0x3dafc1c7,0x3da9d960,0x3da42f03,0x3d9ebfc0,0x3d9988cf,0x3d94878d,0x3d8fb980,
  0x3d8b1c41,0x3d86ad9c,0x3d826b69,0x3d7ca748,0x3d74c8c6,0x3d6d37a3,0x3d65f06d,0x3d5eefd9,
  0x3d5832d0,0x3d51b642,0x3d4b7772,0x3d4573ac,0x3d3fa860,0x3d3a131f,0x3d34b198,0x3d2f8194,
  0x3d2a8103,0x3d25ade2,0x3d21064b,0x3d1c886a,0x3d183284,0x3d1402f2,0x3d0ff828,0x3d0c10a5,
  0x3d084af8,0x3d04a5c4,0x3d011fc0,0x3cfb6f43,0x3cf4d88e,0x3cee7906,0x3ce84e8a,0x3ce2570d,
  0x3cdc907f,0x3cd6f910,0x3cd18eec,0x3ccc5055,0x3cc73b9c,0x3cc24f41,0x3cbd89a5,0x3cb8e964,
  0x3cb46d16,0x3cb01360,0x3cabdb08,0x3ca7c2cc,0x3ca3c979,0x3c9fee09,0x3c9c2f4c,0x3c988c45,
  0x3c950400,0x3c91957d,0x3c8e3fd5,0x3c8b022d,0x3c87dbae,0x3c84cb85,0x3c81d0e9,0x3c7dd64b,
  0x3c783303,0x3c72b691,0x3c6d5fac,0x3c682d0d,0x3c631d7c,0x3c5e2fd8,0x3c5962f2,0x3c54b5b6,
  0x3c502729,0x3c4bb639,0x3c4761fe,0x3c43298b,0x3c3f0be9,0x3c3b084b,0x3c371de4,0x3c334be0,
  0x3c2f9172,0x3c2bede9,0x3c286089,0x3c24e8af,0x3c2185a2,0x3c1e36cd,0x3c1afb84,0x3c17d342,
  0x3c14bd61,0x3c11b967,0x3c0ec6c5,0x3c0be4f0,0x3c091377,0x3c0651d8,0x3c039fa2,0x3c00fc6a,
  0x3bfccf60,0x3bf7c237,0x3bf2d07e,0x3bedf97a,0x3be93c6b,0x3be4989a,0x3be00d49,0x3bdb99e0,
  0x3bd73daf,0x3bd2f81d,0x3bcec888,0x3bcaae61,0x3bc6a917,0x3bc2b82a,0x3bbedb04,0x3bbb1127,
  0x3bb75a23,0x3bb3b56f,0x3bb0229b,0x3baca13c,0x3ba930df,0x3ba5d116,0x3ba2818a,0x3b9f41c8,
  0x3b9c117e,0x3b98f048,0x3b95ddd0,0x3b92d9bb,0x3b8fe3b3,0x3b8cfb72,0x3b8a20a5,0x3b875304,
  0x3b849238,0x3b81de0d,0x3b7e6c60,0x3b7934d6,0x3b7414e1,0x3b6f0c19,0x3b6a1a04,0x3b653e2c,
  0x3b607809,0x3b5bc757,0x3b572b95,0x3b52a45a,0x3b4e3143,0x3b49d1ff,0x3b45861f,0x3b414d4f,
  0x3b3d273f,0x3b39138e,0x3b3511ec,0x3b31220e,0x3b2d43ab,0x3b297671,0x3b25ba15,0x3b220e50,
  0x3b1e72df,0x3b1ae782,0x3b176bf5,0x3b13fff7,0x3b10a350,0x3b0d55b8,0x3b0a1704,0x3b06e6ef,
  0x3b03c54c,0x3b00b1df,0x3afb58e1,0x3af5699e,0x3aef95a0,0x3ae9dc71,0x3ae43db9,0x3adeb922,
};
static const uint32_t JUNO_LUT35[256] = {
  0x40638f21,0x405497d4,0x4046b57e,0x4039d28b,0x402ddb2c,0x4022bd38,0x40186807,0x400ecc4a,
  0x4005dbf0,0x3ffb141c,0x3feb9589,0x3fdd2644,0x3fcfb230,0x3fc326cb,0x3fb77304,0x3fac8722,
  0x3fa254a6,0x3f98ce31,0x3f8fe770,0x3f8794fb,0x3f7f98aa,0x3f710780,0x3f63648b,0x3f569f2b,
  0x3f4aa805,0x3f3f70e2,0x3f34ec96,0x3f2b0ef2,0x3f21cca9,0x3f191b3e,0x3f10f102,0x3f0944ef,
  0x3f020ea9,0x3ef68cda,0x3ee9ca0a,0x3eddc772,0x3ed278aa,0x3ec7d214,0x3ebdc8ef,0x3eb4532b,
  0x3eab677a,0x3ea2fd27,0x3e9b0c17,0x3e938cb8,0x3e8c7806,0x3e85c76e,0x3e7ee998,0x3e72f4d2,
  0x3e67a5d4,0x3e5cf2b1,0x3e52d208,0x3e493b24,0x3e4025dc,0x3e378a96,0x3e2f6223,0x3e27a5de,
  0x3e204f80,0x3e19592c,0x3e12bd66,0x3e0c7701,0x3e068130,0x3e00d765,0x3df6eac2,0x3decae4d,
  0x3de2f1ec,0x3dd9ae94,0x3dd0dda3,0x3dc878e5,0x3dc07a7e,0x3db8dceb,0x3db19b03,0x3daaafe2,
  0x3da416f5,0x3d9dcbea,0x3d97caae,0x3d920f68,0x3d8c967e,0x3d875c85,0x3d825e45,0x3d7b316d,
  0x3d7211fc,0x3d6958c4,0x3d6100af,0x3d5904e2,0x3d5160d7,0x3d4a103b,0x3d430ef6,0x3d3c5935,
  0x3d35eb4b,0x3d2fc1c7,0x3d29d960,0x3d242f03,0x3d1ebfc0,0x3d1988cf,0x3d14878d,0x3d0fb980,
  0x3d0b1c41,0x3d06ad9c,0x3d026b69,0x3cfca748,0x3cf4c8c6,0x3ced37a3,0x3ce5f06d,0x3cdeefd9,
  0x3cd832d0,0x3cd1b642,0x3ccb7772,0x3cc573ac,0x3cbfa860,0x3cba131f,0x3cb4b198,0x3caf8194,
  0x3caa8103,0x3ca5ade2,0x3ca1064b,0x3c9c886a,0x3c983284,0x3c9402f2,0x3c8ff828,0x3c8c10a5,
  0x3c884af8,0x3c84a5c4,0x3c811fc0,0x3c7b6f43,0x3c74d88e,0x3c6e7906,0x3c684e8a,0x3c62570d,
  0x3c5c907f,0x3c56f910,0x3c518eec,0x3c4c5055,0x3c473b9c,0x3c424f41,0x3c3d89a5,0x3c38e964,
  0x3c346d16,0x3c301360,0x3c2bdb08,0x3c27c2cc,0x3c23c979,0x3c1fee09,0x3c1c2f4c,0x3c188c45,
  0x3c150400,0x3c11957d,0x3c0e3fd5,0x3c0b022d,0x3c07dbae,0x3c04cb85,0x3c01d0e9,0x3bfdd64b,
  0x3bf83303,0x3bf2b691,0x3bed5fac,0x3be82d0d,0x3be31d7c,0x3bde2fd8,0x3bd962f2,0x3bd4b5b6,
  0x3bd02729,0x3bcbb639,0x3bc761fe,0x3bc3298b,0x3bbf0be9,0x3bbb084b,0x3bb71de4,0x3bb34be0,
  0x3baf9172,0x3babede9,0x3ba86089,0x3ba4e8af,0x3ba185a2,0x3b9e36cd,0x3b9afb84,0x3b97d342,
  0x3b94bd61,0x3b91b967,0x3b8ec6c5,0x3b8be4f0,0x3b891377,0x3b8651d8,0x3b839fa2,0x3b80fc6a,
  0x3b7ccf60,0x3b77c237,0x3b72d07e,0x3b6df97a,0x3b693c6b,0x3b64989a,0x3b600d49,0x3b5b99e0,
  0x3b573daf,0x3b52f81d,0x3b4ec888,0x3b4aae61,0x3b46a917,0x3b42b82a,0x3b3edb04,0x3b3b1127,
  0x3b375a23,0x3b33b56f,0x3b30229b,0x3b2ca13c,0x3b2930df,0x3b25d116,0x3b22818a,0x3b1f41c8,
  0x3b1c117e,0x3b18f048,0x3b15ddd0,0x3b12d9bb,0x3b0fe3b3,0x3b0cfb72,0x3b0a20a5,0x3b075304,
  0x3b049238,0x3b01de0d,0x3afe6c60,0x3af934d6,0x3af414e1,0x3aef0c19,0x3aea1a04,0x3ae53e2c,
  0x3ae07809,0x3adbc757,0x3ad72b95,0x3ad2a45a,0x3ace3143,0x3ac9d1ff,0x3ac5861f,0x3ac14d4f,
  0x3abd273f,0x3ab9138e,0x3ab511ec,0x3ab1220e,0x3aad43ab,0x3aa97671,0x3aa5ba15,0x3aa20e50,
  0x3a9e72df,0x3a9ae782,0x3a976bf5,0x3a93fff7,0x3a90a350,0x3a8d55b8,0x3a8a1704,0x3a86e6ef,
  0x3a83c54c,0x3a80b1df,0x3a7b58e1,0x3a75699e,0x3a6f95a0,0x3a69dc71,0x3a643db9,0x3a5eb922,
};
static const uint32_t JUNO_LUT36[256] = {
  0x4139c0c1,0x412aa0d6,0x411cdbed,0x41105087,0x4104e08d,0x40f4e200,0x40e1d331,0x40d06913,
  0x40c07c61,0x40b1e9c2,0x40a4915b,0x40985675,0x408d1f28,0x4082d410,0x4072c00d,0x40615fe3,
  0x4051650b,0x4042b03a,0x40352510,0x4028a9d9,0x401d273f,0x40128818,0x4008b927,0x3fff51e2,
  0x3fee8f20,0x3fdf0d14,0x3fd0b166,0x3fc3640a,0x3fb70f20,0x3fab9eaa,0x3fa10069,0x3f9723b0,
  0x3f8df944,0x3f857333,0x3f7b097a,0x3f6c446b,0x3f5e81c9,0x3f51adf9,0x3f45b6f1,0x3f3a8c31,
  0x3f301e85,0x3f265ffd,0x3f1d43c3,0x3f14be06,0x3f0cc3e8,0x3f054b69,0x3efc9698,0x3eef761f,
  0x3ee325ba,0x3ed796e4,0x3eccbc3a,0x3ec2895e,0x3eb8f2e5,0x3eafee33,0x3ea7717e,0x3e9f73b5,
  0x3e97ec6d,0x3e90d3de,0x3e8a22ce,0x3e83d288,0x3e7bb99c,0x3e7077af,0x3e65d496,0x3e5bc642,
  0x3e524367,0x3e494365,0x3e40be28,0x3e38ac24,0x3e310668,0x3e29c65e,0x3e22e5f7,0x3e1c5f80,
  0x3e162dae,0x3e104b86,0x3e0ab466,0x3e0563f7,0x3e00562d,0x3df70e73,0x3dede721,0x3de52fb7,
  0x3ddce1fb,0x3dd4f812,0x3dcd6c76,0x3dc63a05,0x3dbf5bf1,0x3db8cd9f,0x3db28ada,0x3dac8f98,
  0x3da6d814,0x3da160bf,0x3d9c2644,0x3d972581,0x3d925b7d,0x3d8dc56a,0x3d8960b0,0x3d852aca,
  0x3d812166,0x3d7a84a0,0x3d7316e5,0x3d6bf5a3,0x3d651d24,0x3d5e89f3,0x3d5838a6,0x3d522626,
  0x3d4c4f7c,0x3d46b1d1,0x3d414a7a,0x3d3c16f4,0x3d3714dc,0x3d3241e7,0x3d2d9bf7,0x3d292106,
  0x3d24cf16,0x3d20a45a,0x3d1c9f14,0x3d18bd9f,0x3d14fe63,0x3d115fe1,0x3d0de0ab,0x3d0a7f79,
  0x3d073aeb,0x3d0411d6,0x3d01030f,0x3cfc1ae6,0x3cf65fef,0x3cf0d33c,0x3ceb72e3,0x3ce63d09,
  0x3ce12ff0,0x3cdc49f2,0x3cd78979,0x3cd2ed07,0x3cce7320,0x3cca1a66,0x3cc5e192,0x3cc1c752,
  0x3cbdca86,0x3cb9e9f7,0x3cb6248f,0x3cb27942,0x3caee718,0x3cab6d0d,0x3ca80a3d,0x3ca4bdc5,
  0x3ca186d9,0x3c9e6499,0x3c9b563e,0x3c985b1c,0x3c957271,0x3c929b90,0x3c8fd5db,0x3c8d20ac,
  0x3c8a7b6b,0x3c87e587,0x3c855e69,0x3c82e598,0x3c807a8c,0x3c7c399f,0x3c7797c6,0x3c730eb6,
  0x3c6e9d8a,0x3c6a4372,0x3c65ffb3,0x3c61d177,0x3c5db815,0x3c59b2d9,0x3c55c10a,0x3c51e217,
  0x3c4e155e,0x3c4a5a41,0x3c46b045,0x3c4316ce,0x3c3f8d5a,0x3c3c136c,0x3c38a884,0x3c354c48,
  0x3c31fe23,0x3c2ebdcb,0x3c2b8acb,0x3c2864c5,0x3c254b4b,0x3c223e26,0x3c1f3ce4,0x3c1c4743,
  0x3c195cef,0x3c167da0,0x3c13a90b,0x3c10def3,0x3c0e1f19,0x3c0b6935,0x3c08bd14,0x3c061a86,
  0x3c03814c,0x3c00f135,0x3bfcd431,0x3bf7d78a,0x3bf2ec21,0x3bee119f,0x3be947c5,0x3be48e41,
  0x3bdfe4dc,0x3bdb4b46,0x3bd6c14d,0x3bd246c6,0x3bcddb5f,0x3bc97efd,0x3bc53167,0x3bc0f26f,
  0x3bbcc1fd,0x3bb89fdc,0x3bb48bf3,0x3bb0861a,0x3bac8e2d,0x3ba8a422,0x3ba4c7ce,0x3ba0f91d,
  0x3b9d3802,0x3b998460,0x3b95de2f,0x3b924547,0x3b8eb9b0,0x3b8b3b48,0x3b87ca0f,0x3b8465f3,
  0x3b810eeb,0x3b7b89d7,0x3b750fca,0x3b6eafa1,0x3b68694b,0x3b623cb9,0x3b5c29da,0x3b5630a2,
  0x3b5050f9,0x3b4a8ad5,0x3b44de1d,0x3b3f4ad0,0x3b39d0ce,0x3b347008,0x3b2f2876,0x3b29f9ff,
  0x3b24e48a,0x3b1fe810,0x3b1b0472,0x3b16399e,0x3b118776,0x3b0cede2,0x3b086cc3,0x3b040407,
  0x3aff6707,0x3af6f635,0x3aeeb55d,0x3ae6a423,0x3adec250,0x3ad70f74,0x3acf8b5b,0x3ac8358f,
};
static const uint32_t JUNO_LUT37[256] = {
  0x412aa9ad,0x411cc439,0x41101d9c,0x41049710,0x40f429d8,0x40e0fcc5,0x40cf7a4c,0x40bf7a58,
  0x40b0d8d5,0x40a3754c,0x40973273,0x408bf5ea,0x4081a7e4,0x407065c3,0x405f06ed,0x404f102a,
  0x404061b0,0x4032dec1,0x40266d49,0x401af5ad,0x4010627b,0x4006a041,0x3ffb3aa6,0x3fea9341,
  0x3fdb2d1d,0x3fcceda1,0x3fbfbc99,0x3fb383ec,0x3fa82f81,0x3f9dacfb,0x3f93eb95,0x3f8adbff,
  0x3f827037,0x3f7536e2,0x3f66a3ea,0x3f591211,0x3f4c6da4,0x3f40a4a4,0x3f35a67b,0x3f2b6400,
  0x3f21cf3e,0x3f18db64,0x3f107ca8,0x3f08a830,0x3f0153fd,0x3ef4edc3,0x3ee810c3,0x3edc0153,
  0x3ed0b10f,0x3ec612a2,0x3ebc19bc,0x3eb2bb02,0x3ea9ebf5,0x3ea1a2d9,0x3e99d6ac,0x3e927f1b,
  0x3e8b946b,0x3e850f74,0x3e7dd327,0x3e723940,0x3e6745bb,0x3e5cedf6,0x3e53281d,0x3e49eaf4,
  0x3e412dee,0x3e38e91e,0x3e31151b,0x3e29aaf5,0x3e22a449,0x3e1bfb0d,0x3e15a9ae,0x3e0faaf2,
  0x3e09f9f8,0x3e049230,0x3dfedeaf,0x3df51ae2,0x3debd18d,0x3de2fbad,0x3dda92c1,0x3dd290a5,
  0x3dcaef9f,0x3dc3aa50,0x3dbcbba7,0x3db61ee8,0x3dafcfac,0x3da9c9b7,0x3da4092c,0x3d9e8a54,
  0x3d9949b9,0x3d944416,0x3d8f765b,0x3d8adda8,0x3d867741,0x3d824093,0x3d7c6e76,0x3d74b1d4,
  0x3d6d46f8,0x3d6629d9,0x3d5f56a1,0x3d58c9af,0x3d527f93,0x3d4c7523,0x3d46a73e,0x3d41130d,
  0x3d3bb5d5,0x3d368cf8,0x3d319606,0x3d2cceb1,0x3d2834c4,0x3d23c625,0x3d1f80e5,0x3d1b6324,
  0x3d176b0f,0x3d1396ff,0x3d0fe55a,0x3d0c549d,0x3d08e351,0x3d059017,0x3d02599d,0x3cfe7d6e,
  0x3cf87c43,0x3cf2ad92,0x3ced0f3a,0x3ce79f1d,0x3ce25b57,0x3cdd4213,0x3cd8518e,0x3cd38813,
  0x3ccee409,0x3cca63ee,0x3cc6064f,0x3cc1c9c5,0x3cbdacf9,0x3cb9aea8,0x3cb5cda5,0x3cb208ba,
  0x3cae5ede,0x3caacef5,0x3ca757fd,0x3ca3f902,0x3ca0b11e,0x3c9d7f63,0x3c9a6302,0x3c975b27,
  0x3c946718,0x3c918606,0x3c8eb73c,0x3c8bfa1b,0x3c894df1,0x3c86b220,0x3c842614,0x3c81a938,
  0x3c7e75fc,0x3c79b5c2,0x3c7510af,0x3c7085e1,0x3c6c1460,0x3c67bb57,0x3c6379d8,0x3c5f4f1d,
  0x3c5b3a56,0x3c573ac3,0x3c534fb9,0x3c4f7872,0x3c4bb452,0x3c4802b8,0x3c4462f4,0x3c40d485,
  0x3c3d56d5,0x3c39e953,0x3c368b8c,0x3c333cf4,0x3c2ffd11,0x3c2ccb72,0x3c29a79f,0x3c269149,
  0x3c2387e3,0x3c208b2c,0x3c1d9ab7,0x3c1ab62e,0x3c17dd2d,0x3c150f7f,0x3c124cbf,0x3c0f94ac,
  0x3c0ce6fc,0x3c0a436b,0x3c07a9b5,0x3c0519a2,0x3c0292f9,0x3c001576,0x3bfb41d5,0x3bf66a57,
  0x3bf1a3fc,0x3becee6b,0x3be84959,0x3be3b46c,0x3bdf2f57,0x3bdab9ca,0x3bd65389,0x3bd1fc4c,
  0x3bcdb3de,0x3bc979f5,0x3bc54e66,0x3bc13105,0x3bbd218c,0x3bb91fde,0x3bb52bca,0x3bb14522,
  0x3bad6bd4,0x3ba99fac,0x3ba5e094,0x3ba22e68,0x3b9e8906,0x3b9af065,0x3b97645f,0x3b93e4e0,
  0x3b9071db,0x3b8d0b38,0x3b89b0ee,0x3b8662d9,0x3b8320ff,0x3b7fd688,0x3b798347,0x3b734823,
  0x3b6d2504,0x3b6719d6,0x3b612682,0x3b5b4af6,0x3b558723,0x3b4fdafd,0x3b4a4674,0x3b44c97b,
  0x3b3f63fe,0x3b3a15f4,0x3b34df45,0x3b2fbfef,0x3b2ab7d7,0x3b25c6ee,0x3b20ed2d,0x3b1c2a7c,
  0x3b177ec5,0x3b12ea02,0x3b0e6c16,0x3b0a04ef,0x3b05b474,0x3b017a8f,0x3afaae40,0x3af29433,
  0x3aeaa6a8,0x3ae2e567,0x3adb5039,0x3ad3e6cd,0x3acca8ec,0x3ac59633,0x3abeae6f,0x3ab7f135,
};
static const uint32_t JUNO_LUT38[256] = {
  0x40aaac0b,0x409cc60f,0x40901f0a,0x4084982c,0x40742b95,0x4060fe20,0x404f7b5d,0x403f7b2e,
  0x4030d97e,0x402375d1,0x401732dc,0x400bf63d,0x4001a826,0x3ff0662d,0x3fdf0742,0x3fcf106e,
  0x3fc061e6,0x3fb2deec,0x3fa66d6c,0x3f9af5c9,0x3f906292,0x3f86a054,0x3f7b3ac5,0x3f6a935a,
  0x3f5b2d31,0x3f4cedb1,0x3f3fbca6,0x3f3383f7,0x3f282f8a,0x3f1dad03,0x3f13eb9b,0x3f0adc04,
  0x3f02703b,0x3ef536e9,0x3ee6a3f0,0x3ed91216,0x3ecc6da8,0x3ec0a4a8,0x3eb5a67e,0x3eab6403,
  0x3ea1cf40,0x3e98db66,0x3e907ca9,0x3e88a831,0x3e8153fe,0x3e74edc5,0x3e6810c4,0x3e5c0155,
  0x3e50b110,0x3e4612a3,0x3e3c19bc,0x3e32bb03,0x3e29ebf6,0x3e21a2d9,0x3e19d6ac,0x3e127f1c,
  0x3e0b946b,0x3e050f74,0x3dfdd328,0x3df23941,0x3de745bb,0x3ddcedf7,0x3dd3281d,0x3dc9eaf5,
  0x3dc12dee,0x3db8e91e,0x3db1151b,0x3da9aaf5,0x3da2a449,0x3d9bfb0d,0x3d95a9ae,0x3d8faaf2,
  0x3d89f9f8,0x3d849230,0x3d7edeaf,0x3d751ae2,0x3d6bd18d,0x3d62fbad,0x3d5a92c1,0x3d5290a5,
  0x3d4aef9f,0x3d43aa50,0x3d3cbba7,0x3d361ee8,0x3d2fcfac,0x3d29c9b7,0x3d24092c,0x3d1e8a54,
  0x3d1949b9,0x3d144416,0x3d0f765b,0x3d0adda8,0x3d067741,0x3d024093,0x3cfc6e76,0x3cf4b1d4,
  0x3ced46f8,0x3ce629d9,0x3cdf56a1,0x3cd8c9af,0x3cd27f93,0x3ccc7523,0x3cc6a73e,0x3cc1130d,
  0x3cbbb5d5,0x3cb68cf8,0x3cb19606,0x3cacceb1,0x3ca834c4,0x3ca3c625,0x3c9f80e5,0x3c9b6324,
  0x3c976b0f,0x3c9396ff,0x3c8fe55a,0x3c8c549d,0x3c88e351,0x3c859017,0x3c82599d,0x3c7e7d6e,
  0x3c787c43,0x3c72ad92,0x3c6d0f3a,0x3c679f1d,0x3c625b57,0x3c5d4213,0x3c58518e,0x3c538813,
  0x3c4ee409,0x3c4a63ee,0x3c46064f,0x3c41c9c5,0x3c3dacf9,0x3c39aea8,0x3c35cda5,0x3c3208ba,
  0x3c2e5ede,0x3c2acef5,0x3c2757fd,0x3c23f902,0x3c20b11e,0x3c1d7f63,0x3c1a6302,0x3c175b27,
  0x3c146718,0x3c118606,0x3c0eb73c,0x3c0bfa1b,0x3c094df1,0x3c06b220,0x3c042614,0x3c01a938,
  0x3bfe75fc,0x3bf9b5c2,0x3bf510af,0x3bf085e1,0x3bec1460,0x3be7bb57,0x3be379d8,0x3bdf4f1d,
  0x3bdb3a56,0x3bd73ac3,0x3bd34fb9,0x3bcf7872,0x3bcbb452,0x3bc802b8,0x3bc462f4,0x3bc0d485,
  0x3bbd56d5,0x3bb9e953,0x3bb68b8c,0x3bb33cf4,0x3baffd11,0x3baccb72,0x3ba9a79f,0x3ba69149,
  0x3ba387e3,0x3ba08b2c,0x3b9d9ab7,0x3b9ab62e,0x3b97dd2d,0x3b950f7f,0x3b924cbf,0x3b8f94ac,
  0x3b8ce6fc,0x3b8a436b,0x3b87a9b5,0x3b8519a2,0x3b8292f9,0x3b801576,0x3b7b41d5,0x3b766a57,
  0x3b71a3fc,0x3b6cee6b,0x3b684959,0x3b63b46c,0x3b5f2f57,0x3b5ab9ca,0x3b565389,0x3b51fc4c,
  0x3b4db3de,0x3b4979f5,0x3b454e66,0x3b413105,0x3b3d218c,0x3b391fde,0x3b352bca,0x3b314522,
  0x3b2d6bd4,0x3b299fac,0x3b25e094,0x3b222e68,0x3b1e8906,0x3b1af065,0x3b17645f,0x3b13e4e0,
  0x3b1071db,0x3b0d0b38,0x3b09b0ee,0x3b0662d9,0x3b0320ff,0x3affd688,0x3af98347,0x3af34823,
  0x3aed2504,0x3ae719d6,0x3ae12682,0x3adb4af6,0x3ad58723,0x3acfdafd,0x3aca4674,0x3ac4c97b,
  0x3abf63fe,0x3aba15f4,0x3ab4df45,0x3aafbfef,0x3aaab7d7,0x3aa5c6ee,0x3aa0ed2d,0x3a9c2a7c,
  0x3a977ec5,0x3a92ea02,0x3a8e6c16,0x3a8a04ef,0x3a85b474,0x3a817a8f,0x3a7aae40,0x3a729433,
  0x3a6aa6a8,0x3a62e567,0x3a5b5039,0x3a53e6cd,0x3a4ca8ec,0x3a459633,0x3a3eae6f,0x3a37f135,
};
static const uint32_t JUNO_LUT39[256] = {
  0x3b9a10b5,0x3b9bd8de,0x3b9e525f,0x3ba1772e,0x3ba54157,0x3ba9ab0c,0x3baeae94,0x3bb44657,
  0x3bba6cd7,0x3bc11cb3,0x3bc850a7,0x3bd0038a,0x3bd8304b,0x3be0d1fa,0x3be9e3bd,0x3bf360d9,
  0x3bfd44a9,0x3c03c553,0x3c091731,0x3c0e95c2,0x3c143eeb,0x3c1a1099,0x3c2008cb,0x3c262584,
  0x3c2c64dc,0x3c32c4f2,0x3c3943f4,0x3c3fe01a,0x3c4697a8,0x3c4d68ef,0x3c54524a,0x3c5b5220,
  0x3c6266e6,0x3c698f18,0x3c70c940,0x3c7813f2,0x3c7f6dce,0x3c836abd,0x3c8724d9,0x3c8ae498,
  0x3c8ea960,0x3c92729b,0x3c963fb7,0x3c9a102a,0x3c9de36d,0x3ca1b8fd,0x3ca5905d,0x3ca96917,
  0x3cad42b6,0x3cb11cce,0x3cb4f6f1,0x3cb8d0bd,0x3cbca9d0,0x3cc081ce,0x3cc45860,0x3cc82d30,
  0x3ccbfff2,0x3ccfd05c,0x3cd39e23,0x3cd76908,0x3cdb30cb,0x3cdef532,0x3ce2b606,0x3ce67316,
  0x3cea2c34,0x3cede133,0x3cf191ed,0x3cf53e3d,0x3cf8e606,0x3cfc892a,0x3d0013c9,0x3d01e094,
  0x3d03aaec,0x3d0572cb,0x3d07382c,0x3d08fb09,0x3d0abb61,0x3d0c7933,0x3d0e3480,0x3d0fed49,
  0x3d11a393,0x3d135762,0x3d1508bd,0x3d16b7ad,0x3d186439,0x3d1a0e6b,0x3d1bb654,0x3d1d5bfb,
  0x3d1eff73,0x3d20a0c7,0x3d22400d,0x3d23dd53,0x3d2578ad,0x3d271230,0x3d28a9f1,0x3d2a4004,
  0x3d2bd482,0x3d2d6785,0x3d2ef923,0x3d308978,0x3d32189f,0x3d33a6b3,0x3d3533d0,0x3d36c015,
  0x3d384b9e,0x3d39d68f,0x3d3b6102,0x3d3ceb1a,0x3d3e74f8,0x3d3ffebe,0x3d41888d,0x3d43128a,
  0x3d449cd7,0x3d462797,0x3d47b2f1,0x3d493f07,0x3d4acc00,0x3d4c5a03,0x3d4de935,0x3d4f79bb,
  0x3d510bbe,0x3d529f63,0x3d5434d1,0x3d55cc34,0x3d5765af,0x3d59016b,0x3d5a9f92,0x3d5c404a,
  0x3d5de3bc,0x3d5f8a10,0x3d613371,0x3d62e003,0x3d648ff2,0x3d664365,0x3d67fa82,0x3d69b574,
  0x3d6b7462,0x3d6d3774,0x3d6efed1,0x3d70caa1,0x3d729b0c,0x3d747036,0x3d764a47,0x3d782965,
  0x3d7a0db7,0x3d7bf75f,0x3d7de686,0x3d7fdb4e,0x3d80eaee,0x3d81eb29,0x3d82ee6a,0x3d83f4c2,
  0x3d84fe42,0x3d860afb,0x3d871afc,0x3d882e56,0x3d894518,0x3d8a5f51,0x3d8b7d0f,0x3d8c9e63,
  0x3d8dc358,0x3d8eebfe,0x3d901860,0x3d91488b,0x3d927c8a,0x3d93b46c,0x3d94f03a,0x3d962ffe,
  0x3d9773c3,0x3d98bb92,0x3d9a0776,0x3d9b5773,0x3d9cab95,0x3d9e03e2,0x3d9f605f,0x3da0c113,
  0x3da22604,0x3da38f36,0x3da4fcad,0x3da66e6b,0x3da7e477,0x3da95ecd,0x3daadd71,0x3dac6062,
  0x3dade7a2,0x3daf732e,0x3db10305,0x3db29723,0x3db42f85,0x3db5cc26,0x3db76d02,0x3db91212,
  0x3dbabb4f,0x3dbc68b1,0x3dbe1a30,0x3dbfcfc1,0x3dc1895b,0x3dc346f0,0x3dc50875,0x3dc6cddc,
  0x3dc89717,0x3dca6416,0x3dcc34c8,0x3dce091b,0x3dcfe0fe,0x3dd1bc5d,0x3dd39b22,0x3dd57d39,
  0x3dd76288,0x3dd94af8,0x3ddb3670,0x3ddd24d7,0x3ddf1612,0x3de10a00,0x3de30086,0x3de4f985,
  0x3de6f4dd,0x3de8f26a,0x3deaf20c,0x3decf39d,0x3deef6f8,0x3df0fbf6,0x3df30271,0x3df50a3e,
  0x3df71332,0x3df91d24,0x3dfb27e2,0x3dfd3342,0x3dff3f10,0x3e00a58f,0x3e01ab9b,0x3e02b193,
  0x3e03b75c,0x3e04bcd8,0x3e05c1f0,0x3e06c682,0x3e07ca71,0x3e08cda1,0x3e09cff0,0x3e0ad13f,
  0x3e0bd16c,0x3e0cd057,0x3e0dcddc,0x3e0ec9da,0x3e0fc42b,0x3e10bca9,0x3e11b332,0x3e12a79b,
  0x3e1399c0,0x3e148978,0x3e157699,0x3e1660fa,0x3e174870,0x3e182cd0,0x3e190deb,0x3e19eb97,
};
static const uint32_t JUNO_LUT40[256] = {
  0x3b8d8c28,0x3b8f2f40,0x3b917548,0x3b9458b3,0x3b97d40a,0x3b9be1f4,0x3ba07d34,0x3ba5a0a2,
  0x3bab4734,0x3bb16bfa,0x3bb80a1c,0x3bbf1cdc,0x3bc69f96,0x3bce8dba,0x3bd6e2dc,0x3bdf9a9a,
  0x3be8b0b5,0x3bf22103,0x3bfbe770,0x3c030002,0x3c08336d,0x3c0d8c13,0x3c130819,0x3c18a5b2,
  0x3c1e6318,0x3c243e94,0x3c2a3678,0x3c304923,0x3c3674fb,0x3c3cb874,0x3c43120f,0x3c498050,
  0x3c5001ce,0x3c569524,0x3c5d38fa,0x3c63ec03,0x3c6aacf9,0x3c717aa4,0x3c7853d2,0x3c7f375e,
  0x3c831214,0x3c868c91,0x3c8a0a9d,0x3c8d8bbc,0x3c910f6f,0x3c949541,0x3c981cbd,0x3c9ba577,
  0x3c9f2f02,0x3ca2b8fd,0x3ca64303,0x3ca9ccb9,0x3cad55c4,0x3cb0ddd2,0x3cb46491,0x3cb7e9b4,
  0x3cbb6cf2,0x3cbeee08,0x3cc26cb4,0x3cc5e8b9,0x3cc961df,0x3cccd7ed,0x3cd04ab3,0x3cd3ba04,
  0x3cd725b4,0x3cda8d9c,0x3cddf197,0x3ce15184,0x3ce4ad49,0x3ce804ca,0x3ceb57f0,0x3ceea6a8,
  0x3cf1f0e3,0x3cf53690,0x3cf877aa,0x3cfbb425,0x3cfeebff,0x3d010f9b,0x3d02a6e5,0x3d043be1,
  0x3d05ce91,0x3d075ef9,0x3d08ed21,0x3d0a7910,0x3d0c02cd,0x3d0d8a62,0x3d0f0fdb,0x3d109344,
  0x3d1214a9,0x3d139418,0x3d1511a3,0x3d168d58,0x3d180748,0x3d197f89,0x3d1af62b,0x3d1c6b44,
  0x3d1ddee7,0x3d1f512f,0x3d20c22f,0x3d223200,0x3d23a0bc,0x3d250e7b,0x3d267b57,0x3d27e76f,
  0x3d2952d8,0x3d2abdb6,0x3d2c281f,0x3d2d9237,0x3d2efc18,0x3d3065e4,0x3d31cfb8,0x3d3339b5,
  0x3d34a3fd,0x3d360eae,0x3d3779ed,0x3d38e5da,0x3d3a5296,0x3d3bc047,0x3d3d2f0d,0x3d3e9f0e,
  0x3d40106b,0x3d418349,0x3d42f7cc,0x3d446e1a,0x3d45e655,0x3d4760a2,0x3d48dd28,0x3d4a5c09,
  0x3d4bdd6d,0x3d4d6176,0x3d4ee84d,0x3d507213,0x3d51fef1,0x3d538f08,0x3d55227e,0x3d56b978,
  0x3d58541e,0x3d59f290,0x3d5b94f5,0x3d5d3b71,0x3d5ee626,0x3d60953a,0x3d6248cd,0x3d640107,
  0x3d65be05,0x3d677fee,0x3d6946e3,0x3d6b1302,0x3d6ce472,0x3d6ebb4d,0x3d7097b9,0x3d7279d1,
  0x3d7461b7,0x3d764f88,0x3d784362,0x3d7a3d63,0x3d7c3da4,0x3d7e4446,0x3d8028b0,0x3d813288,
  0x3d823fb6,0x3d835047,0x3d846448,0x3d857bc4,0x3d8696c4,0x3d87b556,0x3d88d783,0x3d89fd54,
  0x3d8b26d2,0x3d8c5408,0x3d8d84fc,0x3d8eb9b6,0x3d8ff23e,0x3d912e9a,0x3d926ed1,0x3d93b2e7,
  0x3d94fae1,0x3d9646c6,0x3d979695,0x3d98ea54,0x3d9a4207,0x3d9b9dab,0x3d9cfd44,0x3d9e60d1,
  0x3d9fc855,0x3da133ca,0x3da2a332,0x3da41688,0x3da58dca,0x3da708f4,0x3da88800,0x3daa0ae9,
  0x3dab91aa,0x3dad1c39,0x3daeaa91,0x3db03ca6,0x3db1d270,0x3db36be3,0x3db508f5,0x3db6a999,
  0x3db84dc2,0x3db9f560,0x3dbba066,0x3dbd4ec2,0x3dbf0064,0x3dc0b539,0x3dc26d2f,0x3dc42831,
  0x3dc5e62b,0x3dc7a705,0x3dc96aa8,0x3dcb30ff,0x3dccf9ec,0x3dcec558,0x3dd09325,0x3dd26339,
  0x3dd43576,0x3dd609bb,0x3dd7dfe9,0x3dd9b7de,0x3ddb917b,0x3ddd6c98,0x3ddf4915,0x3de126c7,
  0x3de30589,0x3de4e536,0x3de6c5a0,0x3de8a69e,0x3dea8803,0x3dec69a0,0x3dee4b4a,0x3df02ccf,
  0x3df20dfd,0x3df3eea2,0x3df5ce8c,0x3df7ad81,0x3df98b4c,0x3dfb67b7,0x3dfd4286,0x3dff1b7f,
  0x3e007932,0x3e01637d,0x3e024c7f,0x3e033419,0x3e041a2b,0x3e04fe90,0x3e05e126,0x3e06c1cb,
  0x3e07a05a,0x3e087caf,0x3e0956a3,0x3e0a2e10,0x3e0b02cf,0x3e0bd4b7,0x3e0ca3a0,0x3e0d6f60,
};
static const uint32_t JUNO_LUT41[256] = {
  0x3b0d8c2e,0x3b0f2f46,0x3b11754e,0x3b1458b9,0x3b17d410,0x3b1be1fb,0x3b207d3b,0x3b25a0aa,
  0x3b2b473e,0x3b316c05,0x3b380a28,0x3b3f1cea,0x3b469fa4,0x3b4e8dcb,0x3b56e2ef,0x3b5f9ab0,
  0x3b68b0cd,0x3b72211e,0x3b7be78e,0x3b830013,0x3b883380,0x3b8d8c28,0x3b930832,0x3b98a5cd,
  0x3b9e6336,0x3ba43eb6,0x3baa369e,0x3bb0494c,0x3bb67529,0x3bbcb8a8,0x3bc31247,0x3bc9808f,
  0x3bd00212,0x3bd6956f,0x3bdd394c,0x3be3ec5d,0x3beaad5c,0x3bf17b0f,0x3bf85447,0x3bff37dd,
  0x3c031259,0x3c068cdb,0x3c0a0aee,0x3c0d8c13,0x3c110fcc,0x3c1495a5,0x3c181d29,0x3c1ba5ea,
  0x3c1f2f7e,0x3c22b981,0x3c26438f,0x3c29cd4f,0x3c2d5663,0x3c30de7a,0x3c346545,0x3c37ea71,
  0x3c3b6dbb,0x3c3eeedd,0x3c426d95,0x3c45e9a6,0x3c4962d8,0x3c4cd8f4,0x3c504bc7,0x3c53bb26,
  0x3c5726e4,0x3c5a8eda,0x3c5df2e5,0x3c6152e1,0x3c64aeb6,0x3c680647,0x3c6b597e,0x3c6ea847,
  0x3c71f293,0x3c753852,0x3c78797e,0x3c7bb60c,0x3c7eedf9,0x3c8110a1,0x3c82a7f5,0x3c843cfb,
  0x3c85cfb5,0x3c876028,0x3c88ee5b,0x3c8a7a54,0x3c8c041c,0x3c8d8bbc,0x3c8f1141,0x3c9094b5,
  0x3c921625,0x3c9395a0,0x3c951337,0x3c968ef8,0x3c9808f5,0x3c998143,0x3c9af7f2,0x3c9c6d17,
  0x3c9de0c8,0x3c9f531d,0x3ca0c42a,0x3ca23409,0x3ca3a2d3,0x3ca510a1,0x3ca67d8b,0x3ca7e9b1,
  0x3ca95529,0x3caac015,0x3cac2a8e,0x3cad94b5,0x3caefea6,0x3cb06882,0x3cb1d267,0x3cb33c74,
  0x3cb4a6cd,0x3cb6118f,0x3cb77cdf,0x3cb8e8de,0x3cba55ac,0x3cbbc36f,0x3cbd3248,0x3cbea25b,
  0x3cc013cc,0x3cc186bd,0x3cc2fb55,0x3cc471b8,0x3cc5ea07,0x3cc7646a,0x3cc8e106,0x3cca5ffd,
  0x3ccbe177,0x3ccd6598,0x3cceec87,0x3cd07665,0x3cd2035c,0x3cd3938c,0x3cd5271c,0x3cd6be31,
  0x3cd858f2,0x3cd9f780,0x3cdb9a02,0x3cdd409b,0x3cdeeb6e,0x3ce09aa1,0x3ce24e54,0x3ce406ae,
  0x3ce5c3ce,0x3ce785d9,0x3ce94cf1,0x3ceb1934,0x3ceceac9,0x3ceec1cb,0x3cf09e5e,0x3cf2809e,
  0x3cf468ad,0x3cf656a9,0x3cf84aae,0x3cfa44dc,0x3cfc454c,0x3cfe4c1d,0x3d002cb4,0x3d0136a5,
  0x3d0243ee,0x3d035499,0x3d0468b6,0x3d05804e,0x3d069b6b,0x3d07ba1b,0x3d08dc67,0x3d0a0258,
  0x3d0b2bf6,0x3d0c594e,0x3d0d8a65,0x3d0ebf42,0x3d0ff7ef,0x3d113471,0x3d1274cf,0x3d13b90d,
  0x3d150131,0x3d164d40,0x3d179d3b,0x3d18f127,0x3d1a4908,0x3d1ba4dc,0x3d1d04a6,0x3d1e6866,
  0x3d1fd01e,0x3d213bc9,0x3d22ab68,0x3d241ef6,0x3d259674,0x3d2711d9,0x3d289123,0x3d2a144c,
  0x3d2b9b4e,0x3d2d2620,0x3d2eb4bd,0x3d304719,0x3d31dd2b,0x3d3376e9,0x3d351449,0x3d36b53c,
  0x3d3859b5,0x3d3a01a7,0x3d3bad02,0x3d3d5bb6,0x3d3f0db1,0x3d40c2e3,0x3d427b37,0x3d44369a,
  0x3d45f4f7,0x3d47b637,0x3d497a42,0x3d4b4103,0x3d4d0a5e,0x3d4ed639,0x3d50a479,0x3d527502,
  0x3d5447b5,0x3d561c75,0x3d57f31f,0x3d59cb94,0x3d5ba5b2,0x3d5d8154,0x3d5f5e58,0x3d613c93,
  0x3d631be2,0x3d64fc1e,0x3d66dd19,0x3d68beab,0x3d6aa0a7,0x3d6c82dd,0x3d6e6523,0x3d704746,
  0x3d722914,0x3d740a5c,0x3d75eaeb,0x3d77ca87,0x3d79a8fc,0x3d7b8613,0x3d7d618f,0x3d7f3b37,
  0x3d808967,0x3d81740b,0x3d825d68,0x3d83455d,0x3d842bca,0x3d85108a,0x3d85f37e,0x3d86d480,
  0x3d87b36c,0x3d88901f,0x3d896a71,0x3d8a423b,0x3d8b1759,0x3d8be99e,0x3d8cb8e4,0x3d8d8501,
};
static const uint32_t JUNO_LUT42[256] = {
  0x3cb9c172,0x3c89960f,0x3c565fac,0x3c2d6011,0x3c105298,0x3bf5da32,0x3bd559ba,0x3bbc0910,
  0x3ba7e676,0x3b979945,0x3b8a32e9,0x3b7e1380,0x3b6b449e,0x3b5b41bc,0x3b4d800a,0x3b4194d0,
  0x3b372cbf,0x3b2e05fa,0x3b25ebbd,0x3b1eb357,0x3b1839cd,0x3b12623d,0x3b0d1492,0x3b083c8b,
  0x3b03c900,0x3aff56a7,0x3af7adf4,0x3af0824b,0x3ae9c0fe,0x3ae359dd,0x3add3ee4,0x3ad763ec,
  0x3ad1be7a,0x3acc458e,0x3ac6f182,0x3ac1bbe4,0x3abc9f60,0x3ab797a4,0x3ab2a14c,0x3aadb9cb,
  0x3aa8df55,0x3aa410cf,0x3a9f4db5,0x3a9a9609,0x3a95ea3d,0x3a914b1e,0x3a8cb9c4,0x3a88377d,
  0x3a83c5ba,0x3a7ecc04,0x3a7633c2,0x3a6dc5bb,0x3a6584d8,0x3a5d73d0,0x3a559516,0x3a4deacd,
  0x3a4676cc,0x3a3f3a8e,0x3a383735,0x3a316d8f,0x3a2ade10,0x3a2488e2,0x3a1e6de2,0x3a188ca9,
  0x3a12e492,0x3a0d74c1,0x3a083c2f,0x3a0339a6,0x39fcd7ab,0x39f3a297,0x39ead10a,0x39e25fd5,
  0x39da4bb6,0x39d2915b,0x39cb2d6f,0x39c41c97,0x39bd5b80,0x39b6e6df,0x39b0bb79,0x39aad621,
  0x39a533c2,0x399fd15d,0x399aac04,0x3995c0e9,0x39910d58,0x398c8eb0,0x39884272,0x39842633,
  0x398037a8,0x3978e939,0x3971b5e7,0x396ad158,0x396437b5,0x395de558,0x3957d6c8,0x395208b2,
  0x394c77f5,0x3947218d,0x394202a4,0x393d1885,0x3938609f,0x3933d87b,0x392f7dce,0x392b4e60,
  0x39274818,0x392368fb,0x391faf24,0x391c18c7,0x3918a42d,0x39154fb9,0x391219df,0x390f012a,
  0x390c0431,0x390921a3,0x3906583a,0x3903a6c4,0x39010c1c,0x38fd0e59,0x38f82dd2,0x38f374aa,
  0x38eee0ff,0x38ea7106,0x38e62308,0x38e1f561,0x38dde685,0x38d9f4f5,0x38d61f45,0x38d2641d,
  0x38cec233,0x38cb3849,0x38c7c531,0x38c467d0,0x38c11f12,0x38bde9f1,0x38bac777,0x38b7b6b3,
  0x38b4b6c7,0x38b1c6d9,0x38aee61f,0x38ac13d6,0x38a94f44,0x38a697bc,0x38a3ec9a,0x38a14d3f,
  0x389eb918,0x389c2f99,0x3899b041,0x38973a93,0x3894ce1d,0x38926a75,0x38900f35,0x388dbc00,
  0x388b7082,0x38892c6b,0x3886ef74,0x3884b959,0x388289e0,0x388060d4,0x387c7c06,0x38784289,
  0x387414e7,0x386ff2e0,0x386bdc3d,0x3867d0d4,0x3863d07c,0x385fdb1c,0x385bf0a3,0x385810ff,
  0x38543c2b,0x38507227,0x384cb2f9,0x3848fea9,0x38455547,0x3841b6e4,0x383e2396,0x383a9b74,
  0x38371e9b,0x3833ad25,0x38304732,0x382cecdf,0x38299e4c,0x38265b98,0x382324e2,0x381ffa48,
  0x381cdbe7,0x3819c9da,0x3816c43c,0x3813cb27,0x3810deaf,0x380dfee9,0x380b2be6,0x380865b5,
  0x3805ac65,0x3802fffd,0x38006084,0x37fb9c02,0x37f690e4,0x37f19faf,0x37ecc858,0x37e80ad3,
  0x37e3670d,0x37dedce9,0x37da6c50,0x37d6151d,0x37d1d728,0x37cdb247,0x37c9a64b,0x37c5b300,
  0x37c1d831,0x37be15a3,0x37ba6b1a,0x37b6d858,0x37b35d1b,0x37aff91e,0x37acac1e,0x37a975d4,
  0x37a655f9,0x37a34c43,0x37a0586c,0x379d7a2a,0x379ab133,0x3797fd41,0x37955e0c,0x3792d34e,
  0x37905cc0,0x378dfa20,0x378bab2d,0x37896fa5,0x3787474c,0x378531e9,0x37832f43,0x37813f28,
  0x377ec2ca,0x377b2b9f,0x3777b87f,0x37746920,0x37713d4a,0x376e34c9,0x376b4f7a,0x37688d41,
  0x3765ee1a,0x37637205,0x3761191b,0x375ee382,0x375cd179,0x375ae350,0x37591971,0x37577461,
  0x3755f4c3,0x37549b53,0x375368ff,0x37525ed0,0x37517e03,0x3750c807,0x37503e80,0x374fe35c,
};
static const uint32_t JUNO_LUT43[256] = {
  0x3caaa9e0,0x3c7cd0a7,0x3c44f4c1,0x3c1f49e5,0x3c0498b3,0x3be1e07d,0x3bc4040c,0x3bacc1f0,
  0x3b9a4224,0x3b8b4805,0x3b7df0c2,0x3b696eb8,0x3b58270d,0x3b497133,0x3b3ccda4,0x3b31da52,
  0x3b284ab7,0x3b1fe24b,0x3b187097,0x3b11ce5e,0x3b0bdb82,0x3b067d75,0x3b019e1a,0x3afa55a5,
  0x3af227bd,0x3aea979e,0x3ae38e38,0x3adcf7b5,0x3ad6c2ea,0x3ad0e0f7,0x3acb44fc,0x3ac5e3ce,
  0x3ac0b3cd,0x3abbacb4,0x3ab6c77c,0x3ab1fe3a,0x3aad4c07,0x3aa8acec,0x3aa41dcb,0x3a9f9c4c,
  0x3a9b26ca,0x3a96bc3e,0x3a925c32,0x3a8e06a6,0x3a89bc02,0x3a857d03,0x3a814aad,0x3a7a4c5b,
  0x3a7221ba,0x3a6a183c,0x3a6232c1,0x3a5a7411,0x3a52deda,0x3a4b759b,0x3a443a92,0x3a3d2fb9,
  0x3a3656bf,0x3a2fb0ff,0x3a293f86,0x3a23030f,0x3a1cfc05,0x3a172a90,0x3a118e8e,0x3a0c27a2,
  0x3a06f533,0x3a01f677,0x39fa54fc,0x39f12055,0x39e84c8b,0x39dfd6fb,0x39d7bcd9,0x39cffb3f,
  0x39c88f28,0x39c1758c,0x39baab58,0x39b42d78,0x39adf8de,0x39a80a83,0x39a25f71,0x399cf4bb,
  0x3997c78d,0x3992d527,0x398e1ad7,0x39899609,0x39854443,0x39812319,0x397a607f,0x3972d2ff,
  0x396b9979,0x3964afe0,0x395e1252,0x3957bd23,0x3951acc8,0x394bdde9,0x39464d54,0x3940f7fd,
  0x393bdb02,0x3936f3a0,0x39323f3a,0x392dbb53,0x39296592,0x39253bb2,0x39213b96,0x391d6334,
  0x3919b0a3,0x3916220d,0x3912b5b6,0x390f69f6,0x390c3d3d,0x39092e0c,0x39063af8,0x390362ac,
  0x3900a3da,0x38fbfa9b,0x38f6dbb8,0x38f1e8d6,0x38ed1fdb,0x38e87ec8,0x38e403b2,0x38dfacc9,
  0x38db7851,0x38d764a4,0x38d3702e,0x38cf9972,0x38cbdefc,0x38c83f74,0x38c4b988,0x38c14bfb,
  0x38bdf59e,0x38bab54f,0x38b789f8,0x38b47294,0x38b16e25,0x38ae7bbc,0x38ab9a75,0x38a8c975,
  0x38a607ed,0x38a35517,0x38a0b039,0x389e189f,0x389b8da0,0x38990e9b,0x38969afa,0x3894322c,
  0x3891d3a7,0x388f7eee,0x388d3389,0x388af104,0x3888b6f8,0x38868502,0x38845ac6,0x388237ed,
  0x38801c2b,0x387c0e6b,0x3877f197,0x3873e161,0x386fdd59,0x386be520,0x3867f859,0x386416ba,
  0x38604001,0x385c73f2,0x3858b257,0x3854fb0f,0x38514df1,0x384daae9,0x384a11e2,0x384682d1,
  0x3842fdaf,0x383f827b,0x383c113c,0x3838a9f9,0x38354cbf,0x3831f9a2,0x382eb0b2,0x382b7206,
  0x38283db8,0x382513e0,0x3821f49c,0x381ee006,0x381bd63c,0x3818d75a,0x3815e37c,0x3812fabf,
  0x38101d3c,0x380d4b0d,0x380a844b,0x3807c90b,0x38051964,0x38027566,0x37ffba42,0x37faa149,
  0x37f59ff9,0x37f0b660,0x37ebe48c,0x37e72a88,0x37e28851,0x37ddfde8,0x37d98b44,0x37d53058,
  0x37d0ed13,0x37ccc15d,0x37c8ad1d,0x37c4b033,0x37c0ca7a,0x37bcfbcb,0x37b943fc,0x37b5a2db,
  0x37b2183a,0x37aea3e1,0x37ab459a,0x37a7fd2b,0x37a4ca57,0x37a1ace0,0x379ea489,0x379bb10e,
  0x3798d230,0x379607ab,0x3793513d,0x3790aea3,0x378e1f9a,0x378ba3e0,0x37893b35,0x3786e556,
  0x3784a204,0x37827101,0x37805211,0x377c89f2,0x37789304,0x3774bee9,0x37710d40,0x376d7da6,
  0x376a0fc3,0x3766c348,0x376397e7,0x37608d62,0x375da382,0x375ada19,0x37583105,0x3755a82d,
  0x37533f8e,0x3750f728,0x374ecf10,0x374cc76d,0x374ae074,0x37491a72,0x374775c6,0x3745f2ec,
  0x37449278,0x3743551c,0x37423ba9,0x3741471c,0x37407892,0x373fd160,0x373f5306,0x373eff4a,
};
static const uint32_t JUNO_LUT44[256] = {
  0x3c2aaa78,0x3bfcd122,0x3bc4f4fc,0x3b9f4a03,0x3b8498c5,0x3b61e093,0x3b44041b,0x3b2cc1fa,
  0x3b1a422b,0x3b0b480a,0x3afdf0ca,0x3ae96ebe,0x3ad82711,0x3ac97137,0x3abccda7,0x3ab1da55,
  0x3aa84ab9,0x3a9fe24c,0x3a987098,0x3a91ce60,0x3a8bdb83,0x3a867d76,0x3a819e1b,0x3a7a55a7,
  0x3a7227bf,0x3a6a979f,0x3a638e3a,0x3a5cf7b6,0x3a56c2eb,0x3a50e0f8,0x3a4b44fd,0x3a45e3ce,
  0x3a40b3ce,0x3a3bacb5,0x3a36c77d,0x3a31fe3b,0x3a2d4c08,0x3a28acec,0x3a241dcb,0x3a1f9c4d,
  0x3a1b26ca,0x3a16bc3e,0x3a125c32,0x3a0e06a6,0x3a09bc02,0x3a057d04,0x3a014aad,0x39fa4c5c,
  0x39f221ba,0x39ea183c,0x39e232c1,0x39da7411,0x39d2deda,0x39cb759b,0x39c43a93,0x39bd2fba,
  0x39b656bf,0x39afb0ff,0x39a93f86,0x39a3030f,0x399cfc05,0x39972a90,0x39918e8e,0x398c27a2,
  0x3986f533,0x3981f677,0x397a54fd,0x39712055,0x39684c8b,0x395fd6fb,0x3957bcd9,0x394ffb3f,
  0x39488f28,0x3941758c,0x393aab58,0x39342d78,0x392df8de,0x39280a83,0x39225f71,0x391cf4bb,
  0x3917c78d,0x3912d527,0x390e1ad7,0x39099609,0x39054443,0x39012319,0x38fa607f,0x38f2d2ff,
  0x38eb9979,0x38e4afe0,0x38de1252,0x38d7bd23,0x38d1acc8,0x38cbdde9,0x38c64d55,0x38c0f7fd,
  0x38bbdb02,0x38b6f3a0,0x38b23f3a,0x38adbb53,0x38a96592,0x38a53bb2,0x38a13b96,0x389d6334,
  0x3899b0a3,0x3896220d,0x3892b5b6,0x388f69f6,0x388c3d3d,0x38892e0c,0x38863af8,0x388362ac,
  0x3880a3da,0x387bfa9b,0x3876dbb8,0x3871e8d6,0x386d1fdb,0x38687ec8,0x386403b2,0x385facc9,
  0x385b7851,0x385764a4,0x3853702e,0x384f9972,0x384bdefc,0x38483f74,0x3844b988,0x38414bfb,
  0x383df59e,0x383ab54f,0x383789f8,0x38347294,0x38316e25,0x382e7bbc,0x382b9a75,0x3828c975,
  0x382607ed,0x38235517,0x3820b039,0x381e189f,0x381b8da0,0x38190e9b,0x38169afa,0x3814322c,
  0x3811d3a7,0x380f7eee,0x380d3389,0x380af104,0x3808b6f8,0x38068502,0x38045ac6,0x380237ed,
  0x38001c2b,0x37fc0e6b,0x37f7f197,0x37f3e161,0x37efdd59,0x37ebe520,0x37e7f859,0x37e416ba,
  0x37e04001,0x37dc73f2,0x37d8b257,0x37d4fb0f,0x37d14df1,0x37cdaae9,0x37ca11e2,0x37c682d1,
  0x37c2fdaf,0x37bf827b,0x37bc113c,0x37b8a9f9,0x37b54cbf,0x37b1f9a2,0x37aeb0b2,0x37ab7206,
  0x37a83db8,0x37a513e0,0x37a1f49c,0x379ee006,0x379bd63c,0x3798d75a,0x3795e37c,0x3792fabf,
  0x37901d3c,0x378d4b0d,0x378a844b,0x3787c90b,0x37851964,0x37827566,0x377fba42,0x377aa149,
  0x37759ff9,0x3770b660,0x376be48c,0x37672a88,0x37628851,0x375dfde8,0x37598b44,0x37553058,
  0x3750ed13,0x374cc15d,0x3748ad1d,0x3744b033,0x3740ca7a,0x373cfbcb,0x373943fc,0x3735a2db,
  0x3732183a,0x372ea3e1,0x372b459a,0x3727fd2b,0x3724ca57,0x3721ace0,0x371ea489,0x371bb10e,
  0x3718d230,0x371607ab,0x3713513d,0x3710aea3,0x370e1f9a,0x370ba3e0,0x37093b35,0x3706e556,
  0x3704a204,0x37027101,0x37005211,0x36fc89f2,0x36f89304,0x36f4bee9,0x36f10d40,0x36ed7da6,
  0x36ea0fc3,0x36e6c348,0x36e397e7,0x36e08d62,0x36dda382,0x36dada19,0x36d83105,0x36d5a82d,
  0x36d33f8e,0x36d0f728,0x36cecf10,0x36ccc76d,0x36cae074,0x36c91a72,0x36c775c6,0x36c5f2ec,
  0x36c49278,0x36c3551c,0x36c23ba9,0x36c1471c,0x36c07892,0x36bfd160,0x36bf5306,0x36beff4a,
};
static const uint32_t JUNO_LUT45[256] = {
  0x15a931da,0x38357b99,0x3929cab9,0x39ba4f0f,0x3a234cff,0x3a7cb9db,0x3ab4a278,0x3af46292,
  0x3b1ec45a,0x3b48002f,0x3b75da8c,0x3b94249c,0x3bafa100,0x3bcd5d58,0x3bed548e,0x3c07c0c6,
  0x3c19efa0,0x3c2d344c,0x3c418c43,0x3c56f4fc,0x3c6d6bf3,0x3c827751,0x3c8ebd42,0x3c9b868c,
  0x3ca8d1ec,0x3cb69e23,0x3cc4e9f1,0x3cd3b414,0x3ce2fb4e,0x3cf2be60,0x3d017e06,0x3d09d989,
  0x3d12711b,0x3d1b441e,0x3d2451f3,0x3d2d99fb,0x3d371b99,0x3d40d630,0x3d4ac922,0x3d54f3d1,
  0x3d5f55a1,0x3d69edf4,0x3d74bc2f,0x3d7fbfb6,0x3d857bf5,0x3d8b321a,0x3d9101f9,0x3d96eb47,
  0x3d9cedb6,0x3da308f7,0x3da93cbe,0x3daf88bd,0x3db5eca8,0x3dbc6831,0x3dc2fb0a,0x3dc9a4e9,
  0x3dd0657f,0x3dd73c81,0x3dde29a1,0x3de52c94,0x3dec450c,0x3df372bf,0x3dfab560,0x3e010652,
  0x3e04bc1e,0x3e087bf0,0x3e0c45a2,0x3e10190e,0x3e13f60d,0x3e17dc7b,0x3e1bcc33,0x3e1fc50d,
  0x3e23c6e6,0x3e27d198,0x3e2be4fd,0x3e3000f0,0x3e34254c,0x3e3851eb,0x3e3c86aa,0x3e40c361,
  0x3e4507ee,0x3e49542a,0x3e4da7f1,0x3e52031e,0x3e56658c,0x3e5acf16,0x3e5f3f99,0x3e63b6ee,
  0x3e6834f3,0x3e6cb981,0x3e714476,0x3e75d5ab,0x3e7a6cfe,0x3e7f0a4a,0x3e81d6b5,0x3e842b1e,
  0x3e86824d,0x3e88dc30,0x3e8b38b5,0x3e8d97ca,0x3e8ff95e,0x3e925d5f,0x3e94c3b9,0x3e972c5d,
  0x3e999737,0x3e9c0437,0x3e9e734a,0x3ea0e45f,0x3ea35763,0x3ea5cc46,0x3ea842f5,0x3eaabb5f,
  0x3ead3573,0x3eafb11f,0x3eb22e50,0x3eb4acf7,0x3eb72d01,0x3eb9ae5d,0x3ebc30f9,0x3ebeb4c4,
  0x3ec139ad,0x3ec3bfa2,0x3ec64692,0x3ec8ce6c,0x3ecb571f,0x3ecde099,0x3ed06ac9,0x3ed2f59d,
  0x3ed58106,0x3ed80cf1,0x3eda994e,0x3edd260b,0x3edfb318,0x3ee24063,0x3ee4cddc,0x3ee75b72,
  0x3ee9e913,0x3eec76af,0x3eef0434,0x3ef19193,0x3ef41ebb,0x3ef6ab99,0x3ef9381f,0x3efbc43a,
  0x3efe4fdb,0x3f006d79,0x3f01b2b6,0x3f02f79c,0x3f043c24,0x3f058046,0x3f06c3f8,0x3f080733,
  0x3f0949ee,0x3f0a8c22,0x3f0bcdc5,0x3f0d0ed1,0x3f0e4f3c,0x3f0f8eff,0x3f10ce11,0x3f120c6a,
  0x3f134a02,0x3f1486d1,0x3f15c2d0,0x3f16fdf5,0x3f183839,0x3f197193,0x3f1aa9fd,0x3f1be16d,
  0x3f1d17db,0x3f1e4d41,0x3f1f8195,0x3f20b4d0,0x3f21e6e9,0x3f2317da,0x3f244799,0x3f25761f,
  0x3f26a365,0x3f27cf62,0x3f28fa0e,0x3f2a2362,0x3f2b4b56,0x3f2c71e1,0x3f2d96fc,0x3f2ebaa0,
  0x3f2fdcc5,0x3f30fd62,0x3f321c70,0x3f3339e7,0x3f3455c0,0x3f356ff3,0x3f368877,0x3f379f47,
  0x3f38b459,0x3f39c7a6,0x3f3ad927,0x3f3be8d3,0x3f3cf6a4,0x3f3e0292,0x3f3f0c94,0x3f4014a4,
  0x3f411abb,0x3f421ecf,0x3f4320da,0x3f4420d5,0x3f451eb8,0x3f461a7b,0x3f471417,0x3f480b85,
  0x3f4900bc,0x3f49f3b7,0x3f4ae46c,0x3f4bd2d5,0x3f4cbeeb,0x3f4da8a6,0x3f4e8ffe,0x3f4f74ed,
  0x3f50576b,0x3f513770,0x3f5214f6,0x3f52eff5,0x3f53c866,0x3f549e42,0x3f557181,0x3f56421c,
  0x3f57100c,0x3f57db4a,0x3f58a3ce,0x3f596992,0x3f5a2c8d,0x3f5aecba,0x3f5baa11,0x3f5c648b,
  0x3f5d1c20,0x3f5dd0ca,0x3f5e8281,0x3f5f313f,0x3f5fdcfd,0x3f6085b3,0x3f612b5a,0x3f61cdec,
  0x3f626d61,0x3f6309b2,0x3f63a2d9,0x3f6438cf,0x3f64cb8c,0x3f655b0a,0x3f65e741,0x3f66702b,
  0x3f66f5c2,0x3f6777fd,0x3f67f6d7,0x3f687249,0x3f68ea4a,0x3f695ed6,0x3f69cfe5,0x3f6a3d70,
};
static const uint32_t JUNO_LUT46[256] = {
  0xc12f6048,0xc12d40c5,0xc12b3a6b,0xc1294b4f,0xc1277198,0xc125ab7e,0xc123f74b,0xc1225359,
  0xc120be15,0xc11f35fc,0xc11db99b,0xc11c478f,0xc11ade85,0xc1197d3a,0xc118227a,0xc116cd21,
  0xc1157c18,0xc1142e59,0xc112e2e9,0xc11198df,0xc1104f5d,0xc10f0592,0xc10dbabd,0xc10c6e28,
  0xc10b1f29,0xc109cd25,0xc108778b,0xc1071dd7,0xc105bf90,0xc1045c47,0xc102f39c,0xc1018536,
  0xc10010c9,0xc0fd2c22,0xc0fa29ac,0xc0f719d3,0xc0f3fc4b,0xc0f0d0db,0xc0ed975e,0xc0ea4fbe,
  0xc0e6f9f7,0xc0e39614,0xc0e02433,0xc0dca47d,0xc0d9172d,0xc0d57c89,0xc0d1d4e9,0xc0ce20af,
  0xc0ca604a,0xc0c69434,0xc0c2bcf6,0xc0bedb21,0xc0baef51,0xc0b6fa2c,0xc0b2fc62,0xc0aef6ab,
  0xc0aae9c8,0xc0a6d681,0xc0a2bda6,0xc09ea00e,0xc09a7e95,0xc0965a1d,0xc092338e,0xc08e0bd3,
  0xc089e3dc,0xc085bc9e,0xc081970e,0xc07ae84c,0xc072a9bf,0xc06a746f,0xc0624a55,0xc05a2d6d,
  0xc0521fb0,0xc04a2317,0xc0423999,0xc03a6527,0xc032a7af,0xc02b031a,0xc0237949,0xc01c0c14,
  0xc014bd4c,0xc00d8eb6,0xc006820f,0xbfff3209,0xbff1aa71,0xbfe4707c,0xbfd78732,0xbfcaf17a,
  0xbfbeb217,0xbfb2cba8,0xbfa740a5,0xbf9c135b,0xbf9145ec,0xbf86da4e,0xbf79a488,0xbf665ec4,
  0xbf53e60c,0xbf423cb1,0xbf316493,0xbf215f1d,0xbf122d40,0xbf03cf71,0xbeec8b44,0xbed31e7e,
  0xbebb5654,0xbea52f6b,0xbe90a544,0xbe7b6464,0xbe589e9e,0xbe38e8f0,0xbe1c3080,0xbe025fd5,
  0xbdd6bd88,0xbdae24bd,0xbd8ab9c4,0xbd58769a,0xbd24c437,0xbcf38393,0xbcad90b0,0xbc6c9114,
  0xbc18541b,0xbbb66730,0xbb470b7f,0xbac2f354,0xba32ac1b,0xb9c26de8,0xb9993d97,0x00000000,
  0x00000000,0x39993d97,0x39c26de8,0x3a32ac1b,0x3ac2f354,0x3b470b7f,0x3bb66730,0x3c18541b,
  0x3c6c9114,0x3cad90b0,0x3cf38393,0x3d24c437,0x3d58769a,0x3d8ab9c4,0x3dae24bd,0x3dd6bd88,
  0x3e025fd5,0x3e1c3080,0x3e38e8f0,0x3e589e9e,0x3e7b6464,0x3e90a544,0x3ea52f6b,0x3ebb5654,
  0x3ed31e7e,0x3eec8b44,0x3f03cf71,0x3f122d40,0x3f215f1d,0x3f316493,0x3f423cb1,0x3f53e60c,
  0x3f665ec4,0x3f79a488,0x3f86da4e,0x3f9145ec,0x3f9c135b,0x3fa740a5,0x3fb2cba8,0x3fbeb217,
  0x3fcaf17a,0x3fd78732,0x3fe4707c,0x3ff1aa71,0x3fff3209,0x4006820f,0x400d8eb6,0x4014bd4c,
  0x401c0c14,0x40237949,0x402b031a,0x4032a7af,0x403a6527,0x40423999,0x404a2317,0x40521fb0,
  0x405a2d6d,0x40624a55,0x406a746f,0x4072a9bf,0x407ae84c,0x4081970e,0x4085bc9e,0x4089e3dc,
  0x408e0bd3,0x4092338e,0x40965a1d,0x409a7e95,0x409ea00e,0x40a2bda6,0x40a6d681,0x40aae9c8,
  0x40aef6ab,0x40b2fc62,0x40b6fa2c,0x40baef51,0x40bedb21,0x40c2bcf6,0x40c69434,0x40ca604a,
  0x40ce20af,0x40d1d4e9,0x40d57c89,0x40d9172d,0x40dca47d,0x40e02433,0x40e39614,0x40e6f9f7,
  0x40ea4fbe,0x40ed975e,0x40f0d0db,0x40f3fc4b,0x40f719d3,0x40fa29ac,0x40fd2c22,0x410010c9,
  0x41018536,0x4102f39c,0x41045c47,0x4105bf90,0x41071dd7,0x4108778b,0x4109cd25,0x410b1f29,
  0x410c6e28,0x410dbabd,0x410f0592,0x41104f5d,0x411198df,0x4112e2e9,0x41142e59,0x41157c18,
  0x4116cd21,0x4118227a,0x41197d3a,0x411ade85,0x411c478f,0x411db99b,0x411f35fc,0x4120be15,
  0x41225359,0x4123f74b,0x4125ab7e,0x41277198,0x41294b4f,0x412b3a6b,0x412d40c5,0x412f6048,
};
static const uint32_t JUNO_LUT47[256] = {
  0xc0691681,0xc065f1be,0xc062fa12,0xc0602c2d,0xc05d84df,0xc05b0115,0xc0589ddb,0xc0565859,
  0xc0542dd4,0xc0521bae,0xc0501f66,0xc04e3694,0xc04c5eec,0xc04a963e,0xc048da72,0xc047298b,
  0xc04581a5,0xc043e0f5,0xc04245c7,0xc040ae80,0xc03f199b,0xc03d85ad,0xc03bf15f,0xc03a5b6f,
  0xc038c2b3,0xc0372616,0xc0358495,0xc033dd44,0xc0322f49,0xc03079df,0xc02ebc52,0xc02cf601,
  0xc02b265d,0xc0294ce9,0xc0276938,0xc0257aee,0xc02381bf,0xc0217d6f,0xc01f6dd0,0xc01d52c5,
  0xc01b2c3d,0xc018fa35,0xc016bcb9,0xc01473e0,0xc0121fce,0xc00fc0b5,0xc00d56ce,0xc00ae262,
  0xc00863c1,0xc005db48,0xc003495b,0xc000ae68,0xbffc15d0,0xbff6beb2,0xbff15886,0xbfebe469,
  0xbfe66387,0xbfe0d719,0xbfdb4063,0xbfd5a0b4,0xbfcff967,0xbfca4bdf,0xbfc49988,0xbfbee3d6,
  0xbfb92c41,0xbfb37449,0xbfadbd74,0xbfa80948,0xbfa25952,0xbf9caf1e,0xbf970c3a,0xbf917236,
  0xbf8be29f,0xbf865f01,0xbf80e8e6,0xbf7703a7,0xbf6c5699,0xbf61cd9b,0xbf576b98,0xbf4d3371,
  0xbf4327f3,0xbf394bdc,0xbf2fa1d4,0xbf262c70,0xbf1cee2c,0xbf13e96c,0xbf0b2077,0xbf029579,
  0xbef49500,0xbee482f0,0xbed4f856,0xbec5f87f,0xbeb7866c,0xbea9a4cd,0xbe9c5602,0xbe8f9c11,
  0xbe8378a7,0xbe6fda27,0xbe59f486,0xbe45417c,0xbe31c145,0xbe1f7346,0xbe0e5603,0xbdfcce30,
  0xbddf4660,0xbdc40c05,0xbdab148e,0xbd945360,0xbd7f7394,0xbd5a6de1,0xbd396f88,0xbd1c4dde,
  0xbd02d992,0xbcd9bd22,0xbcb447c9,0xbc94d734,0xbc75ca8a,0xbc4bc2dc,0xbc2a60e9,0xbc105872,
  0xbbf88def,0xbbd96686,0xbbc019ea,0xbba9581d,0xbb91a0fa,0xbb6a8695,0xbb20b7ba,0x1203efe4,
  0x1203efe4,0x3b20b7ba,0x3b6a8695,0x3b91a0fa,0x3ba9581d,0x3bc019ea,0x3bd96686,0x3bf88def,
  0x3c105872,0x3c2a60e9,0x3c4bc2dc,0x3c75ca8a,0x3c94d734,0x3cb447c9,0x3cd9bd22,0x3d02d992,
  0x3d1c4dde,0x3d396f88,0x3d5a6de1,0x3d7f7394,0x3d945360,0x3dab148e,0x3dc40c05,0x3ddf4660,
  0x3dfcce30,0x3e0e5603,0x3e1f7346,0x3e31c145,0x3e45417c,0x3e59f486,0x3e6fda27,0x3e8378a7,
  0x3e8f9c11,0x3e9c5602,0x3ea9a4cd,0x3eb7866c,0x3ec5f87f,0x3ed4f856,0x3ee482f0,0x3ef49500,
  0x3f029579,0x3f0b2077,0x3f13e96c,0x3f1cee2c,0x3f262c70,0x3f2fa1d4,0x3f394bdc,0x3f4327f3,
  0x3f4d3371,0x3f576b98,0x3f61cd9b,0x3f6c5699,0x3f7703a7,0x3f80e8e6,0x3f865f01,0x3f8be29f,
  0x3f917236,0x3f970c3a,0x3f9caf1e,0x3fa25952,0x3fa80948,0x3fadbd74,0x3fb37449,0x3fb92c41,
  0x3fbee3d6,0x3fc49988,0x3fca4bdf,0x3fcff967,0x3fd5a0b4,0x3fdb4063,0x3fe0d719,0x3fe66387,
  0x3febe469,0x3ff15886,0x3ff6beb2,0x3ffc15d0,0x4000ae68,0x4003495b,0x4005db48,0x400863c1,
  0x400ae262,0x400d56ce,0x400fc0b5,0x40121fce,0x401473e0,0x4016bcb9,0x4018fa35,0x401b2c3d,
  0x401d52c5,0x401f6dd0,0x40217d6f,0x402381bf,0x40257aee,0x40276938,0x40294ce9,0x402b265d,
  0x402cf601,0x402ebc52,0x403079df,0x40322f49,0x4033dd44,0x40358495,0x40372616,0x4038c2b3,
  0x403a5b6f,0x403bf15f,0x403d85ad,0x403f199b,0x4040ae80,0x404245c7,0x4043e0f5,0x404581a5,
  0x4047298b,0x4048da72,0x404a963e,0x404c5eec,0x404e3694,0x40501f66,0x40521bae,0x40542dd4,
  0x40565859,0x40589ddb,0x405b0115,0x405d84df,0x40602c2d,0x4062fa12,0x4065f1be,0x40691681,
};
static const uint32_t JUNO_LUT48[256] = {
  0x3f000000,0x3f000000,0x3f000000,0x3f000000,0x3f000000,0x3f000000,0x3f000000,0x3f000000,
  0x3f000000,0x3f000000,0x3f2aaaab,0x3f2aaaab,0x3f2aaaab,0x3f2aaaab,0x3f2aaaab,0x3f2aaaab,
  0x3f2aaaab,0x3f2aaaab,0x3f2aaaab,0x3f2aaaab,0x3f400000,0x3f400000,0x3f400000,0x3f400000,
  0x3f400000,0x3f400000,0x3f400000,0x3f400000,0x3f400000,0x3f400000,0x3f800000,0x3f800000,
  0x3f800000,0x3f800000,0x3f800000,0x3f800000,0x3f800000,0x3f800000,0x3f800000,0x3f800000,
  0x3faaaaab,0x3faaaaab,0x3faaaaab,0x3faaaaab,0x3faaaaab,0x3faaaaab,0x3faaaaab,0x3faaaaab,
  0x3faaaaab,0x3faaaaab,0x3faaaaab,0x3fc00000,0x3fc00000,0x3fc00000,0x3fc00000,0x3fc00000,
  0x3fc00000,0x3fc00000,0x3fc00000,0x3fc00000,0x3fc00000,0x40000000,0x40000000,0x40000000,
  0x40000000,0x40000000,0x40000000,0x40000000,0x40000000,0x40000000,0x40000000,0x402aaaab,
  0x402aaaab,0x402aaaab,0x402aaaab,0x402aaaab,0x402aaaab,0x402aaaab,0x402aaaab,0x402aaaab,
  0x402aaaab,0x40400000,0x40400000,0x40400000,0x40400000,0x40400000,0x40400000,0x40400000,
  0x40400000,0x40400000,0x40400000,0x40400000,0x40800000,0x40800000,0x40800000,0x40800000,
  0x40800000,0x40800000,0x40800000,0x40800000,0x40800000,0x40800000,0x40aaaaab,0x40aaaaab,
  0x40aaaaab,0x40aaaaab,0x40aaaaab,0x40aaaaab,0x40aaaaab,0x40aaaaab,0x40aaaaab,0x40aaaaab,
  0x40c00000,0x40c00000,0x40c00000,0x40c00000,0x40c00000,0x40c00000,0x40c00000,0x40c00000,
  0x40c00000,0x40c00000,0x41000000,0x41000000,0x41000000,0x41000000,0x41000000,0x41000000,
  0x41000000,0x41000000,0x41000000,0x41000000,0x41000000,0x412aaaab,0x412aaaab,0x412aaaab,
  0x412aaaab,0x412aaaab,0x412aaaab,0x412aaaab,0x412aaaab,0x412aaaab,0x412aaaab,0x41400000,
  0x41400000,0x41400000,0x41400000,0x41400000,0x41400000,0x41400000,0x41400000,0x41400000,
  0x41400000,0x41800000,0x41800000,0x41800000,0x41800000,0x41800000,0x41800000,0x41800000,
  0x41800000,0x41800000,0x41800000,0x41aaaaab,0x41aaaaab,0x41aaaaab,0x41aaaaab,0x41aaaaab,
  0x41aaaaab,0x41aaaaab,0x41aaaaab,0x41aaaaab,0x41aaaaab,0x41aaaaab,0x41c00000,0x41c00000,
  0x41c00000,0x41c00000,0x41c00000,0x41c00000,0x41c00000,0x41c00000,0x41c00000,0x41c00000,
  0x42000000,0x42000000,0x42000000,0x42000000,0x42000000,0x42000000,0x42000000,0x42000000,
  0x42000000,0x42000000,0x422aaaab,0x422aaaab,0x422aaaab,0x422aaaab,0x422aaaab,0x422aaaab,
  0x422aaaab,0x422aaaab,0x422aaaab,0x422aaaab,0x42400000,0x42400000,0x42400000,0x42400000,
  0x42400000,0x42400000,0x42400000,0x42400000,0x42400000,0x42400000,0x42400000,0x42800000,
  0x42800000,0x42800000,0x42800000,0x42800000,0x42800000,0x42800000,0x42800000,0x42800000,
  0x42800000,0x42aaaaab,0x42aaaaab,0x42aaaaab,0x42aaaaab,0x42aaaaab,0x42aaaaab,0x42aaaaab,
  0x42aaaaab,0x42aaaaab,0x42aaaaab,0x42c00000,0x42c00000,0x42c00000,0x42c00000,0x42c00000,
  0x42c00000,0x42c00000,0x42c00000,0x42c00000,0x42c00000,0x43000000,0x43000000,0x43000000,
  0x43000000,0x43000000,0x43000000,0x43000000,0x43000000,0x43000000,0x43000000,0x43000000,
};
static const uint32_t JUNO_LUT49[256] = {
  0x00000000,0x3b888e4a,0x3c092cd6,0x3c4eb283,0x3c8a6cd0,0x3cadd1d2,0x3cd18904,0x3cf59325,
  0x3d0cf87b,0x3d1f519d,0x3d31d55a,0x3d448415,0x3d575e31,0x3d6a6415,0x3d7d9625,0x3d887a64,
  0x3d924032,0x3d9c1cb2,0x3da61018,0x3db01a99,0x3dba3c6b,0x3dc475c5,0x3dcec6db,0x3dd92fe7,
  0x3de3b11f,0x3dee4abc,0x3df8fcf6,0x3e01e403,0x3e075614,0x3e0cd4c9,0x3e126041,0x3e17f899,
  0x3e1d9def,0x3e235061,0x3e29100e,0x3e2edd14,0x3e34b793,0x3e3a9fa9,0x3e409576,0x3e46991b,
  0x3e4caab6,0x3e52ca69,0x3e58f855,0x3e5f349a,0x3e657f59,0x3e6bd8b5,0x3e7240cf,0x3e78b7ca,
  0x3e7f3dc7,0x3e82e975,0x3e863bab,0x3e899598,0x3e8cf74c,0x3e9060db,0x3e93d257,0x3e974bd1,
  0x3e9acd5c,0x3e9e570c,0x3ea1e8f3,0x3ea58324,0x3ea925b3,0x3eacd0b2,0x3eb08436,0x3eb44052,
  0x3eb8051a,0x3ebbd2a2,0x3ebfa8ff,0x3ec38845,0x3ec77089,0x3ecb61e0,0x3ecf5c5e,0x3ed3601a,
  0x3ed76d28,0x3edb839e,0x3edfa392,0x3ee3cd1a,0x3ee8004c,0x3eec3d3f,0x3ef0840a,0x3ef4d4c2,
  0x3ef92f80,0x3efd945a,0x3f0101b4,0x3f033e61,0x3f058040,0x3f07c75d,0x3f0a13c3,0x3f0c6580,
  0x3f0ebca0,0x3f11192f,0x3f137b3a,0x3f15e2cd,0x3f184ff6,0x3f1ac2c1,0x3f1d3b3c,0x3f1fb973,
  0x3f223d74,0x3f24c74d,0x3f27570b,0x3f29ecbb,0x3f2c886c,0x3f2f2a2b,0x3f31d207,0x3f34800e,
  0x3f37344d,0x3f39eed4,0x3f3cafb1,0x3f3f76f3,0x3f4244a8,0x3f4518e0,0x3f47f3aa,0x3f4ad514,
  0x3f4dbd2f,0x3f50ac0a,0x3f53a1b4,0x3f569e3e,0x3f59a1b7,0x3f5cac30,0x3f5fbdb8,0x3f62d660,
  0x3f65f639,0x3f691d53,0x3f6c4bbf,0x3f6f818f,0x3f72bed2,0x3f76039c,0x3f794ffc,0x3f7ca405,
  0x3f800000,0x3f81b1ad,0x3f836764,0x3f852114,0x3f86dec5,0x3f88a081,0x3f8a6652,0x3f8c3040,
  0x3f8dfe56,0x3f8fd09d,0x3f91a71e,0x3f9381e5,0x3f9560f9,0x3f974466,0x3f992c36,0x3f9b1872,
  0x3f9d0925,0x3f9efe5a,0x3fa0f81a,0x3fa2f671,0x3fa4f969,0x3fa7010d,0x3fa90d68,0x3fab1e84,
  0x3fad346c,0x3faf4f2d,0x3fb16ed0,0x3fb39362,0x3fb5bcee,0x3fb7eb7f,0x3fba1f21,0x3fbc57e0,
  0x3fbe95c7,0x3fc0d8e3,0x3fc32140,0x3fc56eea,0x3fc7c1ed,0x3fca1a56,0x3fcc7831,0x3fcedb8b,
  0x3fd14470,0x3fd3b2ee,0x3fd62712,0x3fd8a0e8,0x3fdb207e,0x3fdda5e1,0x3fe0311e,0x3fe2c244,
  0x3fe55960,0x3fe7f67f,0x3fea99b1,0x3fed4302,0x3feff281,0x3ff2a83d,0x3ff56444,0x3ff826a4,
  0x3ffaef6c,0x3ffdbeac,0x40004a39,0x4001b866,0x400329e6,0x40049ec0,0x400616fc,0x400792a1,
  0x400911b8,0x400a9448,0x400c1a5a,0x400da3f6,0x400f3124,0x4010c1ec,0x40125656,0x4013ee6c,
  0x40158a36,0x401729bb,0x4018cd06,0x401a741e,0x401c1f0c,0x401dcdda,0x401f8091,0x40213738,
  0x4022f1db,0x4024b081,0x40267334,0x402839fe,0x402a04e8,0x402bd3fc,0x402da742,0x402f7ec6,
  0x40315a91,0x40333aad,0x40351f23,0x403707ff,0x4038f54a,0x403ae70e,0x403cdd56,0x403ed82c,
  0x4040d79b,0x4042dbae,0x4044e46f,0x4046f1ea,0x40490428,0x404b1b36,0x404d371f,0x404f57ed,
  0x40517dac,0x4053a867,0x4055d82b,0x40580d03,0x405a46fa,0x405c861d,0x405eca77,0x40611415,
  0x40636303,0x4065b74d,0x406810ff,0x406a7027,0x406cd4d1,0x406f3f09,0x4071aedd,0x40742459,
  0x40769f8b,0x40792081,0x407ba746,0x407e33e9,0x4080633c,0x4081af80,0x4082fec8,0x4084511a,
};
static const uint32_t JUNO_LUT50[256] = {
  0x00000000,0x3c011120,0x3c80d705,0x3cc0e50d,0x3d005654,0x3d201411,0x3d3fa90b,0x3d5f12b3,
  0x3d7e4ea0,0x3d8ead46,0x3d9e1a2a,0x3dad6cfb,0x3dbca4ca,0x3dcbc0b7,0x3ddabff1,0x3de9a1b9,
  0x3df8655c,0x3e03851d,0x3e0ac7de,0x3e11faae,0x3e191d51,0x3e202f91,0x3e27313e,0x3e2e2230,
  0x3e350242,0x3e3bd159,0x3e428f5c,0x3e493c39,0x3e4fd7e3,0x3e566254,0x3e5cdb88,0x3e634383,
  0x3e699a4b,0x3e6fdfec,0x3e761477,0x3e7c37fe,0x3e81254e,0x3e842636,0x3e871ec7,0x3e8a0f13,
  0x3e8cf72e,0x3e8fd72d,0x3e92af26,0x3e957f33,0x3e98476c,0x3e9b07ee,0x3e9dc0d4,0x3ea0723d,
  0x3ea31c47,0x3ea5bf13,0x3ea85ac2,0x3eaaef75,0x3ead7d50,0x3eb00476,0x3eb2850d,0x3eb4ff3a,
  0x3eb77323,0x3eb9e0ee,0x3ebc48c3,0x3ebeaaca,0x3ec1072b,0x3ec35e0f,0x3ec5af9f,0x3ec7fc04,
  0x3eca4367,0x3ecc85f3,0x3ecec3d1,0x3ed0fd2b,0x3ed3322c,0x3ed562fd,0x3ed78fc9,0x3ed9b8b8,
  0x3edbddf6,0x3eddffac,0x3ee01e02,0x3ee23923,0x3ee45137,0x3ee66666,0x3ee878d8,0x3eea88b6,
  0x3eec9626,0x3eeea14e,0x3ef0aa57,0x3ef2b164,0x3ef4b69a,0x3ef6ba1f,0x3ef8bc17,0x3efabca3,
  0x3efcbbe6,0x3efeba03,0x3f005b8d,0x3f0159a5,0x3f025759,0x3f0354ba,0x3f0451d5,0x3f054eb8,
  0x3f064b72,0x3f074810,0x3f08449f,0x3f09412a,0x3f0a3dbf,0x3f0b3a69,0x3f0c3731,0x3f0d3423,
  0x3f0e3149,0x3f0f2eab,0x3f102c53,0x3f112a49,0x3f122893,0x3f13273a,0x3f142644,0x3f1525b7,
  0x3f162597,0x3f1725eb,0x3f1826b6,0x3f1927fb,0x3f1a29be,0x3f1b2c01,0x3f1c2ec6,0x3f1d320f,
  0x3f1e35dc,0x3f1f3a2c,0x3f203f01,0x3f214458,0x3f224a30,0x3f235087,0x3f24575a,0x3f255ea6,
  0x3f266666,0x3f276e97,0x3f287733,0x3f298035,0x3f2a8996,0x3f2b9350,0x3f2c9d5b,0x3f2da7b1,
  0x3f2eb248,0x3f2fbd18,0x3f30c817,0x3f31d33c,0x3f32de7d,0x3f33e9cf,0x3f34f526,0x3f360077,
  0x3f370bb6,0x3f3816d6,0x3f3921ca,0x3f3a2c86,0x3f3b36fb,0x3f3c411b,0x3f3d4ad7,0x3f3e5421,
  0x3f3f5cea,0x3f406522,0x3f416cb9,0x3f42739f,0x3f4379c4,0x3f447f17,0x3f458387,0x3f468704,
  0x3f47897b,0x3f488adc,0x3f498b14,0x3f4a8a12,0x3f4b87c5,0x3f4c8419,0x3f4d7efe,0x3f4e7860,
  0x3f4f702e,0x3f506655,0x3f515ac4,0x3f524d68,0x3f533e2f,0x3f542d06,0x3f5519dd,0x3f5604a2,
  0x3f56ed42,0x3f57d3ac,0x3f58b7d0,0x3f59999b,0x3f5a78fe,0x3f5b55e9,0x3f5c304a,0x3f5d0812,
  0x3f5ddd32,0x3f5eaf9c,0x3f5f7f40,0x3f604c10,0x3f6115ff,0x3f61dd00,0x3f62a107,0x3f636208,
  0x3f641ff8,0x3f64dacc,0x3f65927a,0x3f6646fa,0x3f66f843,0x3f67a64e,0x3f685114,0x3f68f88f,
  0x3f699cbc,0x3f6a3d95,0x3f6adb18,0x3f6b7544,0x3f6c0c17,0x3f6c9f92,0x3f6d2fb7,0x3f6dbc88,
  0x3f6e4609,0x3f6ecc40,0x3f6f4f34,0x3f6fceeb,0x3f704b70,0x3f70c4cd,0x3f713b0e,0x3f71ae42,
  0x3f721e78,0x3f728bc1,0x3f72f62f,0x3f735dd7,0x3f73c2cf,0x3f74252f,0x3f748511,0x3f74e291,
  0x3f753dcd,0x3f7596e3,0x3f75edf6,0x3f76432a,0x3f7696a4,0x3f76e88d,0x3f773910,0x3f778858,
  0x3f77d696,0x3f7823fa,0x3f7870b8,0x3f78bd08,0x3f790922,0x3f795542,0x3f79a1a5,0x3f79ee8e,
  0x3f7a3c40,0x3f7a8b02,0x3f7adb1d,0x3f7b2cde,0x3f7b8094,0x3f7bd693,0x3f7c2f2f,0x3f7c8ac2,
  0x3f7ce9a8,0x3f7d4c40,0x3f7db2ee,0x3f7e1e18,0x3f7e8e27,0x3f7f0388,0x3f7f7eae,0x3f800000,
};
static const uint32_t JUNO_LUT51[2] = {
  0x3f800000,0x00000000
};
static const uint32_t JUNO_LUT52[2] = {
  0x00000000,0x3f800000
};
static const uint32_t JUNO_LUT53[3001] = {
  0x3f4379c4,0x3f447f17,0x3f458387,0x3f468704,0x3f47897b,0x3f488adc,0x3f498b14,0x3f4a8a12,
  0x3f4b87c5,0x3f4c8419,0x3f4d7efe,0x3f4e7860,0x3f4f702e,0x3f506655,0x3f515ac4,0x3f524d68,
  0x3f533e2f,0x3f542d06,0x3f5519dd,0x3f5604a2,0x3f56ed42,0x3f57d3ac,0x3f58b7d0,0x3f59999b,
  0x3f5a78fe,0x3f5b55e9,0x3f5c304a,0x3f5d0812,0x3f5ddd32,0x3f5eaf9c,0x3f5f7f40,0x3f604c10,
  0x3f6115ff,0x3f61dd00,0x3f62a107,0x3f636208,0x3f641ff8,0x3f64dacc,0x3f65927a,0x3f6646fa,
  0x3f66f843,0x3f67a64e,0x3f685114,0x3f68f88f,0x3f699cbc,0x3f6a3d95,0x3f6adb18,0x3f6b7544,
  0x3f6c0c17,0x3f6c9f92,0x3f6d2fb7,0x3f6dbc88,0x3f6e4609,0x3f6ecc40,0x3f6f4f34,0x3f6fceeb,
  0x3f704b70,0x3f70c4cd,0x3f713b0e,0x3f71ae42,0x3f721e78,0x3f728bc1,0x3f72f62f,0x3f735dd7,
  0x3f73c2cf,0x3f74252f,0x3f748511,0x3f74e291,0x3f753dcd,0x3f7596e3,0x3f75edf6,0x3f76432a,
  0x3f7696a4,0x3f76e88d,0x3f773910,0x3f778858,0x3f77d696,0x3f7823fa,0x3f7870b8,0x3f78bd08,
  0x3f790922,0x3f795542,0x3f79a1a5,0x3f79ee8e,0x3f7a3c40,0x3f7a8b02,0x3f7adb1d,0x3f7b2cde,
  0x3f7b8094,0x3f7bd693,0x3f7c2f2f,0x3f7c8ac2,0x3f7ce9a8,0x3f7d4c40,0x3f7db2ee,0x3f7e1e18,
  0x3f7e8e27,0x3f7f0388,0x3f7f7eae,0x3f800000,0x3d690453,0x3d6b58a3,0x3d6dacf6,0x3d700146,
  0x3d725598,0x3d74a9e9,0x3d76fe3b,0x3d79528c,0x3d7ba6de,0x3d7dfb2e,0x3d8027c0,0x3d8151e9,
  0x3d827c11,0x3d83a63a,0x3d84d062,0x3d85fa8b,0x3d8724b4,0x3d884edd,0x3d897905,0x3d8aa32e,
  0x3d8bcd56,0x3d8cf77f,0x3d8e21a8,0x3d8f4bd0,0x3d9075f9,0x3d91a021,0x3d92ca4b,0x3d93f473,
  0x3d951e9c,0x3d9648c4,0x3d9772ed,0x3d989d16,0x3d99c73f,0x3d9af167,0x3d9c1b8f,0x3d9d45b8,
  0x3d9e6fe1,0x3d9f9a0a,0x3da0c432,0x3da1ee5b,0x3da31883,0x3da442ac,0x3da56cd5,0x3da696fe,
  0x3da7c126,0x3da8eb4f,0x3daa1578,0x3dab3fa0,0x3dac69c9,0x3dad93f1,0x3daebe1a,0x3dafe843,
  0x3db1126c,0x3db23c94,0x3db366bd,0x3db490e5,0x3db5bb0e,0x3db6e537,0x3db80f5f,0x3db93988,
  0x3dba63b0,0x3dbb8dd9,0x3dbcb802,0x3dbde22b,0x3dbf0c54,0x3dc0367c,0x3dc160a5,0x3dc28ace,
  0x3dc3b4f5,0x3dc4df1e,0x3dc60947,0x3dc73370,0x3dc85d98,0x3dc987c1,0x3dcab1ea,0x3dcbdc13,
  0x3dcd063b,0x3dce3064,0x3dcf5a8d,0x3dd084b4,0x3dd1aedd,0x3dd2d907,0x3dd40330,0x3dd52d57,
  0x3dd65780,0x3dd781a9,0x3dd8abd2,0x3dd9d5fa,0x3ddb0023,0x3ddc2a4c,0x3ddd5474,0x3dde7e9d,
  0x3ddfa8c6,0x3de0d2ef,0x3de1fd16,0x3de3273f,0x3de45168,0x3de57b91,0x3de6a5b9,0x3de7cfe2,
  0x3de8fa0b,0x3dea2433,0x3deb4e5c,0x3dec7885,0x3deda2ae,0x3deeccd6,0x3deff6ff,0x3df12128,
  0x3df24b51,0x3df37578,0x3df49fa1,0x3df5c9ca,0x3df6f3f2,0x3df81e1b,0x3df94844,0x3dfa726d,
  0x3dfb9c95,0x3dfcc6be,0x3dfdf0e7,0x3dff1b10,0x3e00229c,0x3e00b7b0,0x3e014cc5,0x3e01e1d9,
  0x3e0276ed,0x3e030c02,0x3e03a116,0x3e04362a,0x3e04cb3e,0x3e056053,0x3e05f568,0x3e068a7b,
  0x3e071f90,0x3e07b4a4,0x3e0849b8,0x3e08decd,0x3e0973e1,0x3e0a08f6,0x3e0a9e0a,0x3e0b331e,
  0x3e0bc833,0x3e0c5d47,0x3e0cf25b,0x3e0d876f,0x3e0e1c84,0x3e0eb198,0x3e0f46ac,0x3e0fdbc1,
  0x3e1070d5,0x3e1105e9,0x3e119afe,0x3e123012,0x3e12c527,0x3e135a3b,0x3e13ef4f,0x3e148464,
  0x3e151977,0x3e15ae8c,0x3e1643a0,0x3e16d8b5,0x3e176dc9,0x3e1802dd,0x3e1897f2,0x3e192d06,
  0x3e19c21a,0x3e1a572f,0x3e1aec43,0x3e1b8157,0x3e1c166b,0x3e1cab80,0x3e1d4095,0x3e1dd5a8,
  0x3e1e6abd,0x3e1effd1,0x3e1f94e6,0x3e2029fa,0x3e20bf0e,0x3e215423,0x3e21e937,0x3e227e4b,
  0x3e231360,0x3e23a874,0x3e243d88,0x3e24d29c,0x3e2567b1,0x3e25fcc6,0x3e2691d9,0x3e2726ee,
  0x3e27bc02,0x3e285116,0x3e28e62b,0x3e297b3f,0x3e2a1054,0x3e2aa568,0x3e2b3a7c,0x3e2bcf91,
  0x3e2c64a5,0x3e2cf9b9,0x3e2d8ecd,0x3e2e23e2,0x3e2eb8f6,0x3e2f4e0a,0x3e2fe31f,0x3e307833,
  0x3e310d47,0x3e31a25c,0x3e323770,0x3e32cc85,0x3e336199,0x3e33f6ad,0x3e348bc2,0x3e3520d5,
  0x3e35b5ea,0x3e364afe,0x3e36e013,0x3e377527,0x3e380a3b,0x3e389f50,0x3e393464,0x3e39c978,
  0x3e3a5e8d,0x3e3af3a0,0x3e3b88b6,0x3e3c1dc9,0x3e3cb2dd,0x3e3d47f3,0x3e3ddd06,0x3e3e721c,
  0x3e3f072f,0x3e3f9c43,0x3e403158,0x3e40c66c,0x3e415b80,0x3e41f095,0x3e4285a9,0x3e431abd,
  0x3e43afd2,0x3e4444e6,0x3e44d9fb,0x3e456f0f,0x3e460423,0x3e469938,0x3e472e4c,0x3e47c360,
  0x3e485875,0x3e48ed89,0x3e49829c,0x3e4a17b2,0x3e4aacc6,0x3e4b41db,0x3e4bd6ef,0x3e4c6c02,
  0x3e4d0118,0x3e4d962b,0x3e4e2b3f,0x3e4ec054,0x3e4f5568,0x3e4fea7c,0x3e507f91,0x3e5114a5,
  0x3e51a9ba,0x3e523ece,0x3e52d3e2,0x3e5368f7,0x3e53fe0b,0x3e54931f,0x3e552834,0x3e55bd48,
  0x3e56525c,0x3e56e771,0x3e577c85,0x3e58119a,0x3e58a6ae,0x3e593bc2,0x3e59d0d7,0x3e5a65eb,
  0x3e5afafe,0x3e5b9014,0x3e5c2527,0x3e5cba3b,0x3e5d4f51,0x3e5de464,0x3e5e797a,0x3e5f0e8d,
  0x3e5fa3a1,0x3e6038b6,0x3e60cdca,0x3e6162de,0x3e61f7f3,0x3e628d07,0x3e63221b,0x3e63b730,
  0x3e644c44,0x3e64e159,0x3e65766d,0x3e660b81,0x3e66a096,0x3e6735aa,0x3e67cabe,0x3e685fd3,
  0x3e68f4e7,0x3e6989fa,0x3e6a1f10,0x3e6ab423,0x3e6b4939,0x3e6bde4d,0x3e6c7360,0x3e6d0876,
  0x3e6d9d89,0x3e6e329d,0x3e6ec7b2,0x3e6f5cc6,0x3e6ff1da,0x3e7086ef,0x3e711c03,0x3e71b118,
  0x3e72462c,0x3e72db40,0x3e737055,0x3e740569,0x3e749a7d,0x3e752f92,0x3e75c4a6,0x3e7659ba,
  0x3e76eecf,0x3e7783e3,0x3e7818f8,0x3e78ae0c,0x3e794320,0x3e79d835,0x3e7a6d49,0x3e7b025c,
  0x3e7b9772,0x3e7c2c85,0x3e7cc199,0x3e7d56ae,0x3e7debc2,0x3e7e80d8,0x3e7f15eb,0x3e7faaff,
  0x3e80200a,0x3e806a94,0x3e80b51e,0x3e80ffa9,0x3e814a33,0x3e8194bc,0x3e81df47,0x3e8229d1,
  0x3e82745c,0x3e82bee5,0x3e83096f,0x3e8353fa,0x3e839e84,0x3e83e90e,0x3e843398,0x3e847e22,
  0x3e84c8ac,0x3e851337,0x3e855dc1,0x3e85a84b,0x3e85f2d5,0x3e863d5f,0x3e8687ea,0x3e86d274,
  0x3e871cfe,0x3e876788,0x3e87b212,0x3e87fc9c,0x3e884727,0x3e8891b1,0x3e88dc3b,0x3e8926c5,
  0x3e89714f,0x3e89bbda,0x3e8a0663,0x3e8a50ed,0x3e8a9b78,0x3e8ae602,0x3e8b308c,0x3e8b7b16,
  0x3e8bc5a0,0x3e8c102b,0x3e8c5ab5,0x3e8ca53f,0x3e8cefc9,0x3e8d3a53,0x3e8d84dd,0x3e8dcf68,
  0x3e8e19f2,0x3e8e647c,0x3e8eaf06,0x3e8ef990,0x3e8f441b,0x3e8f8ea5,0x3e8fd92f,0x3e9023b9,
  0x3e906e43,0x3e90b8cd,0x3e910358,0x3e914de2,0x3e91986b,0x3e91e2f6,0x3e922d80,0x3e92780b,
  0x3e92c294,0x3e930d1e,0x3e9357a9,0x3e93a233,0x3e93ecbd,0x3e943747,0x3e9481d1,0x3e94cc5b,
  0x3e9516e6,0x3e956170,0x3e95abfa,0x3e95f684,0x3e96410e,0x3e968b99,0x3e96d623,0x3e9720ad,
  0x3e976b37,0x3e97b5c1,0x3e98004b,0x3e984ad6,0x3e989560,0x3e98dfea,0x3e992a74,0x3e9974fe,
  0x3e99bf89,0x3e9a0a12,0x3e9a549c,0x3e9a9f27,0x3e9ae9b1,0x3e9b343b,0x3e9b7ec5,0x3e9bc94f,
  0x3e9c13da,0x3e9c5e64,0x3e9ca8ee,0x3e9cf378,0x3e9d3e02,0x3e9d888c,0x3e9dd317,0x3e9e1da1,
  0x3e9e682b,0x3e9eb2b5,0x3e9efd3f,0x3e9f47ca,0x3e9f9254,0x3e9fdcde,0x3ea02768,0x3ea071f2,
  0x3ea0bc7c,0x3ea10707,0x3ea15190,0x3ea19c1a,0x3ea1e6a5,0x3ea2312f,0x3ea27bba,0x3ea2c643,
  0x3ea310cd,0x3ea35b58,0x3ea3a5e2,0x3ea3f06c,0x3ea43af6,0x3ea48580,0x3ea4d00a,0x3ea51a95,
  0x3ea5651f,0x3ea5afa9,0x3ea5fa33,0x3ea644bd,0x3ea68f48,0x3ea6d9d2,0x3ea7245c,0x3ea76ee6,
  0x3ea7b970,0x3ea803fa,0x3ea84e85,0x3ea8990f,0x3ea8e399,0x3ea92e23,0x3ea978ad,0x3ea9c338,
  0x3eaa0dc1,0x3eaa584b,0x3eaaa2d6,0x3eaaed60,0x3eab37ea,0x3eab8274,0x3eabccfe,0x3eac1789,
  0x3eac6213,0x3eacac9d,0x3eacf727,0x3ead41b1,0x3ead8c3b,0x3eadd6c6,0x3eae2150,0x3eae6bda,
  0x3eaeb664,0x3eaf00ee,0x3eaf4b79,0x3eaf9603,0x3eafe08d,0x3eb02b17,0x3eb075a1,0x3eb0c02b,
  0x3eb10ab6,0x3eb1553f,0x3eb19fc9,0x3eb1ea54,0x3eb234de,0x3eb27f69,0x3eb2c9f2,0x3eb3147c,
  0x3eb35f07,0x3eb3a991,0x3eb3f41b,0x3eb43ea5,0x3eb4892f,0x3eb4d3b9,0x3eb51e44,0x3eb568ce,
  0x3eb5b358,0x3eb5fde2,0x3eb6486c,0x3eb692f7,0x3eb6dd81,0x3eb7280b,0x3eb77295,0x3eb7bd1f,
  0x3eb807a9,0x3eb85234,0x3eb89cbe,0x3eb8e748,0x3eb931d2,0x3eb97c5c,0x3eb9c6e7,0x3eba1170,
  0x3eba5bfa,0x3ebaa685,0x3ebaf110,0x3ebb3b99,0x3ebb8623,0x3ebbd0ae,0x3ebc1b37,0x3ebc65c2,
  0x3ebcb04c,0x3ebcfad6,0x3ebd4560,0x3ebd8feb,0x3ebdda74,0x3ebe24ff,0x3ebe6f89,0x3ebeba12,
  0x3ebf049d,0x3ebf4f28,0x3ebf99b1,0x3ebfe43c,0x3ec02ec6,0x3ec07951,0x3ec0c3da,0x3ec10e65,
  0x3ec158ef,0x3ec1a378,0x3ec1ee03,0x3ec2388e,0x3ec28317,0x3ec2cda1,0x3ec3182c,0x3ec362b5,
  0x3ec3ad40,0x3ec3f7ca,0x3ec44254,0x3ec48cde,0x3ec4d769,0x3ec521f2,0x3ec56c7d,0x3ec5b707,
  0x3ec60190,0x3ec64c1b,0x3ec696a6,0x3ec6e130,0x3ec72bba,0x3ec77644,0x3ec7c0cf,0x3ec80b58,
  0x3ec855e3,0x3ec8a06d,0x3ec8eaf6,0x3ec93581,0x3ec9800c,0x3ec9ca95,0x3eca151f,0x3eca5faa,
  0x3ecaaa33,0x3ecaf4be,0x3ecb3f48,0x3ecb89d2,0x3ecbd45c,0x3ecc1ee7,0x3ecc6970,0x3eccb3fb,
  0x3eccfe85,0x3ecd4910,0x3ecd9399,0x3ecdde24,0x3ece28ae,0x3ece7338,0x3ecebdc2,0x3ecf084d,
  0x3ecf52d6,0x3ecf9d61,0x3ecfe7eb,0x3ed03274,0x3ed07cff,0x3ed0c78a,0x3ed11213,0x3ed15c9d,
  0x3ed1a728,0x3ed1f1b1,0x3ed23c3c,0x3ed286c7,0x3ed2d150,0x3ed31bda,0x3ed36665,0x3ed3b0f0,
  0x3ed3fb79,0x3ed44603,0x3ed4908e,0x3ed4db17,0x3ed525a2,0x3ed5702c,0x3ed5bab6,0x3ed60540,
  0x3ed64fcb,0x3ed69a54,0x3ed6e4df,0x3ed72f69,0x3ed779f2,0x3ed7c47d,0x3ed80f08,0x3ed85991,
  0x3ed8a41b,0x3ed8eea6,0x3ed9392f,0x3ed983ba,0x3ed9ce45,0x3eda18cf,0x3eda6358,0x3edaade3,
  0x3edaf86e,0x3edb42f7,0x3edb8d81,0x3edbd80c,0x3edc2295,0x3edc6d20,0x3edcb7aa,0x3edd0234,
  0x3edd4cbe,0x3edd9749,0x3edde1d2,0x3ede2c5d,0x3ede76e7,0x3edec170,0x3edf0bfb,0x3edf5686,
  0x3edfa10f,0x3edfeb9a,0x3ee03624,0x3ee080af,0x3ee0cb38,0x3ee115c3,0x3ee1604d,0x3ee1aad6,
  0x3ee1f561,0x3ee23fec,0x3ee28a75,0x3ee2d4ff,0x3ee31f8a,0x3ee36a13,0x3ee3b49e,0x3ee3ff28,
  0x3ee449b2,0x3ee4943c,0x3ee4dec7,0x3ee52950,0x3ee573db,0x3ee5be65,0x3ee608ee,0x3ee65379,
  0x3ee69e04,0x3ee6e88e,0x3ee73318,0x3ee77da2,0x3ee7c82d,0x3ee812b6,0x3ee85d41,0x3ee8a7cb,
  0x3ee8f254,0x3ee93cdf,0x3ee9876a,0x3ee9d1f3,0x3eea1c7d,0x3eea6708,0x3eeab191,0x3eeafc1c,
  0x3eeb46a6,0x3eeb9130,0x3eebdbba,0x3eec2645,0x3eec70ce,0x3eecbb59,0x3eed05e3,0x3eed506e,
  0x3eed9af7,0x3eede582,0x3eee300c,0x3eee7a96,0x3eeec520,0x3eef0fab,0x3eef5a34,0x3eefa4bf,
  0x3eefef49,0x3ef039d2,0x3ef0845d,0x3ef0cee8,0x3ef11971,0x3ef163fb,0x3ef1ae86,0x3ef1f90f,
  0x3ef2439a,0x3ef28e24,0x3ef2d8ae,0x3ef32338,0x3ef36dc3,0x3ef3b84e,0x3ef402d7,0x3ef44d61,
  0x3ef497ec,0x3ef4e275,0x3ef52d00,0x3ef5778a,0x3ef5c214,0x3ef60c9e,0x3ef65729,0x3ef6a1b2,
  0x3ef6ec3d,0x3ef736c7,0x3ef78150,0x3ef7cbdb,0x3ef81666,0x3ef860ef,0x3ef8ab79,0x3ef8f604,
  0x3ef9408d,0x3ef98b18,0x3ef9d5a3,0x3efa202d,0x3efa6ab6,0x3efab541,0x3efaffcc,0x3efb4a55,
  0x3efb94df,0x3efbdf6a,0x3efc29f3,0x3efc747e,0x3efcbf08,0x3efd0992,0x3efd541c,0x3efd9ea7,
  0x3efde930,0x3efe33bb,0x3efe7e45,0x3efec8ce,0x3eff1359,0x3eff5de4,0x3effa86d,0x3efff2f7,
  0x3f001ec1,0x3f004406,0x3f00694b,0x3f008e90,0x3f00b3d6,0x3f00d91a,0x3f00fe5f,0x3f0123a5,
  0x3f0148e9,0x3f016e2f,0x3f019374,0x3f01b8b9,0x3f01ddfe,0x3f020343,0x3f022888,0x3f024dcd,
  0x3f027312,0x3f029857,0x3f02bd9c,0x3f02e2e2,0x3f030826,0x3f032d6c,0x3f0352b1,0x3f0377f6,
  0x3f039d3b,0x3f03c280,0x3f03e7c5,0x3f040d0a,0x3f04324f,0x3f045795,0x3f047cd9,0x3f04a21e,
  0x3f04c764,0x3f04eca8,0x3f0511ee,0x3f053733,0x3f055c78,0x3f0581bd,0x3f05a702,0x3f05cc47,
  0x3f05f18c,0x3f0616d1,0x3f063c16,0x3f06615b,0x3f0686a1,0x3f06abe6,0x3f06d12b,0x3f06f670,
  0x3f071bb5,0x3f0740fa,0x3f07663f,0x3f078b84,0x3f07b0c9,0x3f07d60e,0x3f07fb54,0x3f082098,
  0x3f0845de,0x3f086b23,0x3f089067,0x3f08b5ad,0x3f08daf2,0x3f090037,0x3f09257c,0x3f094ac1,
  0x3f097006,0x3f09954b,0x3f09ba90,0x3f09dfd6,0x3f0a051a,0x3f0a2a60,0x3f0a4fa5,0x3f0a74ea,
  0x3f0a9a2f,0x3f0abf74,0x3f0ae4b9,0x3f0b09fe,0x3f0b2f43,0x3f0b5488,0x3f0b79cd,0x3f0b9f13,
  0x3f0bc457,0x3f0be99d,0x3f0c0ee2,0x3f0c3426,0x3f0c596c,0x3f0c7eb1,0x3f0ca3f6,0x3f0cc93b,
  0x3f0cee80,0x3f0d13c6,0x3f0d390a,0x3f0d5e4f,0x3f0d8395,0x3f0da8d9,0x3f0dce1f,0x3f0df364,
  0x3f0e18a9,0x3f0e3dee,0x3f0e6333,0x3f0e8878,0x3f0eadbd,0x3f0ed302,0x3f0ef847,0x3f0f1d8c,
  0x3f0f42d2,0x3f0f6816,0x3f0f8d5c,0x3f0fb2a1,0x3f0fd7e5,0x3f0ffd2b,0x3f102270,0x3f1047b5,
  0x3f106cfa,0x3f10923f,0x3f10b785,0x3f10dcc9,0x3f11020e,0x3f112754,0x3f114c98,0x3f1171de,
  0x3f119723,0x3f11bc68,0x3f11e1ad,0x3f1206f2,0x3f122c37,0x3f12517c,0x3f1276c1,0x3f129c06,
  0x3f12c14b,0x3f12e691,0x3f130bd5,0x3f13311b,0x3f135660,0x3f137ba5,0x3f13a0ea,0x3f13c62f,
  0x3f13eb74,0x3f1410b9,0x3f1435fe,0x3f145b44,0x3f148088,0x3f14a5cd,0x3f14cb13,0x3f14f057,
  0x3f15159d,0x3f153ae2,0x3f156027,0x3f15856c,0x3f15aab1,0x3f15cff6,0x3f15f53b,0x3f161a80,
  0x3f163fc5,0x3f16650a,0x3f168a50,0x3f16af95,0x3f16d4da,0x3f16fa1f,0x3f171f64,0x3f1744a9,
  0x3f1769ee,0x3f178f33,0x3f17b478,0x3f17d9bd,0x3f17ff03,0x3f182447,0x3f18498c,0x3f186ed2,
  0x3f189416,0x3f18b95c,0x3f18dea1,0x3f1903e6,0x3f19292b,0x3f194e70,0x3f1973b5,0x3f1998fa,
  0x3f19be3f,0x3f19e385,0x3f1a08c9,0x3f1a2e0f,0x3f1a5354,0x3f1a7899,0x3f1a9dde,0x3f1ac323,
  0x3f1ae868,0x3f1b0dad,0x3f1b32f2,0x3f1b5837,0x3f1b7d7c,0x3f1ba2c2,0x3f1bc806,0x3f1bed4c,
  0x3f1c1291,0x3f1c37d5,0x3f1c5d1b,0x3f1c8260,0x3f1ca7a5,0x3f1cccea,0x3f1cf22f,0x3f1d1775,
  0x3f1d3cb9,0x3f1d61fe,0x3f1d8744,0x3f1dac88,0x3f1dd1ce,0x3f1df713,0x3f1e1c58,0x3f1e419d,
  0x3f1e66e2,0x3f1e8c27,0x3f1eb16c,0x3f1ed6b1,0x3f1efbf6,0x3f1f213b,0x3f1f4681,0x3f1f6bc5,
  0x3f1f910b,0x3f1fb650,0x3f1fdb94,0x3f2000da,0x3f20261f,0x3f204b64,0x3f2070a9,0x3f2095ee,
  0x3f20bb34,0x3f20e078,0x3f2105bd,0x3f212b03,0x3f215047,0x3f21758d,0x3f219ad2,0x3f21c017,
  0x3f21e55c,0x3f220aa1,0x3f222fe6,0x3f22552b,0x3f227a70,0x3f229fb5,0x3f22c4fa,0x3f22ea40,
  0x3f230f84,0x3f2334ca,0x3f235a0f,0x3f237f54,0x3f23a499,0x3f23c9de,0x3f23ef23,0x3f241468,
  0x3f2439ad,0x3f245ef3,0x3f248437,0x3f24a97c,0x3f24cec2,0x3f24f406,0x3f25194c,0x3f253e91,
  0x3f2563d6,0x3f25891b,0x3f25ae60,0x3f25d3a5,0x3f25f8ea,0x3f261e2f,0x3f264374,0x3f2668b9,
  0x3f268dff,0x3f26b344,0x3f26d889,0x3f26fdce,0x3f272313,0x3f274858,0x3f276d9d,0x3f2792e2,
  0x3f27b827,0x3f27dd6c,0x3f2802b2,0x3f2827f6,0x3f284d3b,0x3f287281,0x3f2897c5,0x3f28bd0b,
  0x3f28e250,0x3f290795,0x3f292cda,0x3f29521f,0x3f297764,0x3f299ca9,0x3f29c1ee,0x3f29e734,
  0x3f2a0c78,0x3f2a31be,0x3f2a5703,0x3f2a7c48,0x3f2aa18d,0x3f2ac6d2,0x3f2aec17,0x3f2b115c,
  0x3f2b36a1,0x3f2b5be6,0x3f2b812b,0x3f2ba671,0x3f2bcbb5,0x3f2bf0fa,0x3f2c1640,0x3f2c3b84,
  0x3f2c60ca,0x3f2c860f,0x3f2cab54,0x3f2cd099,0x3f2cf5de,0x3f2d1b24,0x3f2d4068,0x3f2d65ad,
  0x3f2d8af3,0x3f2db037,0x3f2dd57d,0x3f2dfac2,0x3f2e2007,0x3f2e454c,0x3f2e6a91,0x3f2e8fd6,
  0x3f2eb51b,0x3f2eda60,0x3f2effa5,0x3f2f24ea,0x3f2f4a30,0x3f2f6f74,0x3f2f94ba,0x3f2fb9ff,
  0x3f2fdf43,0x3f300489,0x3f3029ce,0x3f304f13,0x3f307458,0x3f30999d,0x3f30bee3,0x3f30e427,
  0x3f31096c,0x3f312eb2,0x3f3153f6,0x3f31793c,0x3f319e81,0x3f31c3c6,0x3f31e90b,0x3f320e50,
  0x3f323395,0x3f3258da,0x3f327e1f,0x3f32a364,0x3f32c8a9,0x3f32edef,0x3f331333,0x3f333879,
  0x3f335dbe,0x3f338303,0x3f33a848,0x3f33cd8d,0x3f33f2d2,0x3f341817,0x3f343d5c,0x3f3462a2,
  0x3f3487e6,0x3f34ad2b,0x3f34d271,0x3f34f7b5,0x3f351cfb,0x3f354240,0x3f356785,0x3f358cca,
  0x3f35b20f,0x3f35d754,0x3f35fc99,0x3f3621de,0x3f364723,0x3f366c68,0x3f3691ae,0x3f36b6f3,
  0x3f36dc38,0x3f37017d,0x3f3726c2,0x3f374c07,0x3f37714c,0x3f379691,0x3f37bbd6,0x3f37e11b,
  0x3f380661,0x3f382ba5,0x3f3850ea,0x3f387630,0x3f389b74,0x3f38c0ba,0x3f38e5ff,0x3f390b44,
  0x3f393089,0x3f3955ce,0x3f397b13,0x3f39a058,0x3f39c59d,0x3f39eae3,0x3f3a1027,0x3f3a356d,
  0x3f3a5ab2,0x3f3a7ff7,0x3f3aa53c,0x3f3aca80,0x3f3aefc6,0x3f3b150b,0x3f3b3a50,0x3f3b5f96,
  0x3f3b84da,0x3f3baa1f,0x3f3bcf65,0x3f3bf4a9,0x3f3c19ee,0x3f3c3f34,0x3f3c6479,0x3f3c89bd,
  0x3f3caf03,0x3f3cd448,0x3f3cf98c,0x3f3d1ed3,0x3f3d4417,0x3f3d695c,0x3f3d8ea2,0x3f3db3e6,
  0x3f3dd92b,0x3f3dfe71,0x3f3e23b6,0x3f3e48fa,0x3f3e6e40,0x3f3e9385,0x3f3eb8cb,0x3f3ede0f,
  0x3f3f0354,0x3f3f289a,0x3f3f4ddf,0x3f3f7323,0x3f3f9869,0x3f3fbdae,0x3f3fe2f2,0x3f400838,
  0x3f402d7d,0x3f4052c2,0x3f407808,0x3f409d4c,0x3f40c291,0x3f40e7d7,0x3f410d1b,0x3f413260,
  0x3f4157a6,0x3f417ceb,0x3f41a22f,0x3f41c775,0x3f41ecba,0x3f4211fe,0x3f423744,0x3f425c89,
  0x3f4281ce,0x3f42a714,0x3f42cc58,0x3f42f19d,0x3f4316e3,0x3f433c28,0x3f43616c,0x3f4386b2,
  0x3f43abf7,0x3f43d13b,0x3f43f681,0x3f441bc6,0x3f44410b,0x3f446651,0x3f448b95,0x3f44b0da,
  0x3f44d620,0x3f44fb64,0x3f4520aa,0x3f4545ef,0x3f456b34,0x3f45907a,0x3f45b5be,0x3f45db03,
  0x3f460049,0x3f46258d,0x3f464ad2,0x3f467018,0x3f46955d,0x3f46baa1,0x3f46dfe7,0x3f47052c,
  0x3f472a70,0x3f474fb6,0x3f4774fb,0x3f479a40,0x3f47bf86,0x3f47e4ca,0x3f480a0f,0x3f482f55,
  0x3f485499,0x3f4879de,0x3f489f24,0x3f48c469,0x3f48e9ad,0x3f490ef3,0x3f493438,0x3f49597c,
  0x3f497ec3,0x3f49a407,0x3f49c94c,0x3f49ee92,0x3f4a13d6,0x3f4a391b,0x3f4a5e61,0x3f4a83a6,
  0x3f4aa8ea,0x3f4ace30,0x3f4af375,0x3f4b18b9,0x3f4b3dff,0x3f4b6344,0x3f4b888a,0x3f4badcf,
  0x3f4bd313,0x3f4bf859,0x3f4c1d9e,0x3f4c42e2,0x3f4c6828,0x3f4c8d6d,0x3f4cb2b2,0x3f4cd7f8,
  0x3f4cfd3c,0x3f4d2281,0x3f4d47c7,0x3f4d6d0b,0x3f4d9250,0x3f4db796,0x3f4ddcdb,0x3f4e021f,
  0x3f4e2765,0x3f4e4caa,0x3f4e71ee,0x3f4e9734,0x3f4ebc79,0x3f4ee1be,0x3f4f0704,0x3f4f2c48,
  0x3f4f518d,0x3f4f76d3,0x3f4f9c17,0x3f4fc15c,0x3f4fe6a2,0x3f500be7,0x3f50312b,0x3f505671,
  0x3f507bb6,0x3f50a0fa,0x3f50c641,0x3f50eb85,0x3f5110ca,0x3f513610,0x3f515b54,0x3f518099,
  0x3f51a5df,0x3f51cb24,0x3f51f06a,0x3f5215ae,0x3f523af3,0x3f526039,0x3f52857d,0x3f52aac2,
  0x3f52d008,0x3f52f54d,0x3f531a91,0x3f533fd7,0x3f53651c,0x3f538a60,0x3f53afa6,0x3f53d4eb,
  0x3f53fa30,0x3f541f76,0x3f5444ba,0x3f5469ff,0x3f548f45,0x3f54b489,0x3f54d9ce,0x3f54ff14,
  0x3f552459,0x3f55499d,0x3f556ee3,0x3f559428,0x3f55b96c,0x3f55deb2,0x3f5603f7,0x3f56293c,
  0x3f564e82,0x3f5673c6,0x3f56990b,0x3f56be51,0x3f56e396,0x3f5708da,0x3f572e20,0x3f575365,
  0x3f5778a9,0x3f579def,0x3f57c334,0x3f57e879,0x3f580dbf,0x3f583303,0x3f585849,0x3f587d8e,
  0x3f58a2d2,0x3f58c818,0x3f58ed5d,0x3f5912a2,0x3f5937e8,0x3f595d2c,0x3f598271,0x3f59a7b7,
  0x3f59ccfb,0x3f59f240,0x3f5a1786,0x3f5a3ccb,0x3f5a620f,0x3f5a8755,0x3f5aac9a,0x3f5ad1de,
  0x3f5af724,0x3f5b1c69,0x3f5b41ae,0x3f5b66f4,0x3f5b8c38,0x3f5bb17d,0x3f5bd6c3,0x3f5bfc07,
  0x3f5c214c,0x3f5c4692,0x3f5c6bd7,0x3f5c911b,0x3f5cb661,0x3f5cdba6,0x3f5d00ea,0x3f5d2631,
  0x3f5d4b75,0x3f5d70ba,0x3f5d9600,0x3f5dbb44,0x3f5de089,0x3f5e05cf,0x3f5e2b14,0x3f5e5058,
  0x3f5e759e,0x3f5e9ae3,0x3f5ec029,0x3f5ee56d,0x3f5f0ab2,0x3f5f2ff8,0x3f5f553d,0x3f5f7a81,
  0x3f5f9fc7,0x3f5fc50c,0x3f5fea50,0x3f600f96,0x3f6034db,0x3f605a20,0x3f607f66,0x3f60a4aa,
  0x3f60c9ef,0x3f60ef35,0x3f611479,0x3f6139be,0x3f615f04,0x3f618449,0x3f61a98d,0x3f61ced3,
  0x3f61f418,0x3f62195c,0x3f623ea2,0x3f6263e7,0x3f62892c,0x3f62ae72,0x3f62d3b6,0x3f62f8fb,
  0x3f631e41,0x3f634385,0x3f6368ca,0x3f638e10,0x3f63b355,0x3f63d899,0x3f63fddf,0x3f642324,
  0x3f644868,0x3f646daf,0x3f6492f3,0x3f64b838,0x3f64dd7e,0x3f6502c2,0x3f652808,0x3f654d4d,
  0x3f657292,0x3f6597d8,0x3f65bd1c,0x3f65e261,0x3f6607a7,0x3f662ceb,0x3f665230,0x3f667776,
  0x3f669cbb,0x3f66c1ff,0x3f66e745,0x3f670c8a,0x3f6731ce,0x3f675714,0x3f677c59,0x3f67a19e,
  0x3f67c6e4,0x3f67ec28,0x3f68116d,0x3f6836b3,0x3f685bf7,0x3f68813c,0x3f68a682,0x3f68cbc7,
  0x3f68f10b,0x3f691651,0x3f693b96,0x3f6960da,0x3f698620,0x3f69ab65,0x3f69d0aa,0x3f69f5f0,
  0x3f6a1b34,0x3f6a4079,0x3f6a65bf,0x3f6a8b04,0x3f6ab048,0x3f6ad58e,0x3f6afad3,0x3f6b2017,
  0x3f6b455d,0x3f6b6aa2,0x3f6b8fe8,0x3f6bb52d,0x3f6bda71,0x3f6bffb7,0x3f6c24fc,0x3f6c4a40,
  0x3f6c6f86,0x3f6c94cb,0x3f6cba10,0x3f6cdf56,0x3f6d049a,0x3f6d29df,0x3f6d4f25,0x3f6d7469,
  0x3f6d99ae,0x3f6dbef4,0x3f6de439,0x3f6e097d,0x3f6e2ec3,0x3f6e5408,0x3f6e794c,0x3f6e9e92,
  0x3f6ec3d7,0x3f6ee91c,0x3f6f0e62,0x3f6f33a6,0x3f6f58eb,0x3f6f7e31,0x3f6fa375,0x3f6fc8ba,
  0x3f6fee00,0x3f701345,0x3f703889,0x3f705dcf,0x3f708314,0x3f70a858,0x3f70cd9f,0x3f70f2e3,
  0x3f711828,0x3f713d6e,0x3f7162b2,0x3f7187f7,0x3f71ad3d,0x3f71d282,0x3f71f7c8,0x3f721d0c,
  0x3f724251,0x3f726797,0x3f728cdb,0x3f72b220,0x3f72d766,0x3f72fcab,0x3f7321ef,0x3f734735,
  0x3f736c7a,0x3f7391be,0x3f73b704,0x3f73dc49,0x3f74018e,0x3f7426d4,0x3f744c18,0x3f74715d,
  0x3f7496a3,0x3f74bbe7,0x3f74e12c,0x3f750672,0x3f752bb7,0x3f7550fb,0x3f757641,0x3f759b86,
  0x3f75c0ca,0x3f75e610,0x3f760b55,0x3f76309a,0x3f7655e0,0x3f767b24,0x3f76a069,0x3f76c5af,
  0x3f76eaf3,0x3f771038,0x3f77357e,0x3f775ac3,0x3f778007,0x3f77a54d,0x3f77ca92,0x3f77efd6,
  0x3f78151d,0x3f783a61,0x3f785fa7,0x3f7884ec,0x3f78aa30,0x3f78cf76,0x3f78f4bb,0x3f791a00,
  0x3f793f46,0x3f79648a,0x3f7989cf,0x3f79af15,0x3f79d459,0x3f79f99e,0x3f7a1ee4,0x3f7a4429,
  0x3f7a696d,0x3f7a8eb3,0x3f7ab3f8,0x3f7ad93c,0x3f7afe82,0x3f7b23c7,0x3f7b490c,0x3f7b6e52,
  0x3f7b9396,0x3f7bb8db,0x3f7bde21,0x3f7c0365,0x3f7c28aa,0x3f7c4df0,0x3f7c7335,0x3f7c9879,
  0x3f7cbdbf,0x3f7ce304,0x3f7d0848,0x3f7d2d8e,0x3f7d52d3,0x3f7d7818,0x3f7d9d5e,0x3f7dc2a2,
  0x3f7de7e7,0x3f7e0d2d,0x3f7e3272,0x3f7e57b6,0x3f7e7cfc,0x3f7ea241,0x3f7ec787,0x3f7eeccb,
  0x3f7f1210,0x3f7f3756,0x3f7f5c9b,0x3f7f81df,0x3f7fa725,0x3f7fcc6a,0x3f7ff1ae,0x3f800b7a,
  0x3f801e1c,0x3f8030bf,0x3f804362,0x3f805604,0x3f8068a6,0x3f807b49,0x3f808dec,0x3f80a08e,
  0x3f80b331,0x3f80c5d3,0x3f80d876,0x3f80eb19,0x3f80fdbb,0x3f81105d,0x3f812300,0x3f8135a3,
  0x3f814845,0x3f815ae8,0x3f816d8a,0x3f81802c,0x3f8192cf,0x3f81a572,0x3f81b814,0x3f81cab7,
  0x3f81dd59,0x3f81effc,0x3f82029f,0x3f821541,0x3f8227e3,0x3f823a86,0x3f824d29,0x3f825fcb,
  0x3f82726e,0x3f828510,0x3f8297b3,0x3f82aa55,0x3f82bcf8,0x3f82cf9b,0x3f82e23d,0x3f82f4df,
  0x3f830782,0x3f831a25,0x3f832cc7,0x3f833f6a,0x3f83520c,0x3f8364af,0x3f837752,0x3f8389f4,
  0x3f839c96,0x3f83af39,0x3f83c1dc,0x3f83d47e,0x3f83e721,0x3f83f9c3,0x3f840c65,0x3f841f08,
  0x3f8431ab,0x3f84444d,0x3f8456f0,0x3f846992,0x3f847c35,0x3f848ed8,0x3f84a17a,0x3f84b41c,
  0x3f84c6bf,0x3f84d962,0x3f84ec04,0x3f84fea7,0x3f851149,0x3f8523eb,0x3f85368e,0x3f854931,
  0x3f855bd3,0x3f856e76,0x3f858118,0x3f8593bb,0x3f85a65e,0x3f85b900,0x3f85cba3,0x3f85de45,
  0x3f85f0e8,0x3f86038b,0x3f86162d,0x3f8628cf,0x3f863b72,0x3f864e14,0x3f8660b7,0x3f86735a,
  0x3f8685fc,0x3f86989e,0x3f86ab41,0x3f86bde4,0x3f86d086,0x3f86e329,0x3f86f5cb,0x3f87086e,
  0x3f871b11,0x3f872db3,0x3f874055,0x3f8752f8,0x3f87659b,0x3f87783d,0x3f878ae0,0x3f879d82,
  0x3f87b024,0x3f87c2c7,0x3f87d56a,0x3f87e80c,0x3f87faaf,0x3f880d51,0x3f881ff4,0x3f883297,
  0x3f884539,0x3f8857db,0x3f886a7e,0x3f887d21,0x3f888fc3,0x3f88a266,0x3f88b508,0x3f88c7aa,
  0x3f88da4d,0x3f88ecf0,0x3f88ff93,0x3f891235,0x3f8924d7,0x3f89377a,0x3f894a1d,0x3f895cbf,
  0x3f896f62,0x3f898204,0x3f8994a7,0x3f89a74a,0x3f89b9ec,0x3f89cc8e,0x3f89df31,0x3f89f1d3,
  0x3f8a0476,0x3f8a1719,0x3f8a29bb,0x3f8a3c5d,0x3f8a4f00,0x3f8a61a3,0x3f8a7445,0x3f8a86e8,
  0x3f8a998a,0x3f8aac2d,0x3f8abed0,0x3f8ad172,0x3f8ae414,0x3f8af6b7,0x3f8b095a,0x3f8b1bfc,
  0x3f8b2e9f,0x3f8b4141,0x3f8b53e3,0x3f8b6686,0x3f8b7929,0x3f8b8bcb,0x3f8b9e6e,0x3f8bb110,
  0x3f8bc3b3,0x3f8bd656,0x3f8be8f8,0x3f8bfb9a,0x3f8c0e3d,0x3f8c20e0,0x3f8c3383,0x3f8c4625,
  0x3f8c58c7,0x3f8c6b6a,0x3f8c7e0c,0x3f8c90af,0x3f8ca352,0x3f8cb5f4,0x3f8cc896,0x3f8cdb39,
  0x3f8ceddc,0x3f8d007e,0x3f8d1321,0x3f8d25c3,0x3f8d3866,0x3f8d4b09,0x3f8d5dab,0x3f8d704d,
  0x3f8d82f0,0x3f8d9593,0x3f8da835,0x3f8dbad8,0x3f8dcd7a,0x3f8de01c,0x3f8df2bf,0x3f8e0562,
  0x3f8e1804,0x3f8e2aa7,0x3f8e3d49,0x3f8e4fec,0x3f8e628f,0x3f8e7531,0x3f8e87d3,0x3f8e9a76,
  0x3f8ead19,0x3f8ebfbb,0x3f8ed25e,0x3f8ee500,0x3f8ef7a2,0x3f8f0a45,0x3f8f1ce8,0x3f8f2f8a,
  0x3f8f422d,0x3f8f54cf,0x3f8f6772,0x3f8f7a15,0x3f8f8cb7,0x3f8f9f5a,0x3f8fb1fc,0x3f8fc49f,
  0x3f8fd742,0x3f8fe9e4,0x3f8ffc86,0x3f900f29,0x3f9021cb,0x3f90346e,0x3f904711,0x3f9059b3,
  0x3f906c55,0x3f907ef8,0x3f90919b,0x3f90a43d,0x3f90b6e0,0x3f90c982,0x3f90dc25,0x3f90eec8,
  0x3f91016a,0x3f91140c,0x3f9126af,0x3f913952,0x3f914bf4,0x3f915e97,0x3f917139,0x3f9183db,
  0x3f91967e,0x3f91a921,0x3f91bbc3,0x3f91ce66,0x3f91e108,0x3f91f3ab,0x3f92064e,0x3f9218f0,
  0x3f922b92,0x3f923e35,0x3f9250d8,0x3f92637a,0x3f92761d,0x3f9288bf,0x3f929b62,0x3f92ae04,
  0x3f92c0a7,0x3f92d34a,0x3f92e5ec,0x3f92f88e,0x3f930b31,0x3f931dd4,0x3f933076,0x3f934319,
  0x3f9355bb,0x3f93685e,0x3f937b01,0x3f938da3,0x3f93a045,0x3f93b2e8,0x3f93c58a,0x3f93d82d,
  0x3f93ead0,0x3f93fd72,0x3f941014,0x3f9422b7,0x3f94355a,0x3f9447fc,0x3f945a9f,0x3f946d41,
  0x3f947fe4,0x3f949287,0x3f94a529,0x3f94b7cb,0x3f94ca6e,0x3f94dd11,0x3f94efb3,0x3f950256,
  0x3f9514f8,0x3f95279a,0x3f953a3d,0x3f954ce0,0x3f955f82,0x3f957225,0x3f9584c7,0x3f95976a,
  0x3f95aa0d,0x3f95bcaf,0x3f95cf52,0x3f95e1f4,0x3f95f497,0x3f96073a,0x3f9619dc,0x3f962c7e,
  0x3f963f21,0x3f9651c3,0x3f966466,0x3f967709,0x3f9689ab,0x3f969c4d,0x3f96aef0,0x3f96c193,
  0x3f96d435,0x3f96e6d8,0x3f96f97a,0x3f970c1d,0x3f971ec0,0x3f973162,0x3f974404,0x3f9756a7,
  0x3f97694a,0x3f977bec,0x3f978e8f,0x3f97a131,0x3f97b3d3,0x3f97c676,0x3f97d919,0x3f97ebbb,
  0x3f97fe5e,0x3f981100,0x3f9823a3,0x3f983646,0x3f9848e8,0x3f985b8a,0x3f986e2d,0x3f9880d0,
  0x3f989372,0x3f98a615,0x3f98b8b7,0x3f98cb59,0x3f98ddfc,0x3f98f09f,0x3f990342,0x3f9915e4,
  0x3f992886,0x3f993b29,0x3f994dcc,0x3f99606e,0x3f997311,0x3f9985b3,0x3f999856,0x3f99aaf9,
  0x3f99bd9b,0x3f99d03d,0x3f99e2e0,0x3f99f582,0x3f9a0825,0x3f9a1ac8,0x3f9a2d6a,0x3f9a400c,
  0x3f9a52af,0x3f9a6552,0x3f9a77f4,0x3f9a8a97,0x3f9a9d39,0x3f9aafdc,0x3f9ac27f,0x3f9ad521,
  0x3f9ae7c3,0x3f9afa66,0x3f9b0d09,0x3f9b1fab,0x3f9b324e,0x3f9b44f0,0x3f9b5792,0x3f9b6a35,
  0x3f9b7cd8,0x3f9b8f7a,0x3f9ba21d,0x3f9bb4bf,0x3f9bc762,0x3f9bda05,0x3f9beca7,0x3f9bff49,
  0x3f9c11ec,0x3f9c248f,0x3f9c3732,0x3f9c49d4,0x3f9c5c76,0x3f9c6f19,0x3f9c81bb,0x3f9c945e,
  0x3f9ca701,0x3f9cb9a3,0x3f9ccc45,0x3f9cdee8,0x3f9cf18b,0x3f9d042d,0x3f9d16d0,0x3f9d2972,
  0x3f9d3c15,0x3f9d4eb8,0x3f9d615a,0x3f9d73fc,0x3f9d869f,0x3f9d9941,0x3f9dabe4,0x3f9dbe87,
  0x3f9dd129,0x3f9de3cb,0x3f9df66e,0x3f9e0911,0x3f9e1bb3,0x3f9e2e56,0x3f9e40f8,0x3f9e539b,
  0x3f9e663e,0x3f9e78e0,0x3f9e8b82,0x3f9e9e25,0x3f9eb0c8,0x3f9ec36a,0x3f9ed60d,0x3f9ee8af,
  0x3f9efb51,0x3f9f0df4,0x3f9f2097,0x3f9f3339,0x3f9f45dc,0x3f9f587e,0x3f9f6b21,0x3f9f7dc4,
  0x3f9f9066,0x3f9fa309,0x3f9fb5ab,0x3f9fc84e,0x3f9fdaf1,0x3f9fed93,0x3fa00035,0x3fa012d8,
  0x3fa0257a,0x3fa0381d,0x3fa04ac0,0x3fa05d62,0x3fa07004,0x3fa082a7,0x3fa0954a,0x3fa0a7ec,
  0x3fa0ba8f,0x3fa0cd31,0x3fa0dfd4,0x3fa0f277,0x3fa10519,0x3fa117bb,0x3fa12a5e,0x3fa13d01,
  0x3fa14fa3,0x3fa16246,0x3fa174e8,0x3fa1878a,0x3fa19a2d,0x3fa1acd0,0x3fa1bf72,0x3fa1d215,
  0x3fa1e4b7,0x3fa1f75a,0x3fa209fd,0x3fa21c9f,0x3fa22f41,0x3fa241e4,0x3fa25487,0x3fa26729,
  0x3fa279cc,0x3fa28c6e,0x3fa29f11,0x3fa2b1b3,0x3fa2c456,0x3fa2d6f9,0x3fa2e99b,0x3fa2fc3d,
  0x3fa30ee0,0x3fa32183,0x3fa33425,0x3fa346c8,0x3fa3596a,0x3fa36c0d,0x3fa37eb0,0x3fa39152,
  0x3fa3a3f4,0x3fa3b697,0x3fa3c939,0x3fa3dbdc,0x3fa3ee7f,0x3fa40121,0x3fa413c3,0x3fa42666,
  0x3fa43909,0x3fa44bab,0x3fa45e4e,0x3fa470f0,0x3fa48393,0x3fa49636,0x3fa4a8d8,0x3fa4bb7a,
  0x3fa4ce1d,0x3fa4e0c0,0x3fa4f362,0x3fa50605,0x3fa518a7,0x3fa52b49,0x3fa53dec,0x3fa5508f,
  0x3fa56331,0x3fa575d4,0x3fa58876,0x3fa59b19,0x3fa5adbc,0x3fa5c05e,0x3fa5d301,0x3fa5e5a3,
  0x3fa5f846,0x3fa60ae9,0x3fa61d8b,0x3fa6302d,0x3fa642d0,0x3fa65572,0x3fa66815,0x3fa67ab8,
  0x3fa68d5a,0x3fa69ffc,0x3fa6b29f,0x3fa6c542,0x3fa6d7e4,0x3fa6ea87,0x3fa6fd29,0x3fa70fcc,
  0x3fa7226f,0x3fa73511,0x3fa747b3,0x3fa75a56,0x3fa76cf8,0x3fa77f9b,0x3fa7923e,0x3fa7a4e0,
  0x3fa7b782,0x3fa7ca25,0x3fa7dcc8,0x3fa7ef6a,0x3fa8020d,0x3fa814af,0x3fa82752,0x3fa839f5,
  0x3fa84c97,0x3fa85f39,0x3fa871dc,0x3fa8847f,0x3fa89721,0x3fa8a9c4,0x3fa8bc66,0x3fa8cf08,
  0x3fa8e1ab,0x3fa8f44e,0x3fa906f1,0x3fa91993,0x3fa92c35,0x3fa93ed8,0x3fa9517b,0x3fa9641d,
  0x3fa976c0,0x3fa98962,0x3fa99c05,0x3fa9aea8,0x3fa9c14a,0x3fa9d3ec,0x3fa9e68f,0x3fa9f931,
  0x3faa0bd4,0x3faa1e77,0x3faa3119,0x3faa43bb,0x3faa565e,0x3faa6901,0x3faa7ba3,0x3faa8e46,
  0x3faaa0e8,0x3faab38b,0x3faac62e,0x3faad8d0,0x3faaeb72,0x3faafe15,0x3fab10b8,0x3fab235a,
  0x3fab35fd,0x3fab489f,0x3fab5b41,0x3fab6de4,0x3fab8087,0x3fab9329,0x3faba5cc,0x3fabb86e,
  0x3fabcb11,0x3fabddb4,0x3fabf056,0x3fac02f8,0x3fac159b,0x3fac283e,0x3fac3ae1,0x3fac4d83,
  0x3fac6025,0x3fac72c8,0x3fac856a,0x3fac980d,0x3facaab0,0x3facbd52,0x3faccff4,0x3face297,
  0x3facf53a,0x3fad07dc,0x3fad1a7f,0x3fad2d21,0x3fad3fc4,0x3fad5267,0x3fad6509,0x3fad77ab,
  0x3fad8a4e,0x3fad9cf0,0x3fadaf93,0x3fadc236,0x3fadd4d8,0x3fade77a,0x3fadfa1d,0x3fae0cc0,
  0x3fae1f62,0x3fae3205,0x3fae44a7,0x3fae574a,0x3fae69ed,0x3fae7c8f,0x3fae8f31,0x3faea1d4,
  0x3faeb477,0x3faec719,0x3faed9bc,0x3faeec5e,0x3faeff00,0x3faf11a3,0x3faf2446,0x3faf36e8,
  0x3faf498b,0x3faf5c2d,0x3faf6ed0,0x3faf8173,0x3faf9415,0x3fafa6b8,0x3fafb95a,0x3fafcbfd,
  0x3fafdea0,0x3faff142,0x3fb003e4,0x3fb01687,0x3fb02929,0x3fb03bcc,0x3fb04e6f,0x3fb06111,
  0x3fb073b3,0x3fb08656,0x3fb098f9,0x3fb0ab9b,0x3fb0be3e,0x3fb0d0e0,0x3fb0e383,0x3fb0f626,
  0x3fb108c8,0x3fb11b6a,0x3fb12e0d,0x3fb140af,0x3fb15352,0x3fb165f5,0x3fb17897,0x3fb18b39,
  0x3fb19ddc,0x3fb1b07f,0x3fb1c321,0x3fb1d5c4,0x3fb1e866,0x3fb1fb09,0x3fb20dac,0x3fb2204e,
  0x3fb232f0,0x3fb24593,0x3fb25836,0x3fb26ad8,0x3fb27d7b,0x3fb2901d,0x3fb2a2c0,0x3fb2b562,
  0x3fb2c805,0x3fb2daa8,0x3fb2ed4a,0x3fb2ffec,0x3fb3128f,0x3fb32532,0x3fb337d4,0x3fb34a77,
  0x3fb35d19,0x3fb36fbc,0x3fb3825f,0x3fb39501,0x3fb3a7a3,0x3fb3ba46,0x3fb3cce8,0x3fb3df8b,
  0x3fb3f22e,0x3fb404d0,0x3fb41772,0x3fb42a15,0x3fb43cb8,0x3fb44f5a,0x3fb461fd,0x3fb4749f,
  0x3fb48742,0x3fb499e5,0x3fb4ac87,0x3fb4bf29,0x3fb4d1cc,0x3fb4e46f,0x3fb4f711,0x3fb509b4,
  0x3fb51c56,0x3fb52ef8,0x3fb5419b,0x3fb5543e,0x3fb566e0,0x3fb57983,0x3fb58c25,0x3fb59ec8,
  0x3fb5b16b,0x3fb5c40d,0x3fb5d6b0,0x3fb5e952,0x3fb5fbf5,0x3fb60e98,0x3fb6213a,0x3fb633dc,
  0x3fb6467f,0x3fb65921,0x3fb66bc4,0x3fb67e67,0x3fb69109,0x3fb6a3ab,0x3fb6b64e,0x3fb6c8f1,
  0x3fb6db93,0x3fb6ee36,0x3fb700d8,0x3fb7137b,0x3fb7261e,0x3fb738c0,0x3fb74b62,0x3fb75e05,
  0x3fb770a7,0x3fb7834a,0x3fb795ed,0x3fb7a88f,0x3fb7bb31,0x3fb7cdd4,0x3fb7e077,0x3fb7f319,
  0x3fb805bc,0x3fb8185e,0x3fb82b01,0x3fb83da4,0x3fb85046,0x3fb862e8,0x3fb8758b,0x3fb8882e,
  0x3fb89ad0,0x3fb8ad73,0x3fb8c015,0x3fb8d2b7,0x3fb8e55a,0x3fb8f7fd,0x3fb90aa0,0x3fb91d42,
  0x3fb92fe4,0x3fb94287,0x3fb9552a,0x3fb967cc,0x3fb97a6f,0x3fb98d11,0x3fb99fb4,0x3fb9b257,
  0x3fb9c4f9,0x3fb9d79b,0x3fb9ea3e,0x3fb9fce0,0x3fba0f83,0x3fba2226,0x3fba34c8,0x3fba476a,
  0x3fba5a0d,0x3fba6cb0,0x3fba7f53,0x3fba91f4,0x3fbaa497,0x3fbab73a,0x3fbac9dc,0x3fbadc7f,
  0x3fbaef22,0x3fbb01c3,0x3fbb1466,0x3fbb270a,0x3fbb39ab,0x3fbb4c4e,0x3fbb5ef1,0x3fbb7193,
  0x3fbb8436,0x3fbb96d9,0x3fbba97a,0x3fbbbc1d,0x3fbbcec0,0x3fbbe162,0x3fbbf405,0x3fbc06a8,
  0x3fbc194a,0x3fbc2bed,0x3fbc3e90,0x3fbc5131,0x3fbc63d4,0x3fbc7677,0x3fbc8919,0x3fbc9bbc,
  0x3fbcae5f,0x3fbcc100,0x3fbcd3a3,0x3fbce646,0x3fbcf8e8,0x3fbd0b8b,0x3fbd1e2e,0x3fbd30d0,
  0x3fbd4373,0x3fbd5616,0x3fbd68b7,0x3fbd7b5a,0x3fbd8dfd,0x3fbda09f,0x3fbdb342,0x3fbdc5e5,
  0x3fbdd888,0x3fbdeb29,0x3fbdfdcc,0x3fbe106f,0x3fbe2311,0x3fbe35b4,0x3fbe4857,0x3fbe5af9,
  0x3fbe6d9c,0x3fbe803f,0x3fbe92e0,0x3fbea583,0x3fbeb826,0x3fbecac8,0x3fbedd6b,0x3fbef00e,
  0x3fbf02af,0x3fbf1552,0x3fbf27f5,0x3fbf3a97,0x3fbf4d3a,0x3fbf5fdd,0x3fbf727f,0x3fbf8522,
  0x3fbf97c5,0x3fbfaa66,0x3fbfbd09,0x3fbfcfac,0x3fbfe24e,0x3fbff4f1,0x3fc00794,0x3fc01a35,
  0x3fc02cd8,0x3fc03f7b,0x3fc0521d,0x3fc064c0,0x3fc07763,0x3fc08a05,0x3fc09ca8,0x3fc0af4b,
  0x3fc0c1ec,0x3fc0d48f,0x3fc0e732,0x3fc0f9d4,0x3fc10c77,0x3fc11f1a,0x3fc131bb,0x3fc1445e,
  0x3fc15702,0x3fc169a3,0x3fc17c46,0x3fc18ee9,0x3fc1a18b,0x3fc1b42e,0x3fc1c6d1,0x3fc1d972,
  0x3fc1ec15,0x3fc1feb8,0x3fc2115a,0x3fc223fd,0x3fc236a0,0x3fc24941,0x3fc25be5,0x3fc26e88,
  0x3fc28129,0x3fc293cc,0x3fc2a66f,0x3fc2b911,0x3fc2cbb4,0x3fc2de57,0x3fc2f0f8,0x3fc3039b,
  0x3fc3163e,0x3fc328e0,0x3fc33b83,0x3fc34e26,0x3fc360c8,0x3fc3736b,0x3fc3860e,0x3fc398af,
  0x3fc3ab52,0x3fc3bdf5,0x3fc3d097,0x3fc3e33a,0x3fc3f5dd,0x3fc4087e,0x3fc41b21,0x3fc42dc4,
  0x3fc44067,0x3fc45309,0x3fc465ac,0x3fc4784f,0x3fc48af1,0x3fc49d94,0x3fc4b037,0x3fc4c2d8,
  0x3fc4d57b,0x3fc4e81e,0x3fc4fac0,0x3fc50d63,0x3fc52006,0x3fc532a7,0x3fc5454a,0x3fc557ed,
  0x3fc56a8f,0x3fc57d32,0x3fc58fd5,0x3fc5a277,0x3fc5b51a,0x3fc5c7bd,0x3fc5da5e,0x3fc5ed01,
  0x3fc5ffa4,0x3fc61246,0x3fc624e9,0x3fc6378c,0x3fc64a2d,0x3fc65cd0,0x3fc66f73,0x3fc68215,
  0x3fc694b8,0x3fc6a75b,0x3fc6b9fd,0x3fc6cca0,0x3fc6df43,0x3fc6f1e4,0x3fc70487,0x3fc7172a,
  0x3fc729cc,0x3fc73c6f,0x3fc74f12,0x3fc761b3,0x3fc77456,0x3fc786f9,0x3fc7999b,0x3fc7ac3e,
  0x3fc7bee1,0x3fc7d183,0x3fc7e426,0x3fc7f6c9,0x3fc8096a,0x3fc81c0d,0x3fc82eb0,0x3fc84152,
  0x3fc853f5,0x3fc86698,0x3fc87939,0x3fc88bdd,0x3fc89e80,0x3fc8b121,0x3fc8c3c4,0x3fc8d667,
  0x3fc8e909,0x3fc8fbac,0x3fc90e4f,0x3fc920f0,0x3fc93393,0x3fc94636,0x3fc958d8,0x3fc96b7b,
  0x3fc97e1e,0x3fc990c0,0x3fc9a363,0x3fc9b606,0x3fc9c8a7,0x3fc9db4a,0x3fc9eded,0x3fca008f,
  0x3fca1332,0x3fca25d5,0x3fca3876,0x3fca4b19,0x3fca5dbc,0x3fca705e,0x3fca8301,0x3fca95a4,
  0x3fcaa847,0x3fcabae9,0x3fcacd8c,0x3fcae02f,0x3fcaf2d0,0x3fcb0573,0x3fcb1816,0x3fcb2ab8,
  0x3fcb3d5b,0x3fcb4ffe,0x3fcb629f,0x3fcb7542,0x3fcb87e5,0x3fcb9a87,0x3fcbad2a,0x3fcbbfcd,
  0x3fcbd26f,0x3fcbe512,0x3fcbf7b5,0x3fcc0a56,0x3fcc1cf9,0x3fcc2f9c,0x3fcc423e,0x3fcc54e1,
  0x3fcc6784,0x3fcc7a25,0x3fcc8cc8,0x3fcc9f6b,0x3fccb20d,0x3fccc4b0,0x3fccd753,0x3fcce9f5,
  0x3fccfc98,0x3fcd0f3b,0x3fcd21dc,0x3fcd347f,0x3fcd4722,0x3fcd59c4,0x3fcd6c67,0x3fcd7f0a,
  0x3fcd91ab,0x3fcda44e,0x3fcdb6f1,0x3fcdc993,0x3fcddc36,0x3fcdeed9,0x3fce017b,0x3fce141e,
  0x3fce26c1,0x3fce3962,0x3fce4c05,0x3fce5ea8,0x3fce714a,0x3fce83ed,0x3fce9690,0x3fcea931,
  0x3fcebbd4,0x3fcece78,0x3fcee119,0x3fcef3bc,0x3fcf065f,0x3fcf1901,0x3fcf2ba4,0x3fcf3e47,
  0x3fcf50e8,0x3fcf638b,0x3fcf762e,0x3fcf88d0,0x3fcf9b73,0x3fcfae16,0x3fcfc0b8,0x3fcfd35b,
  0x3fcfe5fe,0x3fcff89f,0x3fd00b42,0x3fd01de5,0x3fd03087,0x3fd0432a,0x3fd055cd,0x3fd0686e,
  0x3fd07b11,0x3fd08db4,0x3fd0a056,0x3fd0b2f9,0x3fd0c59c,0x3fd0d83e,0x3fd0eae1,0x3fd0fd84,
  0x3fd11027,0x3fd122c8,0x3fd1356b,0x3fd1480e,0x3fd15ab0,0x3fd16d53,0x3fd17ff6,0x3fd19297,
  0x3fd1a53a,0x3fd1b7dd,0x3fd1ca7f,0x3fd1dd22,0x3fd1efc5,0x3fd20267,0x3fd2150a,0x3fd227ad,
  0x3fd23a4e,0x3fd24cf1,0x3fd25f94,0x3fd27236,0x3fd284d9,0x3fd2977c,0x3fd2aa1d,0x3fd2bcc0,
  0x3fd2cf63,0x3fd2e205,0x3fd2f4a8,0x3fd3074b,0x3fd319ed,0x3fd32c90,0x3fd33f33,0x3fd351d4,
  0x3fd36477,0x3fd3771a,0x3fd389bc,0x3fd39c5f,0x3fd3af02,0x3fd3c1a3,0x3fd3d446,0x3fd3e6e9,
  0x3fd3f98b,0x3fd40c2e,0x3fd41ed1,0x3fd43173,0x3fd44416,0x3fd456b9,0x3fd4695a,0x3fd47bfd,
  0x3fd48ea0,0x3fd4a142,0x3fd4b3e5,0x3fd4c688,0x3fd4d929,0x3fd4ebcc,0x3fd4fe70,0x3fd51111,
  0x3fd523b4,0x3fd53657,0x3fd548f9,0x3fd55b9c,0x3fd56e3f,0x3fd580e0,0x3fd59383,0x3fd5a626,
  0x3fd5b8c8,0x3fd5cb6b,0x3fd5de0e,0x3fd5f0af,0x3fd60353,0x3fd615f6,0x3fd62897,0x3fd63b3a,
  0x3fd64ddd,0x3fd6607f,0x3fd67322,0x3fd685c5,0x3fd69866,0x3fd6ab09,0x3fd6bdac,0x3fd6d04e,
  0x3fd6e2f1,0x3fd6f594,0x3fd70836,0x3fd71ad9,0x3fd72d7c,0x3fd7401d,0x3fd752c0,0x3fd76563,
  0x3fd77806,0x3fd78aa8,0x3fd79d4b,0x3fd7afee,0x3fd7c28f,0x3fd7d532,0x3fd7e7d5,0x3fd7fa77,
  0x3fd80d1a,0x3fd81fbd,0x3fd8325f,0x3fd84502,0x3fd857a5,0x3fd86a46,0x3fd87ce9,0x3fd88f8c,
  0x3fd8a22e,0x3fd8b4d1,0x3fd8c774,0x3fd8da15,0x3fd8ecb8,0x3fd8ff5b,0x3fd911fd,0x3fd924a0,
  0x3fd93743,0x3fd949e5,0x3fd95c88,0x3fd96f2b,0x3fd981cc,0x3fd9946f,0x3fd9a712,0x3fd9b9b4,
  0x3fd9cc57,0x3fd9defa,0x3fd9f19b,0x3fda043e,0x3fda16e1,0x3fda2983,0x3fda3c26,0x3fda4ec9,
  0x3fda616b
};
static const uint32_t JUNO_LUT54[256] = {
  0x00000000,0x3b800000,0x3c000000,0x3c400000,0x3c800000,0x3ca00000,0x3cc00000,0x3ce00000,
  0x3d000000,0x3d100000,0x3d200000,0x3d300000,0x3d400000,0x3d500000,0x3d600000,0x3d700000,
  0x3d800000,0x3d880000,0x3d900000,0x3d980000,0x3da00000,0x3da80000,0x3db00000,0x3db80000,
  0x3dc00000,0x3dc80000,0x3dd00000,0x3dd80000,0x3de00000,0x3de80000,0x3df00000,0x3df80000,
  0x3e000000,0x3e040000,0x3e080000,0x3e0c0000,0x3e100000,0x3e140000,0x3e180000,0x3e1c0000,
  0x3e200000,0x3e240000,0x3e280000,0x3e2c0000,0x3e300000,0x3e340000,0x3e380000,0x3e3c0000,
  0x3e400000,0x3e440000,0x3e480000,0x3e4c0000,0x3e500000,0x3e540000,0x3e580000,0x3e5c0000,
  0x3e600000,0x3e640000,0x3e680000,0x3e6c0000,0x3e700000,0x3e740000,0x3e780000,0x3e7c0000,
  0x3e800000,0x3e820000,0x3e840000,0x3e860000,0x3e880000,0x3e8a0000,0x3e8c0000,0x3e8e0000,
  0x3e900000,0x3e920000,0x3e940000,0x3e960000,0x3e980000,0x3e9a0000,0x3e9c0000,0x3e9e0000,
  0x3ea00000,0x3ea20000,0x3ea40000,0x3ea60000,0x3ea80000,0x3eaa0000,0x3eac0000,0x3eae0000,
  0x3eb00000,0x3eb20000,0x3eb40000,0x3eb60000,0x3eb80000,0x3eba0000,0x3ebc0000,0x3ebe0000,
  0x3ec00000,0x3ec20000,0x3ec40000,0x3ec60000,0x3ec80000,0x3eca0000,0x3ecc0000,0x3ece0000,
  0x3ed00000,0x3ed20000,0x3ed40000,0x3ed60000,0x3ed80000,0x3eda0000,0x3edc0000,0x3ede0000,
  0x3ee00000,0x3ee20000,0x3ee40000,0x3ee60000,0x3ee80000,0x3eea0000,0x3eec0000,0x3eee0000,
  0x3ef00000,0x3ef20000,0x3ef40000,0x3ef60000,0x3ef80000,0x3efa0000,0x3efc0000,0x3efe0000,
  0x3f000000,0x3f00e864,0x3f01ed40,0x3f030e00,0x3f044a88,0x3f05a234,0x3f0714d4,0x3f08a1f0,
  0x3f0a492c,0x3f0c0a48,0x3f0de4b8,0x3f0fd80c,0x3f11e430,0x3f140890,0x3f1644dc,0x3f189890,
  0x3f1b037c,0x3f1d8540,0x3f201d3c,0x3f22cb78,0x3f258f48,0x3f28684c,0x3f2b562c,0x3f2e58a8,
  0x3f316f60,0x3f3499a8,0x3f37d770,0x3f3b2854,0x3f3e8bbc,0x3f420198,0x3f458934,0x3f492280,
  0x3f4cccc8,0x3f5087f8,0x3f545398,0x3f582f28,0x3f5c1a60,0x3f6014f0,0x3f641e68,0x3f683648,
  0x3f6c5c70,0x3f709080,0x3f74d1f0,0x3f792038,0x3f7d7b40,0x3f80f154,0x3f832af0,0x3f856a50,
  0x3f87af5c,0x3f89f9ac,0x3f8c4948,0x3f8e9df0,0x3f90f76c,0x3f935574,0x3f95b80c,0x3f981ee4,
  0x3f9a89c8,0x3f9cf8a0,0x3f9f6b24,0x3fa1e130,0x3fa45a90,0x3fa6d728,0x3fa956ac,0x3fabd8e4,
  0x3fae5dc8,0x3fb0e520,0x3fb36e94,0x3fb5fa1c,0x3fb88774,0x3fbb1688,0x3fbda6f0,0x3fc038bc,
  0x3fc2cb94,0x3fc55f54,0x3fc7f3c8,0x3fca88d8,0x3fcd1e28,0x3fcfb3a8,0x3fd24928,0x3fd4de78,
  0x3fd77338,0x3fda0780,0x3fdc9b08,0x3fdf2d80,0x3fe1bed8,0x3fe44ed8,0x3fe6dd60,0x3fe96a18,
  0x3febf4f8,0x3fee7dc8,0x3ff10448,0x3ff38848,0x3ff609c0,0x3ff88838,0x3ffb03c8,0x3ffd7c20,
  0x3ffff118,0x40013124,0x400267f0,0x40039cc0,0x4004cf70,0x40060004,0x40072e50,0x40085a38,
  0x400983b4,0x400aaab0,0x400bceec,0x400cf084,0x400e0f44,0x400f2b1c,0x401043f4,0x401159a8,
  0x40126c40,0x40137b78,0x4014874c,0x40158f9c,0x4016946c,0x40179590,0x401892fc,0x40198c84,
  0x401a821c,0x401b739c,0x401c6108,0x401d4a2c,0x401e2f04,0x401f0f84,0x401feb74,0x4020c2b8,
};
static const uint32_t JUNO_LUT55[201] = {
  0xbd07d9f2,0xbd067a2d,0xbd051a7e,0xbd03bafb,0xbd025b75,0xbd00fbed,0xbcff3923,0xbcfc7a95,
  0xbcf9bc60,0xbcf6fe26,0xbcf43fe6,0xbcf181ff,0xbceec442,0xbcec06de,0xbce94974,0xbce68c04,
  0xbce3ceee,0xbce11201,0xbcde556c,0xbcdb98d2,0xbcd8dc33,0xbcd61fec,0xbcd363ce,0xbcd0a809,
  0xbccdec3e,0xbccb306e,0xbcc874f7,0xbcc5b9a8,0xbcc2feb2,0xbcc04388,0xbcbd88b5,0xbcbace0c,
  0xbcb8138d,0xbcb55965,0xbcb29f09,0xbcafe505,0xbcad2b2a,0xbcaa7179,0xbca7b81f,0xbca4fe91,
  0xbca2455b,0xbc9f8c4e,0xbc9cd36a,0xbc9a1ade,0xbc97621e,0xbc94a9b5,0xbc91f176,0xbc8f395f,
  0xbc8c81a0,0xbc89c9ad,0xbc871211,0xbc845a9e,0xbc81a354,0xbc7dd8c4,0xbc786a77,0xbc72fcd8,
  0xbc6d8f8b,0xbc682290,0xbc62b644,0xbc5d498f,0xbc57dd88,0xbc5271d3,0xbc4d0670,0xbc479bbb,
  0xbc42309d,0xbc3cc62e,0xbc375c10,0xbc31f243,0xbc2c8924,0xbc271f9d,0xbc21b6c4,0xbc1c4e3c,
  0xbc16e605,0xbc117e7b,0xbc0c168a,0xbc06af46,0xbc014852,0xbbf7c360,0xbbecf777,0xbbe22abd,
  0xbbd75f5d,0xbbcc949f,0xbbc1ca83,0xbbb701c1,0xbbac382e,0xbba16ff5,0xbb96a85d,0xbb8be167,
  0xbb811bca,0xbb6caab9,0xbb572091,0xbb4197ab,0xbb2c1006,0xbb1689a3,0xbb010480,0xbad7013e,
  0xbaabfbfc,0xba80f93c,0xba2bf1f9,0xb9abecf9,0x00000000,0x39abee82,0x3a2bddf9,0x3a80dfd9,
  0x3aabd3fa,0x3ad6c59d,0x3b00d77e,0x3b164dd1,0x3b2bc003,0x3b4130f6,0x3b56a38c,0x3b6c14e2,
  0x3b80c10d,0x3b8b770a,0x3b962dd8,0x3ba0e406,0x3bab9826,0x3bb64d17,0x3bc0fff9,0x3bcbb23d,
  0x3bd66551,0x3be117c7,0x3bebc82f,0x3bf677f8,0x3c009449,0x3c05ec48,0x3c0b433f,0x3c109a9f,
  0x3c15f0f8,0x3c1b4702,0x3c209d75,0x3c25f399,0x3c2b48b6,0x3c309d85,0x3c35f2bc,0x3c3b47a5,
  0x3c409b87,0x3c45efd2,0x3c4b4317,0x3c50960d,0x3c55e96c,0x3c5b3c7c,0x3c608e87,0x3c65e043,
  0x3c6b3268,0x3c70843e,0x3c75d50f,0x3c7b2648,0x3c803b3e,0x3c82e331,0x3c858b59,0x3c883359,
  0x3c8adad6,0x3c8d822d,0x3c9029b8,0x3c92d11c,0x3c9577fd,0x3c981f13,0x3c9ac5a6,0x3c9d6c13,
  0x3ca012b4,0x3ca2b92e,0x3ca55f25,0x3ca804f6,0x3caaaafb,0x3cad50da,0x3caff636,0x3cb29bc6,
  0x3cb540d5,0x3cb7e618,0x3cba8ad9,0x3cbd2fce,0x3cbfd442,0x3cc2788f,0x3cc51d10,0x3cc7c16a,
  0x3cca6543,0x3ccd0950,0x3ccfacdc,0x3cd2509c,0x3cd4f3da,0x3cd7974d,0x3cda3a3e,0x3cdcdd09,
  0x3cdf8007,0x3ce222e0,0x3ce4c537,0x3ce767c2,0x3cea09cc,0x3cecac0b,0x3cef4dc8,0x3cf1efb9,
  0x3cf4912a,0x3cf73274,0x3cf9d3f2,0x3cfc754a,0x3cff1621,0x3d00db96,0x3d022bdc,0x3d037c3b,
  0x3d04cc5a
};
static const uint32_t JUNO_LUT56[128] = {
  0x00000000,0x3c010204,0x3c810204,0x3cc18306,0x3d010204,0x3d214285,0x3d418306,0x3d61c387,
  0x3d810204,0x3d912245,0x3da14285,0x3db162c6,0x3dc18306,0x3dd1a347,0x3de1c387,0x3df1e3c8,
  0x3e010204,0x3e091224,0x3e112245,0x3e193265,0x3e214285,0x3e2952a5,0x3e3162c6,0x3e3972e6,
  0x3e418306,0x3e499326,0x3e51a347,0x3e59b367,0x3e61c387,0x3e69d3a7,0x3e71e3c8,0x3e79f3e8,
  0x3e810204,0x3e850a14,0x3e891224,0x3e8d1a34,0x3e912245,0x3e952a55,0x3e993265,0x3e9d3a75,
  0x3ea14285,0x3ea54a95,0x3ea952a5,0x3ead5ab5,0x3eb162c6,0x3eb56ad6,0x3eb972e6,0x3ebd7af6,
  0x3ec18306,0x3ec58b16,0x3ec99326,0x3ecd9b36,0x3ed1a347,0x3ed5ab57,0x3ed9b367,0x3eddbb77,
  0x3ee1c387,0x3ee5cb97,0x3ee9d3a7,0x3eeddbb7,0x3ef1e3c8,0x3ef5ebd8,0x3ef9f3e8,0x3efdfbf8,
  0x3f010204,0x3f03060c,0x3f050a14,0x3f070e1c,0x3f091224,0x3f0b162c,0x3f0d1a34,0x3f0f1e3c,
  0x3f112245,0x3f13264d,0x3f152a55,0x3f172e5d,0x3f193265,0x3f1b366d,0x3f1d3a75,0x3f1f3e7d,
  0x3f214285,0x3f23468d,0x3f254a95,0x3f274e9d,0x3f2952a5,0x3f2b56ad,0x3f2d5ab5,0x3f2f5ebd,
  0x3f3162c6,0x3f3366ce,0x3f356ad6,0x3f376ede,0x3f3972e6,0x3f3b76ee,0x3f3d7af6,0x3f3f7efe,
  0x3f418306,0x3f43870e,0x3f458b16,0x3f478f1e,0x3f499326,0x3f4b972e,0x3f4d9b36,0x3f4f9f3e,
  0x3f51a347,0x3f53a74f,0x3f55ab57,0x3f57af5f,0x3f59b367,0x3f5bb76f,0x3f5dbb77,0x3f5fbf7f,
  0x3f61c387,0x3f63c78f,0x3f65cb97,0x3f67cf9f,0x3f69d3a7,0x3f6bd7af,0x3f6ddbb7,0x3f6fdfbf,
  0x3f71e3c8,0x3f73e7d0,0x3f75ebd8,0x3f77efe0,0x3f79f3e8,0x3f7bf7f0,0x3f7dfbf8,0x3f800000,
};
static const uint32_t JUNO_LUT57[128] = {
  0x00000000,0x3b0260b4,0x3b7d9dcf,0x3bb91d8e,0x3bf05e32,0x3c12695d,0x3c2b5e89,0x3c432f8c,
  0x3c59fd5a,0x3c6fe8e9,0x3c828994,0x3c8cce86,0x3c96d3c6,0x3ca0a9cb,0x3caa610d,0x3cb40a0a,
  0x3cbdb538,0x3cc77312,0x3cd15412,0x3cdb68b0,0x3ce5c168,0x3cf06eb0,0x3cfb8104,0x3d03846f,
  0x3d098b5c,0x3d0fdd84,0x3d168326,0x3d1d847c,0x3d24e9c5,0x3d2cbb3d,0x3d350122,0x3d3dc3ae,
  0x3d470b21,0x3d50dfb6,0x3d5b49a9,0x3d66513b,0x3d71fea4,0x3d7e5a22,0x3d85b5f7,0x3d8c9e29,
  0x3d93e9bd,0x3d9b9cd5,0x3da3bb91,0x3dac4a0e,0x3db54c6a,0x3dbec6c5,0x3dc8bd3c,0x3dd333ee,
  0x3dde2ef8,0x3de9b277,0x3df5c28f,0x3e0131ad,0x3e07cc7c,0x3e0eb3c2,0x3e15e992,0x3e1d6ff8,
  0x3e254903,0x3e2d76c4,0x3e35fb48,0x3e3ed8a0,0x3e4810de,0x3e51a60a,0x3e5b9a3a,0x3e65ef78,
  0x3e70a7d7,0x3e7bc565,0x3e83a518,0x3e899c25,0x3e8fc8de,0x3e962c4e,0x3e9cc77d,0x3ea39b6e,
  0x3eaaa930,0x3eb1f1c0,0x3eb97632,0x3ec13782,0x3ec936bf,0x3ed174ef,0x3ed9f31c,0x3ee2b244,
  0x3eebb37c,0x3ef4f7be,0x3efe801c,0x3f0426cf,0x3f0930a1,0x3f0e5e0d,0x3f13af92,0x3f1925b8,
  0x3f1ec100,0x3f2481f0,0x3f2a6909,0x3f3076d1,0x3f36abce,0x3f3d087d,0x3f438d6a,0x3f4a3b11,
  0x3f5111fa,0x3f5812aa,0x3f5f3da0,0x3f669366,0x3f6e147a,0x3f75c164,0x3f7d9aa7,0x3f82d061,
  0x3f86ea22,0x3f8b1ad2,0x3f8f62b6,0x3f93c210,0x3f983922,0x3f9cc82c,0x3fa16f74,0x3fa62f38,
  0x3fab07ba,0x3faff93c,0x3fb50404,0x3fba284e,0x3fbf665f,0x3fc4be7b,0x3fca30df,0x3fcfbdd1,
  0x3fd56592,0x3fdb2862,0x3fe10684,0x3fe70039,0x3fed15c7,0x3ff34767,0x3ff99566,0x40000000,
};
static const uint32_t JUNO_LUT58[14] = {
  0x3d28e14b,0x3d56710b,0x3d860472,0x3da78140,0x3dd65e3b,0x3e05f214,0x3e275d61,0x3e52bdc7,
  0x3e85a8a9,0x3ea6ce12,0x3ed19f64,0x3f0483ee,0x3f2493b6,0x3f4ba5b0
};
static const uint32_t JUNO_LUT59[82] = {
  0x3f800000,0x3f71adf9,0x3f642905,0x3f5765ac,0x3f4b5918,0x3f3ff911,0x3f353bef,0x3f2b1896,
  0x3f21866c,0x3f187d50,0x3f0ff59a,0x3f07e80b,0x3f004dce,0x3ef240e2,0x3ee4b3b6,0x3ed7e89b,
  0x3ecbd4b4,0x3ec06dc3,0x3eb5aa1a,0x3eab8097,0x3ea1e89b,0x3e98da02,0x3e904d1c,0x3e883aa8,
  0x3e809bcc,0x3e72d424,0x3e653ebb,0x3e586bd9,0x3e4c509b,0x3e40e2bb,0x3e361887,0x3e2be8d7,
  0x3e224b06,0x3e1936ec,0x3e10a4d3,0x3e088d77,0x3e00e9f9,0x3df367bf,0x3de5ca15,0x3dd8ef67,
  0x3dcccccd,0x3dc157fb,0x3db68738,0x3dac5156,0x3da2adad,0x3d99940e,0x3d90fcbf,0x3d88e078,
  0x3d813856,0x3d73fbb4,0x3d6655c3,0x3d597345,0x3d4d494a,0x3d41cd81,0x3d36f62b,0x3d2cba15,
  0x3d231090,0x3d19f169,0x3d1154e1,0x3d0933ac,0x3d0186e2,0x3cf49003,0x3ce6e1c6,0x3cd9f773,
  0x3ccdc614,0x3cc24350,0x3cb76563,0x3cad2314,0x3ca373af,0x3c9a4efc,0x3c91ad39,0x3c898712,
  0x3c81d59f,0x3c7524ac,0x3c676e1e,0x3c5a7bf1,0x3c4e4329,0x3c42b965,0x3c37d4dd,0x3c2d8c52,
  0x3c23d70a,0x00000000
};
static const uint32_t JUNO_LUT60[11] = {
  0x3bab929a,0x3bd67737,0x3c060a7a,0x3c2b9273,0x3c5676ec,0x3c860a30,0x3ca8e397,0x3cd675bf,
  0x3d06090a,0x3d28e14b,0x3d56710b
};
static const uint32_t JUNO_LUT61[14] = {
  0x3d28e14b,0x3d56710b,0x3d860472,0x3da78140,0x3dd65e3b,0x3e05f214,0x3e275d61,0x3e52bdc7,
  0x3e85a8a9,0x3ea6ce12,0x3ed19f64,0x3f0483ee,0x3f2493b6,0x3f4ba5b0
};
static const uint32_t JUNO_LUT62[14] = {
  0x3db3860e,0x3de5708a,0x3e0c9db1,0x3e2e4a3f,0x3e5c6ef0,0x3e88185a,0x3ea3d70a,0x3eb33333,
  0x3efae148,0x3f0f5c29,0x3f333333,0x3f47ae14,0x3f75c28f,0x3f800000
};
static const uint32_t JUNO_LUT63[256] = {
  0x3f800000,0x3f800000,0x3f800000,0x3f800000,0x3f800000,0x3f800000,0x3f800000,0x3f800000,
  0x3f800000,0x3f800000,0x3f800000,0x3f800000,0x3f800000,0x3f800000,0x3f800000,0x3f800000,
  0x3f800000,0x3f400000,0x3f400000,0x3f400000,0x3f400000,0x3f400000,0x3f400000,0x3f400000,
  0x3f400000,0x3f400000,0x3f400000,0x3f400000,0x3f400000,0x3f400000,0x3f400000,0x3f400000,
  0x3f400000,0x3f400000,0x3f2aaaab,0x3f2aaaab,0x3f2aaaab,0x3f2aaaab,0x3f2aaaab,0x3f2aaaab,
  0x3f2aaaab,0x3f2aaaab,0x3f2aaaab,0x3f2aaaab,0x3f2aaaab,0x3f2aaaab,0x3f2aaaab,0x3f2aaaab,
  0x3f2aaaab,0x3f2aaaab,0x3f2aaaab,0x3f000000,0x3f000000,0x3f000000,0x3f000000,0x3f000000,
  0x3f000000,0x3f000000,0x3f000000,0x3f000000,0x3f000000,0x3f000000,0x3f000000,0x3f000000,
  0x3f000000,0x3f000000,0x3f000000,0x3f000000,0x3ec00000,0x3ec00000,0x3ec00000,0x3ec00000,
  0x3ec00000,0x3ec00000,0x3ec00000,0x3ec00000,0x3ec00000,0x3ec00000,0x3ec00000,0x3ec00000,
  0x3ec00000,0x3ec00000,0x3ec00000,0x3ec00000,0x3ec00000,0x3eaaaaab,0x3eaaaaab,0x3eaaaaab,
  0x3eaaaaab,0x3eaaaaab,0x3eaaaaab,0x3eaaaaab,0x3eaaaaab,0x3eaaaaab,0x3eaaaaab,0x3eaaaaab,
  0x3eaaaaab,0x3eaaaaab,0x3eaaaaab,0x3eaaaaab,0x3eaaaaab,0x3eaaaaab,0x3e800000,0x3e800000,
  0x3e800000,0x3e800000,0x3e800000,0x3e800000,0x3e800000,0x3e800000,0x3e800000,0x3e800000,
  0x3e800000,0x3e800000,0x3e800000,0x3e800000,0x3e800000,0x3e800000,0x3e800000,0x3e400000,
  0x3e400000,0x3e400000,0x3e400000,0x3e400000,0x3e400000,0x3e400000,0x3e400000,0x3e400000,
  0x3e400000,0x3e400000,0x3e400000,0x3e400000,0x3e400000,0x3e400000,0x3e400000,0x3e400000,
  0x3e2aaaab,0x3e2aaaab,0x3e2aaaab,0x3e2aaaab,0x3e2aaaab,0x3e2aaaab,0x3e2aaaab,0x3e2aaaab,
  0x3e2aaaab,0x3e2aaaab,0x3e2aaaab,0x3e2aaaab,0x3e2aaaab,0x3e2aaaab,0x3e2aaaab,0x3e2aaaab,
  0x3e2aaaab,0x3e000000,0x3e000000,0x3e000000,0x3e000000,0x3e000000,0x3e000000,0x3e000000,
  0x3e000000,0x3e000000,0x3e000000,0x3e000000,0x3e000000,0x3e000000,0x3e000000,0x3e000000,
  0x3e000000,0x3e000000,0x3dc00000,0x3dc00000,0x3dc00000,0x3dc00000,0x3dc00000,0x3dc00000,
  0x3dc00000,0x3dc00000,0x3dc00000,0x3dc00000,0x3dc00000,0x3dc00000,0x3dc00000,0x3dc00000,
  0x3dc00000,0x3dc00000,0x3dc00000,0x3daaaaab,0x3daaaaab,0x3daaaaab,0x3daaaaab,0x3daaaaab,
  0x3daaaaab,0x3daaaaab,0x3daaaaab,0x3daaaaab,0x3daaaaab,0x3daaaaab,0x3daaaaab,0x3daaaaab,
  0x3daaaaab,0x3daaaaab,0x3daaaaab,0x3daaaaab,0x3d800000,0x3d800000,0x3d800000,0x3d800000,
  0x3d800000,0x3d800000,0x3d800000,0x3d800000,0x3d800000,0x3d800000,0x3d800000,0x3d800000,
  0x3d800000,0x3d800000,0x3d800000,0x3d800000,0x3d800000,0x3d400000,0x3d400000,0x3d400000,
  0x3d400000,0x3d400000,0x3d400000,0x3d400000,0x3d400000,0x3d400000,0x3d400000,0x3d400000,
  0x3d400000,0x3d400000,0x3d400000,0x3d400000,0x3d400000,0x3d400000,0x3d2aaaab,0x3d2aaaab,
  0x3d2aaaab,0x3d2aaaab,0x3d2aaaab,0x3d2aaaab,0x3d2aaaab,0x3d2aaaab,0x3d2aaaab,0x3d2aaaab,
  0x3d2aaaab,0x3d2aaaab,0x3d2aaaab,0x3d2aaaab,0x3d2aaaab,0x3d2aaaab,0x3d2aaaab,0x3d000000,
};
static const uint32_t JUNO_LUT64[14] = {
  0x3d28e14b,0x3d56710b,0x3d860472,0x3da78140,0x3dd65e3b,0x3e05f214,0x3e275d61,0x3e52bdc7,
  0x3e85a8a9,0x3ea6ce12,0x3ed19f64,0x3f0483ee,0x3f2493b6,0x3f4ba5b0
};
static const uint32_t JUNO_LUT65[17] = {
  0x3aab92a6,0x3ad6774f,0x3b071d14,0x3b2b92a3,0x3b56774a,0x3b871d10,0x3bab929a,0x3bd67737,
  0x3c060a7a,0x3c2b9273,0x3c5676ec,0x3c860a30,0x3ca8e397,0x3cd675bf,0x3d06090a,0x3d28e14b,
  0x3d56710b
};

float juno_curve(int curve_id, int value)
{
  switch (curve_id) {
    case 0: { int i = (value < 0) ? 0 : value; if (i > 255) i = 255; return juno__bits2f(JUNO_LUT0[i]); }
    case 1: { int i = (value < 0) ? 0 : value; if (i > 255) i = 255; return juno__bits2f(JUNO_LUT1[i]); }
    case 2: { int i = (value < 0) ? 0 : value; if (i > 255) i = 255; return juno__bits2f(JUNO_LUT2[i]); }
    case 3: { int i = (value < 0) ? 0 : value; if (i > 255) i = 255; return juno__bits2f(JUNO_LUT3[i]); }
    case 4: { int i = (value < 0) ? 0 : value; if (i > 23) i = 23; return juno__bits2f(JUNO_LUT4[i]); }
    case 5: { int i = (value < 0) ? 0 : value; if (i > 5) i = 5; return juno__bits2f(JUNO_LUT5[i]); }
    case 6: { int i = (value < 0) ? 0 : value; if (i > 20) i = 20; return juno__bits2f(JUNO_LUT6[i]); }
    case 7: { int i = (value < 0) ? 0 : value; if (i > 255) i = 255; return juno__bits2f(JUNO_LUT7[i]); }
    case 8: { int i = (value < 0) ? 0 : value; if (i > 3) i = 3; return juno__bits2f(JUNO_LUT8[i]); }
    case 9: { int i = (value < 0) ? 0 : value; if (i > 3) i = 3; return juno__bits2f(JUNO_LUT9[i]); }
    case 10: { int i = (value < 0) ? 0 : value; if (i > 3) i = 3; return juno__bits2f(JUNO_LUT10[i]); }
    case 11: { int i = (value < 0) ? 0 : value; if (i > 127) i = 127; return juno__bits2f(JUNO_LUT11[i]); }
    case 12: { int i = (value < 0) ? 0 : value; if (i > 255) i = 255; return juno__bits2f(JUNO_LUT12[i]); }
    case 13: { int i = (value < 0) ? 0 : value; if (i > 255) i = 255; return juno__bits2f(JUNO_LUT13[i]); }
    case 14: { int i = (value < 0) ? 0 : value; if (i > 255) i = 255; return juno__bits2f(JUNO_LUT14[i]); }
    case 15: { int i = (value < 0) ? 0 : value; if (i > 255) i = 255; return juno__bits2f(JUNO_LUT15[i]); }
    case 16: { int i = (value < 0) ? 0 : value; if (i > 255) i = 255; return juno__bits2f(JUNO_LUT16[i]); }
    case 17: { int i = (value < 0) ? 0 : value; if (i > 255) i = 255; return juno__bits2f(JUNO_LUT17[i]); }
    case 18: { int i = (value < 0) ? 0 : value; if (i > 127) i = 127; return juno__bits2f(JUNO_LUT18[i]); }
    case 19: { int i = (value < 0) ? 0 : value; if (i > 255) i = 255; return juno__bits2f(JUNO_LUT19[i]); }
    case 20: { int i = (value < 0) ? 0 : value; if (i > 255) i = 255; return juno__bits2f(JUNO_LUT20[i]); }
    case 21: { int i = (value < 0) ? 0 : value; if (i > 127) i = 127; return juno__bits2f(JUNO_LUT21[i]); }
    case 22: { int i = (value < 0) ? 0 : value; if (i > 255) i = 255; return juno__bits2f(JUNO_LUT22[i]); }
    case 23: { int i = (value < 0) ? 0 : value; if (i > 255) i = 255; return juno__bits2f(JUNO_LUT23[i]); }
    case 24: { int i = (value < 0) ? 0 : value; if (i > 255) i = 255; return juno__bits2f(JUNO_LUT24[i]); }
    case 25: { int i = (value < 0) ? 0 : value; if (i > 255) i = 255; return juno__bits2f(JUNO_LUT25[i]); }
    case 26: { int i = (value < 0) ? 0 : value; if (i > 16383) i = 16383; return juno__bits2f(JUNO_LUT26[i]); }
    case 27: { int i = (value < 0) ? 0 : value; if (i > 200) i = 200; return juno__bits2f(JUNO_LUT27[i]); }
    case 28: { int i = (value < 0) ? 0 : value; if (i > 255) i = 255; return juno__bits2f(JUNO_LUT28[i]); }
    case 29: { int i = (value < 0) ? 0 : value; if (i > 255) i = 255; return juno__bits2f(JUNO_LUT29[i]); }
    case 30: { int i = (value < 0) ? 0 : value; if (i > 255) i = 255; return juno__bits2f(JUNO_LUT30[i]); }
    case 31: { int i = (value < 0) ? 0 : value; if (i > 255) i = 255; return juno__bits2f(JUNO_LUT31[i]); }
    case 32: { int i = (value < 0) ? 0 : value; if (i > 127) i = 127; return juno__bits2f(JUNO_LUT32[i]); }
    case 33: { int i = (value < 0) ? 0 : value; if (i > 255) i = 255; return juno__bits2f(JUNO_LUT33[i]); }
    case 34: { int i = (value < 0) ? 0 : value; if (i > 255) i = 255; return juno__bits2f(JUNO_LUT34[i]); }
    case 35: { int i = (value < 0) ? 0 : value; if (i > 255) i = 255; return juno__bits2f(JUNO_LUT35[i]); }
    case 36: { int i = (value < 0) ? 0 : value; if (i > 255) i = 255; return juno__bits2f(JUNO_LUT36[i]); }
    case 37: { int i = (value < 0) ? 0 : value; if (i > 255) i = 255; return juno__bits2f(JUNO_LUT37[i]); }
    case 38: { int i = (value < 0) ? 0 : value; if (i > 255) i = 255; return juno__bits2f(JUNO_LUT38[i]); }
    case 39: { int i = (value < 0) ? 0 : value; if (i > 255) i = 255; return juno__bits2f(JUNO_LUT39[i]); }
    case 40: { int i = (value < 0) ? 0 : value; if (i > 255) i = 255; return juno__bits2f(JUNO_LUT40[i]); }
    case 41: { int i = (value < 0) ? 0 : value; if (i > 255) i = 255; return juno__bits2f(JUNO_LUT41[i]); }
    case 42: { int i = (value < 0) ? 0 : value; if (i > 255) i = 255; return juno__bits2f(JUNO_LUT42[i]); }
    case 43: { int i = (value < 0) ? 0 : value; if (i > 255) i = 255; return juno__bits2f(JUNO_LUT43[i]); }
    case 44: { int i = (value < 0) ? 0 : value; if (i > 255) i = 255; return juno__bits2f(JUNO_LUT44[i]); }
    case 45: { int i = (value < 0) ? 0 : value; if (i > 255) i = 255; return juno__bits2f(JUNO_LUT45[i]); }
    case 46: { int i = (value < 0) ? 0 : value; if (i > 255) i = 255; return juno__bits2f(JUNO_LUT46[i]); }
    case 47: { int i = (value < 0) ? 0 : value; if (i > 255) i = 255; return juno__bits2f(JUNO_LUT47[i]); }
    case 48: { int i = (value < 0) ? 0 : value; if (i > 255) i = 255; return juno__bits2f(JUNO_LUT48[i]); }
    case 49: { int i = (value < 0) ? 0 : value; if (i > 255) i = 255; return juno__bits2f(JUNO_LUT49[i]); }
    case 50: { int i = (value < 0) ? 0 : value; if (i > 255) i = 255; return juno__bits2f(JUNO_LUT50[i]); }
    case 51: { int i = (value < 0) ? 0 : value; if (i > 1) i = 1; return juno__bits2f(JUNO_LUT51[i]); }
    case 52: { int i = (value < 0) ? 0 : value; if (i > 1) i = 1; return juno__bits2f(JUNO_LUT52[i]); }
    case 53: { int i = (value < 100) ? 100 : value; if (i > 3000) i = 3000; return juno__bits2f(JUNO_LUT53[i]); }
    case 54: { int i = (value < 0) ? 0 : value; if (i > 255) i = 255; return juno__bits2f(JUNO_LUT54[i]); }
    case 55: { int i = (value < 0) ? 0 : value; if (i > 200) i = 200; return juno__bits2f(JUNO_LUT55[i]); }
    case 56: { int i = (value < 0) ? 0 : value; if (i > 127) i = 127; return juno__bits2f(JUNO_LUT56[i]); }
    case 57: { int i = (value < 0) ? 0 : value; if (i > 127) i = 127; return juno__bits2f(JUNO_LUT57[i]); }
    case 58: { int i = (value < 0) ? 0 : value; if (i > 13) i = 13; return juno__bits2f(JUNO_LUT58[i]); }
    case 59: { int i = (value < 0) ? 0 : value; if (i > 81) i = 81; return juno__bits2f(JUNO_LUT59[i]); }
    case 60: { int i = (value < 0) ? 0 : value; if (i > 10) i = 10; return juno__bits2f(JUNO_LUT60[i]); }
    case 61: { int i = (value < 0) ? 0 : value; if (i > 13) i = 13; return juno__bits2f(JUNO_LUT61[i]); }
    case 62: { int i = (value < 0) ? 0 : value; if (i > 13) i = 13; return juno__bits2f(JUNO_LUT62[i]); }
    case 63: { int i = (value < 0) ? 0 : value; if (i > 255) i = 255; return juno__bits2f(JUNO_LUT63[i]); }
    case 64: { int i = (value < 0) ? 0 : value; if (i > 13) i = 13; return juno__bits2f(JUNO_LUT64[i]); }
    case 65: { int i = (value < 0) ? 0 : value; if (i > 16) i = 16; return juno__bits2f(JUNO_LUT65[i]); }
    default: return 0.0f;
  }
}

